2025-10-02 17:03:49,511 - INFO - === INICIANDO MONITOREO DE CAMPAÑAS ===
2025-10-02 17:03:49,512 - INFO - Leyendo datos del archivo consolidado de horas soporte
2025-10-02 17:03:49,522 - INFO - Columnas mapeadas: {'SEPTIEMBRE': 'CLIENTE', 'Unnamed: 1': 'AREA_CAMPAÑA', 'Horas Soporte Merpes': 'HORAS_MERPES_ASIGNADAS', 'Unnamed: 3': 'HORAS_MERPES_CONSUMIDAS', 'Unnamed: 4': 'HORAS_MERPES_DISPONIBLES', 'Horas Soporte Zoftinium': 'HORAS_ZOFTINIUM_ASIGNADAS', 'Unnamed: 7': 'HORAS_ZOFTINIUM_CONSUMIDAS', 'Piezas diseño': 'PIEZAS_DISEÑO_ASIGNADAS'}
2025-10-02 17:03:49,524 - INFO - Columna 'HORAS_MERPES_ASIGNADAS' convertida a numérica
2025-10-02 17:03:49,524 - INFO - Columna 'HORAS_MERPES_CONSUMIDAS' convertida a numérica
2025-10-02 17:03:49,525 - INFO - Columna 'HORAS_ZOFTINIUM_ASIGNADAS' convertida a numérica
2025-10-02 17:03:49,525 - INFO - Columna 'HORAS_ZOFTINIUM_CONSUMIDAS' convertida a numérica
2025-10-02 17:03:49,526 - INFO - Columna 'PIEZAS_DISEÑO_ASIGNADAS' convertida a numérica
2025-10-02 17:03:49,526 - INFO - Columna 'PIEZAS_DISEÑO_CONSUMIDAS' creada con valor por defecto: 0
2025-10-02 17:03:49,528 - INFO - Datos leídos exitosamente. Total clientes: 42
2025-10-02 17:03:49,528 - ERROR - Error al cargar mapeo de correos: 'CORREOS'
2025-10-02 17:03:49,528 - INFO - Se generaron 0 reportes mensuales
2025-10-02 17:03:49,529 - INFO - No se encontraron clientes con correos definidos para generar reportes
2025-10-02 17:04:15,882 - INFO - === INICIANDO MONITOREO DE CAMPAÑAS ===
2025-10-02 17:04:15,883 - INFO - Leyendo datos del archivo consolidado de horas soporte
2025-10-02 17:04:15,893 - INFO - Columnas mapeadas: {'SEPTIEMBRE': 'CLIENTE', 'Unnamed: 1': 'AREA_CAMPAÑA', 'Horas Soporte Merpes': 'HORAS_MERPES_ASIGNADAS', 'Unnamed: 3': 'HORAS_MERPES_CONSUMIDAS', 'Unnamed: 4': 'HORAS_MERPES_DISPONIBLES', 'Horas Soporte Zoftinium': 'HORAS_ZOFTINIUM_ASIGNADAS', 'Unnamed: 7': 'HORAS_ZOFTINIUM_CONSUMIDAS', 'Piezas diseño': 'PIEZAS_DISEÑO_ASIGNADAS', 'Unnamed: 11': 'PIEZAS_DISEÑO_CONSUMIDAS'}
2025-10-02 17:04:15,895 - INFO - Columna 'HORAS_MERPES_ASIGNADAS' convertida a numérica
2025-10-02 17:04:15,896 - INFO - Columna 'HORAS_MERPES_CONSUMIDAS' convertida a numérica
2025-10-02 17:04:15,896 - INFO - Columna 'HORAS_ZOFTINIUM_ASIGNADAS' convertida a numérica
2025-10-02 17:04:15,897 - INFO - Columna 'HORAS_ZOFTINIUM_CONSUMIDAS' convertida a numérica
2025-10-02 17:04:15,897 - INFO - Columna 'PIEZAS_DISEÑO_ASIGNADAS' convertida a numérica
2025-10-02 17:04:15,897 - INFO - Columna 'PIEZAS_DISEÑO_CONSUMIDAS' convertida a numérica
2025-10-02 17:04:15,899 - INFO - Datos leídos exitosamente. Total clientes: 42
2025-10-02 17:04:15,900 - ERROR - Error al cargar mapeo de correos: 'CORREOS'
2025-10-02 17:04:15,900 - INFO - Se generaron 0 reportes mensuales
2025-10-02 17:04:15,900 - INFO - No se encontraron clientes con correos definidos para generar reportes
2025-10-02 17:06:45,112 - INFO - === INICIANDO MONITOREO DE CAMPAÑAS ===
2025-10-02 17:06:45,112 - INFO - Leyendo datos del archivo consolidado de horas soporte
2025-10-02 17:06:45,122 - INFO - Columnas mapeadas: {'SEPTIEMBRE': 'CLIENTE', 'Unnamed: 1': 'AREA_CAMPAÑA', 'Horas Soporte Merpes': 'HORAS_MERPES_ASIGNADAS', 'Unnamed: 3': 'HORAS_MERPES_CONSUMIDAS', 'Unnamed: 4': 'HORAS_MERPES_DISPONIBLES', 'Horas Soporte Zoftinium': 'HORAS_ZOFTINIUM_ASIGNADAS', 'Unnamed: 7': 'HORAS_ZOFTINIUM_CONSUMIDAS', 'Piezas diseño': 'PIEZAS_DISEÑO_ASIGNADAS', 'Unnamed: 9': 'PIEZAS_DISEÑO_CONSUMIDAS', 'Unnamed: 10': 'PIEZAS_DISEÑO_DISPONIBLES', 'Correos': 'CORREOS'}
2025-10-02 17:06:45,123 - INFO - Columna 'HORAS_MERPES_ASIGNADAS' convertida a numérica
2025-10-02 17:06:45,123 - INFO - Columna 'HORAS_MERPES_CONSUMIDAS' convertida a numérica
2025-10-02 17:06:45,124 - INFO - Columna 'HORAS_ZOFTINIUM_ASIGNADAS' convertida a numérica
2025-10-02 17:06:45,124 - INFO - Columna 'HORAS_ZOFTINIUM_CONSUMIDAS' convertida a numérica
2025-10-02 17:06:45,125 - INFO - Columna 'PIEZAS_DISEÑO_ASIGNADAS' convertida a numérica
2025-10-02 17:06:45,125 - INFO - Columna 'PIEZAS_DISEÑO_CONSUMIDAS' convertida a numérica
2025-10-02 17:06:45,126 - INFO - Datos leídos exitosamente. Total clientes: 42
2025-10-02 17:06:45,127 - INFO - Mapeo de correos cargado: 1 clientes con correos definidos
2025-10-02 17:06:45,127 - INFO -   • Diageo CA: desarrolloweb@grupomerpes.com, d.web1@grupomerpes.com
2025-10-02 17:06:45,128 - INFO - Reporte generado para Diageo CA: Merpes 2.9/8h (36.2%), Zoftinium 1.4000000000000001/3h (46.7%), Diseño 3/12 piezas (25.0%)
2025-10-02 17:06:45,128 - INFO - Se generaron 1 reportes mensuales
2025-10-02 17:06:45,130 - WARNING - Imagen no encontrada: MAIL-REPORTE_06.png
2025-10-02 17:06:47,365 - INFO - Email enviado exitosamente a: desarrolloweb@grupomerpes.com, d.web1@grupomerpes.com
2025-10-02 17:06:48,366 - INFO - === RESUMEN DE EJECUCIÓN ===
2025-10-02 17:06:48,366 - INFO - Total de reportes generados: 1
2025-10-02 17:06:48,367 - INFO - Emails enviados exitosamente: 1
2025-10-02 17:06:48,367 - INFO - Errores en envío: 0
2025-10-02 17:06:48,367 - INFO - Clientes procesados: Diageo CA
2025-10-02 17:06:48,368 - INFO - Archivo temporal eliminado
2025-10-02 17:14:13,380 - INFO - === INICIANDO MONITOREO DE CAMPAÑAS ===
2025-10-02 17:14:13,381 - INFO - Leyendo datos del archivo consolidado de horas soporte
2025-10-02 17:14:13,394 - INFO - Columnas mapeadas: {'SEPTIEMBRE': 'CLIENTE', 'Unnamed: 1': 'AREA_CAMPAÑA', 'Horas Soporte Merpes': 'HORAS_MERPES_ASIGNADAS', 'Unnamed: 3': 'HORAS_MERPES_CONSUMIDAS', 'Unnamed: 4': 'HORAS_MERPES_DISPONIBLES', 'Horas Soporte Zoftinium': 'HORAS_ZOFTINIUM_ASIGNADAS', 'Unnamed: 7': 'HORAS_ZOFTINIUM_CONSUMIDAS', 'Piezas diseño': 'PIEZAS_DISEÑO_ASIGNADAS', 'Unnamed: 9': 'PIEZAS_DISEÑO_CONSUMIDAS', 'Unnamed: 10': 'PIEZAS_DISEÑO_DISPONIBLES', 'Correos': 'CORREOS'}
2025-10-02 17:14:13,395 - INFO - Columna 'HORAS_MERPES_ASIGNADAS' convertida a numérica
2025-10-02 17:14:13,396 - INFO - Columna 'HORAS_MERPES_CONSUMIDAS' convertida a numérica
2025-10-02 17:14:13,396 - INFO - Columna 'HORAS_ZOFTINIUM_ASIGNADAS' convertida a numérica
2025-10-02 17:14:13,396 - INFO - Columna 'HORAS_ZOFTINIUM_CONSUMIDAS' convertida a numérica
2025-10-02 17:14:13,397 - INFO - Columna 'PIEZAS_DISEÑO_ASIGNADAS' convertida a numérica
2025-10-02 17:14:13,397 - INFO - Columna 'PIEZAS_DISEÑO_CONSUMIDAS' convertida a numérica
2025-10-02 17:14:13,398 - INFO - Datos leídos exitosamente. Total clientes: 42
2025-10-02 17:14:13,398 - INFO - Mapeo de correos cargado: 4 clientes con correos definidos
2025-10-02 17:14:13,398 - INFO -   • Kimberly Clark CO: kupaa@grupomerpes.com, jefediseno@grupomerpes.com, desarrolloweb@grupomerpes.com
2025-10-02 17:14:13,398 - INFO -   • Kimberly Clark PE: kupaa@grupomerpes.com, jefediseno@grupomerpes.com, desarrolloweb@grupomerpes.com
2025-10-02 17:14:13,398 - INFO -   • Opella CO: kupaa@grupomerpes.com, jefediseno@grupomerpes.com, desarrolloweb@grupomerpes.com
2025-10-02 17:14:13,398 - INFO -   • Vanti CO: kupaa@grupomerpes.com, jefediseno@grupomerpes.com, desarrolloweb@grupomerpes.com
2025-10-02 17:14:13,399 - INFO - Reporte generado para Kimberly Clark CO: Merpes 2.9/4h (72.5%), Zoftinium 2.8/4h (70.0%), Diseño 4/8 piezas (50.0%)
2025-10-02 17:14:13,400 - INFO - Reporte generado para Kimberly Clark PE: Merpes 1.9/4h (47.5%), Zoftinium 3.8/4h (95.0%), Diseño 0/7 piezas (0.0%)
2025-10-02 17:14:13,400 - INFO - Reporte generado para Opella CO: Merpes 37.6/24h (156.7%), Zoftinium -30.5/12h (-254.2%), Diseño 6/5 piezas (120.0%)
2025-10-02 17:14:13,401 - INFO - Reporte generado para Vanti CO: Merpes 3.5/8h (43.8%), Zoftinium 3.8/4h (95.0%), Diseño 22/10 piezas (220.0%)
2025-10-02 17:14:13,401 - INFO - Se generaron 4 reportes mensuales
2025-10-02 17:14:13,403 - WARNING - Imagen no encontrada: MAIL-REPORTE_06.png
2025-10-02 17:14:15,622 - INFO - Email enviado exitosamente a: kupaa@grupomerpes.com, jefediseno@grupomerpes.com, desarrolloweb@grupomerpes.com
2025-10-02 17:14:16,625 - WARNING - Imagen no encontrada: MAIL-REPORTE_06.png
2025-10-02 17:14:18,605 - INFO - Email enviado exitosamente a: kupaa@grupomerpes.com, jefediseno@grupomerpes.com, desarrolloweb@grupomerpes.com
2025-10-02 17:14:19,608 - WARNING - Imagen no encontrada: MAIL-REPORTE_06.png
2025-10-02 17:14:21,724 - INFO - Email enviado exitosamente a: kupaa@grupomerpes.com, jefediseno@grupomerpes.com, desarrolloweb@grupomerpes.com
2025-10-02 17:14:22,726 - WARNING - Imagen no encontrada: MAIL-REPORTE_06.png
2025-10-02 17:14:24,630 - INFO - Email enviado exitosamente a: kupaa@grupomerpes.com, jefediseno@grupomerpes.com, desarrolloweb@grupomerpes.com
2025-10-02 17:14:25,631 - INFO - === RESUMEN DE EJECUCIÓN ===
2025-10-02 17:14:25,631 - INFO - Total de reportes generados: 4
2025-10-02 17:14:25,631 - INFO - Emails enviados exitosamente: 4
2025-10-02 17:14:25,632 - INFO - Errores en envío: 0
2025-10-02 17:14:25,632 - INFO - Clientes procesados: Kimberly Clark CO, Kimberly Clark PE, Opella CO, Vanti CO
2025-10-02 17:14:25,633 - INFO - Archivo temporal eliminado
2025-10-02 17:24:01,673 - INFO - === INICIANDO MONITOREO DE CAMPAÑAS ===
2025-10-02 17:24:01,674 - INFO - Leyendo datos del archivo consolidado de horas soporte
2025-10-02 17:24:01,683 - INFO - Columnas mapeadas: {'SEPTIEMBRE': 'CLIENTE', 'Unnamed: 1': 'AREA_CAMPAÑA', 'Horas Soporte Merpes': 'HORAS_MERPES_ASIGNADAS', 'Unnamed: 3': 'HORAS_MERPES_CONSUMIDAS', 'Unnamed: 4': 'HORAS_MERPES_DISPONIBLES', 'Horas Soporte Zoftinium': 'HORAS_ZOFTINIUM_ASIGNADAS', 'Unnamed: 6': 'HORAS_ZOFTINIUM_CONSUMIDAS', 'Unnamed: 7': 'HORAS_ZOFTINIUM_DISPONIBLES', 'Piezas diseño': 'PIEZAS_DISEÑO_ASIGNADAS', 'Unnamed: 9': 'PIEZAS_DISEÑO_CONSUMIDAS', 'Unnamed: 10': 'PIEZAS_DISEÑO_DISPONIBLES', 'Correos': 'CORREOS'}
2025-10-02 17:24:01,684 - INFO - Columna 'HORAS_MERPES_ASIGNADAS' convertida a numérica
2025-10-02 17:24:01,685 - INFO - Columna 'HORAS_MERPES_CONSUMIDAS' convertida a numérica
2025-10-02 17:24:01,685 - INFO - Columna 'HORAS_ZOFTINIUM_ASIGNADAS' convertida a numérica
2025-10-02 17:24:01,686 - INFO - Columna 'HORAS_ZOFTINIUM_CONSUMIDAS' convertida a numérica
2025-10-02 17:24:01,686 - INFO - Columna 'PIEZAS_DISEÑO_ASIGNADAS' convertida a numérica
2025-10-02 17:24:01,686 - INFO - Columna 'PIEZAS_DISEÑO_CONSUMIDAS' convertida a numérica
2025-10-02 17:24:01,687 - INFO - Datos leídos exitosamente. Total clientes: 42
2025-10-02 17:24:01,688 - INFO - Mapeo de correos cargado: 1 clientes con correos definidos
2025-10-02 17:24:01,688 - INFO -   • Opella CO: kupaa@grupomerpes.com, jefediseno@grupomerpes.com, desarrolloweb@grupomerpes.com
2025-10-02 17:24:01,689 - INFO - Reporte generado para Opella CO: Merpes 37.6/24h (156.7%), Zoftinium 42.5/12h (354.2%), Diseño 6/5 piezas (120.0%)
2025-10-02 17:24:01,689 - INFO - Se generaron 1 reportes mensuales
2025-10-02 17:24:01,691 - WARNING - Imagen no encontrada: MAIL-REPORTE_06.png
2025-10-02 17:24:04,031 - INFO - Email enviado exitosamente a: kupaa@grupomerpes.com, jefediseno@grupomerpes.com, desarrolloweb@grupomerpes.com
2025-10-02 17:24:05,032 - INFO - === RESUMEN DE EJECUCIÓN ===
2025-10-02 17:24:05,032 - INFO - Total de reportes generados: 1
2025-10-02 17:24:05,033 - INFO - Emails enviados exitosamente: 1
2025-10-02 17:24:05,033 - INFO - Errores en envío: 0
2025-10-02 17:24:05,034 - INFO - Clientes procesados: Opella CO
2025-10-02 17:24:05,034 - INFO - Archivo temporal eliminado
2025-10-02 17:26:21,200 - INFO - === INICIANDO MONITOREO DE CAMPAÑAS ===
2025-10-02 17:26:21,201 - INFO - Leyendo datos del archivo consolidado de horas soporte
2025-10-02 17:26:21,212 - INFO - Columnas mapeadas: {'SEPTIEMBRE': 'CLIENTE', 'Unnamed: 1': 'AREA_CAMPAÑA', 'Horas Soporte Merpes': 'HORAS_MERPES_ASIGNADAS', 'Unnamed: 3': 'HORAS_MERPES_CONSUMIDAS', 'Unnamed: 4': 'HORAS_MERPES_DISPONIBLES', 'Horas Soporte Zoftinium': 'HORAS_ZOFTINIUM_ASIGNADAS', 'Unnamed: 6': 'HORAS_ZOFTINIUM_CONSUMIDAS', 'Unnamed: 7': 'HORAS_ZOFTINIUM_DISPONIBLES', 'Piezas diseño': 'PIEZAS_DISEÑO_ASIGNADAS', 'Unnamed: 9': 'PIEZAS_DISEÑO_CONSUMIDAS', 'Unnamed: 10': 'PIEZAS_DISEÑO_DISPONIBLES', 'Correos': 'CORREOS'}
2025-10-02 17:26:21,213 - INFO - Columna 'HORAS_MERPES_ASIGNADAS' convertida a numérica
2025-10-02 17:26:21,214 - INFO - Columna 'HORAS_MERPES_CONSUMIDAS' convertida a numérica
2025-10-02 17:26:21,214 - INFO - Columna 'HORAS_ZOFTINIUM_ASIGNADAS' convertida a numérica
2025-10-02 17:26:21,215 - INFO - Columna 'HORAS_ZOFTINIUM_CONSUMIDAS' convertida a numérica
2025-10-02 17:26:21,215 - INFO - Columna 'PIEZAS_DISEÑO_ASIGNADAS' convertida a numérica
2025-10-02 17:26:21,215 - INFO - Columna 'PIEZAS_DISEÑO_CONSUMIDAS' convertida a numérica
2025-10-02 17:26:21,216 - INFO - Datos leídos exitosamente. Total clientes: 42
2025-10-02 17:26:21,216 - INFO - Mapeo de correos cargado: 1 clientes con correos definidos
2025-10-02 17:26:21,217 - INFO -   • Opella CO: kupaa@grupomerpes.com, desarrolloweb@grupomerpes.com
2025-10-02 17:26:21,217 - INFO - Reporte generado para Opella CO: Merpes 37.6/24h (156.7%), Zoftinium 42.5/12h (354.2%), Diseño 6/5 piezas (120.0%)
2025-10-02 17:26:21,217 - INFO - Se generaron 1 reportes mensuales
2025-10-02 17:26:21,219 - WARNING - Imagen no encontrada: MAIL-REPORTE_06.png
2025-10-02 17:26:23,283 - INFO - Email enviado exitosamente a: kupaa@grupomerpes.com, desarrolloweb@grupomerpes.com
2025-10-02 17:26:24,284 - INFO - === RESUMEN DE EJECUCIÓN ===
2025-10-02 17:26:24,284 - INFO - Total de reportes generados: 1
2025-10-02 17:26:24,285 - INFO - Emails enviados exitosamente: 1
2025-10-02 17:26:24,285 - INFO - Errores en envío: 0
2025-10-02 17:26:24,285 - INFO - Clientes procesados: Opella CO
2025-10-02 17:26:24,286 - INFO - Archivo temporal eliminado
2025-10-02 17:28:25,109 - INFO - === INICIANDO MONITOREO DE CAMPAÑAS ===
2025-10-02 17:28:25,109 - INFO - Leyendo datos del archivo consolidado de horas soporte
2025-10-02 17:28:25,120 - INFO - Columnas mapeadas: {'SEPTIEMBRE': 'CLIENTE', 'Unnamed: 1': 'AREA_CAMPAÑA', 'Horas Soporte Merpes': 'HORAS_MERPES_ASIGNADAS', 'Unnamed: 3': 'HORAS_MERPES_CONSUMIDAS', 'Unnamed: 4': 'HORAS_MERPES_DISPONIBLES', 'Horas Soporte Zoftinium': 'HORAS_ZOFTINIUM_ASIGNADAS', 'Unnamed: 6': 'HORAS_ZOFTINIUM_CONSUMIDAS', 'Unnamed: 7': 'HORAS_ZOFTINIUM_DISPONIBLES', 'Piezas diseño': 'PIEZAS_DISEÑO_ASIGNADAS', 'Unnamed: 9': 'PIEZAS_DISEÑO_CONSUMIDAS', 'Unnamed: 10': 'PIEZAS_DISEÑO_DISPONIBLES', 'Correos': 'CORREOS'}
2025-10-02 17:28:25,121 - INFO - Columna 'HORAS_MERPES_ASIGNADAS' convertida a numérica
2025-10-02 17:28:25,121 - INFO - Columna 'HORAS_MERPES_CONSUMIDAS' convertida a numérica
2025-10-02 17:28:25,122 - INFO - Columna 'HORAS_ZOFTINIUM_ASIGNADAS' convertida a numérica
2025-10-02 17:28:25,122 - INFO - Columna 'HORAS_ZOFTINIUM_CONSUMIDAS' convertida a numérica
2025-10-02 17:28:25,123 - INFO - Columna 'PIEZAS_DISEÑO_ASIGNADAS' convertida a numérica
2025-10-02 17:28:25,123 - INFO - Columna 'PIEZAS_DISEÑO_CONSUMIDAS' convertida a numérica
2025-10-02 17:28:25,124 - INFO - Datos leídos exitosamente. Total clientes: 42
2025-10-02 17:28:25,124 - INFO - Mapeo de correos cargado: 1 clientes con correos definidos
2025-10-02 17:28:25,125 - INFO -   • Opella CO: kupaa@grupomerpes.com, desarrolloweb@grupomerpes.com
2025-10-02 17:28:25,126 - INFO - Reporte generado para Opella CO: Merpes 37.6/24h (156.7%), Zoftinium 42.5/12h (354.2%), Diseño 6/5 piezas (120.0%)
2025-10-02 17:28:25,126 - INFO - Se generaron 1 reportes mensuales
2025-10-02 17:28:25,128 - WARNING - Imagen no encontrada: MAIL-REPORTE_06.png
2025-10-02 17:28:27,073 - INFO - Email enviado exitosamente a: kupaa@grupomerpes.com, desarrolloweb@grupomerpes.com
2025-10-02 17:28:28,074 - INFO - === RESUMEN DE EJECUCIÓN ===
2025-10-02 17:28:28,074 - INFO - Total de reportes generados: 1
2025-10-02 17:28:28,074 - INFO - Emails enviados exitosamente: 1
2025-10-02 17:28:28,075 - INFO - Errores en envío: 0
2025-10-02 17:28:28,075 - INFO - Clientes procesados: Opella CO
2025-10-02 17:28:28,075 - INFO - Archivo temporal eliminado
2025-10-02 17:30:12,103 - INFO - === INICIANDO MONITOREO DE CAMPAÑAS ===
2025-10-02 17:30:12,103 - INFO - Leyendo datos del archivo consolidado de horas soporte
2025-10-02 17:30:12,112 - INFO - Columnas mapeadas: {'SEPTIEMBRE': 'CLIENTE', 'Unnamed: 1': 'AREA_CAMPAÑA', 'Horas Soporte Merpes': 'HORAS_MERPES_ASIGNADAS', 'Unnamed: 3': 'HORAS_MERPES_CONSUMIDAS', 'Unnamed: 4': 'HORAS_MERPES_DISPONIBLES', 'Horas Soporte Zoftinium': 'HORAS_ZOFTINIUM_ASIGNADAS', 'Unnamed: 6': 'HORAS_ZOFTINIUM_CONSUMIDAS', 'Unnamed: 7': 'HORAS_ZOFTINIUM_DISPONIBLES', 'Piezas diseño': 'PIEZAS_DISEÑO_ASIGNADAS', 'Unnamed: 9': 'PIEZAS_DISEÑO_CONSUMIDAS', 'Unnamed: 10': 'PIEZAS_DISEÑO_DISPONIBLES', 'Correos': 'CORREOS'}
2025-10-02 17:30:12,113 - INFO - Columna 'HORAS_MERPES_ASIGNADAS' convertida a numérica
2025-10-02 17:30:12,113 - INFO - Columna 'HORAS_MERPES_CONSUMIDAS' convertida a numérica
2025-10-02 17:30:12,114 - INFO - Columna 'HORAS_ZOFTINIUM_ASIGNADAS' convertida a numérica
2025-10-02 17:30:12,114 - INFO - Columna 'HORAS_ZOFTINIUM_CONSUMIDAS' convertida a numérica
2025-10-02 17:30:12,115 - INFO - Columna 'PIEZAS_DISEÑO_ASIGNADAS' convertida a numérica
2025-10-02 17:30:12,115 - INFO - Columna 'PIEZAS_DISEÑO_CONSUMIDAS' convertida a numérica
2025-10-02 17:30:12,116 - INFO - Datos leídos exitosamente. Total clientes: 42
2025-10-02 17:30:12,116 - INFO - Mapeo de correos cargado: 1 clientes con correos definidos
2025-10-02 17:30:12,117 - INFO -   • Opella CO: kupaa@grupomerpes.com, desarrolloweb@grupomerpes.com
2025-10-02 17:30:12,117 - INFO - Reporte generado para Opella CO: Merpes 37.6/24h (156.7%), Zoftinium 42.5/12h (354.2%), Diseño 6/5 piezas (120.0%)
2025-10-02 17:30:12,117 - INFO - Se generaron 1 reportes mensuales
2025-10-02 17:30:12,119 - WARNING - Imagen no encontrada: MAIL-REPORTE_06.png
2025-10-02 17:30:14,128 - INFO - Email enviado exitosamente a: kupaa@grupomerpes.com, desarrolloweb@grupomerpes.com
2025-10-02 17:30:15,128 - INFO - === RESUMEN DE EJECUCIÓN ===
2025-10-02 17:30:15,129 - INFO - Total de reportes generados: 1
2025-10-02 17:30:15,129 - INFO - Emails enviados exitosamente: 1
2025-10-02 17:30:15,129 - INFO - Errores en envío: 0
2025-10-02 17:30:15,129 - INFO - Clientes procesados: Opella CO
2025-10-02 17:30:15,130 - INFO - Archivo temporal eliminado
2025-10-02 17:32:16,627 - INFO - === INICIANDO MONITOREO DE CAMPAÑAS ===
2025-10-02 17:32:16,628 - INFO - Leyendo datos del archivo consolidado de horas soporte
2025-10-02 17:32:16,640 - INFO - Columnas mapeadas: {'SEPTIEMBRE': 'CLIENTE', 'Unnamed: 1': 'AREA_CAMPAÑA', 'Horas Soporte Merpes': 'HORAS_MERPES_ASIGNADAS', 'Unnamed: 3': 'HORAS_MERPES_CONSUMIDAS', 'Unnamed: 4': 'HORAS_MERPES_DISPONIBLES', 'Horas Soporte Zoftinium': 'HORAS_ZOFTINIUM_ASIGNADAS', 'Unnamed: 6': 'HORAS_ZOFTINIUM_CONSUMIDAS', 'Unnamed: 7': 'HORAS_ZOFTINIUM_DISPONIBLES', 'Piezas diseño': 'PIEZAS_DISEÑO_ASIGNADAS', 'Unnamed: 9': 'PIEZAS_DISEÑO_CONSUMIDAS', 'Unnamed: 10': 'PIEZAS_DISEÑO_DISPONIBLES', 'Correos': 'CORREOS'}
2025-10-02 17:32:16,641 - INFO - Columna 'HORAS_MERPES_ASIGNADAS' convertida a numérica
2025-10-02 17:32:16,641 - INFO - Columna 'HORAS_MERPES_CONSUMIDAS' convertida a numérica
2025-10-02 17:32:16,642 - INFO - Columna 'HORAS_ZOFTINIUM_ASIGNADAS' convertida a numérica
2025-10-02 17:32:16,642 - INFO - Columna 'HORAS_ZOFTINIUM_CONSUMIDAS' convertida a numérica
2025-10-02 17:32:16,643 - INFO - Columna 'PIEZAS_DISEÑO_ASIGNADAS' convertida a numérica
2025-10-02 17:32:16,643 - INFO - Columna 'PIEZAS_DISEÑO_CONSUMIDAS' convertida a numérica
2025-10-02 17:32:16,643 - INFO - Datos leídos exitosamente. Total clientes: 42
2025-10-02 17:32:16,644 - INFO - Mapeo de correos cargado: 1 clientes con correos definidos
2025-10-02 17:32:16,644 - INFO -   • Opella CO: jefediseno@grupomerpes.com
2025-10-02 17:32:16,645 - INFO - Reporte generado para Opella CO: Merpes 37.6/24h (156.7%), Zoftinium 42.5/12h (354.2%), Diseño 6/5 piezas (120.0%)
2025-10-02 17:32:16,645 - INFO - Se generaron 1 reportes mensuales
2025-10-02 17:32:16,646 - WARNING - Imagen no encontrada: MAIL-REPORTE_06.png
2025-10-02 17:32:18,703 - INFO - Email enviado exitosamente a: jefediseno@grupomerpes.com
2025-10-02 17:32:19,704 - INFO - === RESUMEN DE EJECUCIÓN ===
2025-10-02 17:32:19,705 - INFO - Total de reportes generados: 1
2025-10-02 17:32:19,705 - INFO - Emails enviados exitosamente: 1
2025-10-02 17:32:19,705 - INFO - Errores en envío: 0
2025-10-02 17:32:19,706 - INFO - Clientes procesados: Opella CO
2025-10-02 17:32:19,706 - INFO - Archivo temporal eliminado
2025-10-03 09:42:38,076 - INFO - === INICIANDO MONITOREO DE CAMPAÑAS ===
2025-10-03 09:42:38,078 - INFO - Leyendo datos del archivo consolidado de horas soporte
2025-10-03 09:42:38,089 - INFO - Columnas mapeadas: {'SEPTIEMBRE': 'CLIENTE', 'Unnamed: 1': 'AREA_CAMPAÑA', 'Horas Soporte Merpes': 'HORAS_MERPES_ASIGNADAS', 'Unnamed: 3': 'HORAS_MERPES_CONSUMIDAS', 'Unnamed: 4': 'HORAS_MERPES_DISPONIBLES', 'Horas Soporte Zoftinium': 'HORAS_ZOFTINIUM_ASIGNADAS', 'Unnamed: 6': 'HORAS_ZOFTINIUM_CONSUMIDAS', 'Unnamed: 7': 'HORAS_ZOFTINIUM_DISPONIBLES', 'Piezas diseño': 'PIEZAS_DISEÑO_ASIGNADAS', 'Unnamed: 9': 'PIEZAS_DISEÑO_CONSUMIDAS', 'Unnamed: 10': 'PIEZAS_DISEÑO_DISPONIBLES', 'Correos': 'CORREOS'}
2025-10-03 09:42:38,097 - INFO - Columna 'HORAS_MERPES_ASIGNADAS' convertida a numérica
2025-10-03 09:42:38,098 - INFO - Columna 'HORAS_MERPES_CONSUMIDAS' convertida a numérica
2025-10-03 09:42:38,098 - INFO - Columna 'HORAS_ZOFTINIUM_ASIGNADAS' convertida a numérica
2025-10-03 09:42:38,099 - INFO - Columna 'HORAS_ZOFTINIUM_CONSUMIDAS' convertida a numérica
2025-10-03 09:42:38,099 - INFO - Columna 'PIEZAS_DISEÑO_ASIGNADAS' convertida a numérica
2025-10-03 09:42:38,100 - INFO - Columna 'PIEZAS_DISEÑO_CONSUMIDAS' convertida a numérica
2025-10-03 09:42:38,102 - INFO - Datos leídos exitosamente. Total clientes: 42
2025-10-03 09:42:38,105 - INFO - Mapeo de correos cargado: 34 clientes con correos definidos
2025-10-03 09:42:38,106 - INFO -   • Apex CO: a.sosa@grupomerpes.com, asistentecomercial16@grupomerpes.com, c.calderon@grupomerpes.com
2025-10-03 09:42:38,106 - INFO -   • Apex MX: v.zamudio@grupomerpes.com, j.corrales@grupomerpes.com
2025-10-03 09:42:38,106 - INFO -   • Beiersdorf CO: l.rojas@grupomerpes.com, l.castaneda@grupomerpes.com
2025-10-03 09:42:38,106 - INFO -   • Black & Decker CO: a.sosa@grupomerpes.com, asistentecomercial16@grupomerpes.com, c.calderon@grupomerpes.com
2025-10-03 09:42:38,107 - INFO -   • Coca Cola CO: l.castro@grupomerpes.com, c.calderon@grupomerpes.com, asistentecomercial13@grupomerpes.com
2025-10-03 09:42:38,107 - INFO -   • Coca Cola CR: comercialcr@grupomerpes.com, operacionescr@grupomerpes.com
2025-10-03 09:42:38,107 - INFO -   • Coca Cola GU: j.corrales@grupomerpes.com, v.zamudio@grupomerpes.com, comercialgt@grupomerpes.com, operaciones.gt@grupomerpes.com
2025-10-03 09:42:38,107 - INFO -   • Coca Cola PA: l.ortega@grupomerpes.com, v.zamudio@grupomerpes.com
2025-10-03 09:42:38,108 - INFO -   • Diageo CA: v.zamudio@grupomerpes.com, j.corrales@grupomerpes.com
2025-10-03 09:42:38,108 - INFO -   • Diageo CO: ks.gualdron@grupomerpes.com, asistentecomercial10@grupomerpes.com, l.castaneda@grupomerpes.com, kupaa@grupomerpes.com
2025-10-03 09:42:38,108 - INFO -   • Diversey CO: c.calderon@grupomerpes.com, v.zamudio@grupomerpes.com, desarrolloweb@grupomerpes.com
2025-10-03 09:42:38,109 - INFO -   • Dos Pinos CR: comercialcr@grupomerpes.com, operacionescr@grupomerpes.com
2025-10-03 09:42:38,109 - INFO -   • Gases del oriente CO: c.calderon@grupomerpes.com, v.zamudio@grupomerpes.com
2025-10-03 09:42:38,109 - INFO -   • Gloria CO: e.munoz@grupomerpes.com, w.valbuena@grupomerpes.com, asistentecomercial23@grupomerpes.com
2025-10-03 09:42:38,109 - INFO -   • Grupo Diana CO: e.munoz@grupomerpes.com, w.valbuena@grupomerpes.com, asistentecomercial23@grupomerpes.com, jefediseno@grupomerpes.com
2025-10-03 09:42:38,109 - INFO -   • Impocali CO: a.sosa@grupomerpes.com, asistentecomercial16@grupomerpes.com, c.calderon@grupomerpes.com
2025-10-03 09:42:38,110 - INFO -   • Juan Valdez CO: l.castro@grupomerpes.com, c.calderon@grupomerpes.com, asistentecomercial13@grupomerpes.com
2025-10-03 09:42:38,110 - INFO -   • Kimberly Clark CO: c.bejarano@grupomerpes.com, l.castaneda@grupomerpes.com
2025-10-03 09:42:38,110 - INFO -   • Kimberly Clark PE: ejecutivo.b2b@grupomerpes.com.pe, ejecutivo.fidelizacion@grupomerpes.com.pe
2025-10-03 09:42:38,110 - INFO -   • Mabe CO: m.zamudio@grupomerpes.com, asistentecomercial22@grupomerpes.com, w.valbuena@grupomerpes.com
2025-10-03 09:42:38,111 - INFO -   • Mabe EC: i.garcia@grupomerpes.com, asistentecomercial6@grupomerpes.com, w.valbuena@grupomerpes.com
2025-10-03 09:42:38,111 - INFO -   • Mabe PE: ejecutivo.b2b@grupomerpes.com.pe, w.valbuena@grupomerpes.com
2025-10-03 09:42:38,111 - INFO -   • Newell CO: c.calderon@grupomerpes.com, p.moreno@grupomerpes.com, asistentecomercial16@grupomerpes.com
2025-10-03 09:42:38,111 - INFO -   • Opella CO: l.chala@grupomerpes.com, asistentecomercial11@grupomerpes.com, l.castaneda@grupomerpes.com
2025-10-03 09:42:38,111 - INFO -   • Papeles Nacionales: c.calderon@grupomerpes.com, v.zamudio@grupomerpes.com
2025-10-03 09:42:38,111 - INFO -   • Reckitt CO: l.rojas@grupomerpes.com, l.castaneda@grupomerpes.com
2025-10-03 09:42:38,111 - INFO -   • Softys CO: e.munoz@grupomerpes.com, w.valbuena@grupomerpes.com, asistentecomercial23@grupomerpes.com
2025-10-03 09:42:38,111 - INFO -   • Splenda CO: ks.gualdron@grupomerpes.com, asistentecomercial10@grupomerpes.com, l.castaneda@grupomerpes.com
2025-10-03 09:42:38,111 - INFO -   • Team Foods CO: i.garcia@grupomerpes.com, asistentecomercial6@grupomerpes.com, w.valbuena@grupomerpes.com
2025-10-03 09:42:38,112 - INFO -   • Vanti CO: i.garcia@grupomerpes.com, asistentecomercial6@grupomerpes.com, w.valbuena@grupomerpes.com
2025-10-03 09:42:38,112 - INFO -   • Wavin Pavco CO: c.bejarano@grupomerpes.com, l.castaneda@grupomerpes.com
2025-10-03 09:42:38,112 - INFO -   • Bavaria CO: j.moreno@grupomerpes.com, d.grisales@grupomerpes.com
2025-10-03 09:42:38,112 - INFO -   • Casa Luker CO: j.triana@grupomerpes.com, d.grisales@grupomerpes.com
2025-10-03 09:42:38,112 - INFO -   • Terpel CO: j.triana@grupomerpes.com, d.grisales@grupomerpes.com
2025-10-03 09:42:38,114 - INFO - Reporte generado para Apex CO: Merpes 4.199999999999999/10h (42.0%), Zoftinium 4.55/3h (151.7%), Diseño 7/14 piezas (50.0%)
2025-10-03 09:42:38,114 - INFO - Reporte generado para Apex MX: Merpes 3.5/6h (58.3%), Zoftinium 0.2/4h (5.0%), Diseño 4/14 piezas (28.6%)
2025-10-03 09:42:38,115 - INFO - Reporte generado para Beiersdorf CO: Merpes 1.9/3h (63.3%), Zoftinium 0.2/3h (6.7%), Diseño 0/10 piezas (0.0%)
2025-10-03 09:42:38,115 - INFO - Reporte generado para Black & Decker CO: Merpes 4.9/11h (44.5%), Zoftinium 1.5/6h (25.0%), Diseño 2/9 piezas (22.2%)
2025-10-03 09:42:38,116 - INFO - Reporte generado para Coca Cola CO: Merpes 3.4/10h (34.0%), Zoftinium 0.2/4h (5.0%), Diseño 6/8 piezas (75.0%)
2025-10-03 09:42:38,116 - INFO - Reporte generado para Coca Cola CR: Merpes 1.9/12h (15.8%), Zoftinium 0.2/4h (5.0%), Diseño 0/15 piezas (0.0%)
2025-10-03 09:42:38,117 - INFO - Reporte generado para Coca Cola GU: Merpes 9.4/34h (27.6%), Zoftinium 6.4/16h (40.0%), Diseño 15/31 piezas (48.4%)
2025-10-03 09:42:38,118 - INFO - Reporte generado para Coca Cola PA: Merpes 3.9/15h (26.0%), Zoftinium 4.2/6h (70.0%), Diseño 3/8 piezas (37.5%)
2025-10-03 09:42:38,119 - INFO - Reporte generado para Diageo CA: Merpes 2.9/8h (36.2%), Zoftinium 1.5999999999999999/3h (53.3%), Diseño 3/12 piezas (25.0%)
2025-10-03 09:42:38,119 - INFO - Reporte generado para Diageo CO: Merpes 4.4/10h (44.0%), Zoftinium 0.8999999999999999/5h (18.0%), Diseño 7/14 piezas (50.0%)
2025-10-03 09:42:38,120 - INFO - Reporte generado para Diversey CO: Merpes 2.5/3h (83.3%), Zoftinium 0.2/3h (6.7%), Diseño 2/6 piezas (33.3%)
2025-10-03 09:42:38,120 - INFO - Reporte generado para Dos Pinos CR: Merpes 2.4/14h (17.1%), Zoftinium 0.30000000000000004/4h (7.5%), Diseño 7/15 piezas (46.7%)
2025-10-03 09:42:38,121 - INFO - Reporte generado para Gases del oriente CO: Merpes 2.7/8h (33.8%), Zoftinium 1.3/5h (26.0%), Diseño 7/10 piezas (70.0%)
2025-10-03 09:42:38,121 - INFO - Reporte generado para Gloria CO: Merpes 4.4/18h (24.4%), Zoftinium 0.2/5h (4.0%), Diseño 12/20 piezas (60.0%)
2025-10-03 09:42:38,122 - INFO - Reporte generado para Grupo Diana CO: Merpes 6.800000000000001/8h (85.0%), Zoftinium 0.7/4h (17.5%), Diseño 6/7 piezas (85.7%)
2025-10-03 09:42:38,123 - INFO - Reporte generado para Impocali CO: Merpes 2.7/8h (33.8%), Zoftinium 1.0/4h (25.0%), Diseño 7/8 piezas (87.5%)
2025-10-03 09:42:38,123 - INFO - Reporte generado para Juan Valdez CO: Merpes 1.9/8h (23.8%), Zoftinium 0.2/5h (4.0%), Diseño 0/0 piezas (0.0%)
2025-10-03 09:42:38,124 - INFO - Reporte generado para Kimberly Clark CO: Merpes 2.9/4h (72.5%), Zoftinium 1.2/4h (30.0%), Diseño 4/8 piezas (50.0%)
2025-10-03 09:42:38,124 - INFO - Reporte generado para Kimberly Clark PE: Merpes 1.9/4h (47.5%), Zoftinium 0.2/4h (5.0%), Diseño 0/7 piezas (0.0%)
2025-10-03 09:42:38,125 - INFO - Reporte generado para Mabe CO: Merpes 15.4/15h (102.7%), Zoftinium 1.9/4h (47.5%), Diseño 3/0 piezas (0.0%)
2025-10-03 09:42:38,126 - INFO - Reporte generado para Mabe EC: Merpes 22.299999999999997/30h (74.3%), Zoftinium 5.0/8h (62.5%), Diseño 0/0 piezas (0.0%)
2025-10-03 09:42:38,126 - INFO - Reporte generado para Mabe PE: Merpes 1.9/15h (12.7%), Zoftinium 0.2/4h (5.0%), Diseño 0/0 piezas (0.0%)
2025-10-03 09:42:38,127 - INFO - Reporte generado para Newell CO: Merpes 5.9/8h (73.8%), Zoftinium 2.0/4h (50.0%), Diseño 19/12 piezas (158.3%)
2025-10-03 09:42:38,127 - INFO - Reporte generado para Opella CO: Merpes 37.6/24h (156.7%), Zoftinium 42.5/12h (354.2%), Diseño 6/5 piezas (120.0%)
2025-10-03 09:42:38,127 - INFO - Reporte generado para Papeles Nacionales: Merpes 1.9/5h (38.0%), Zoftinium 0.2/4h (5.0%), Diseño 0/4 piezas (0.0%)
2025-10-03 09:42:38,128 - INFO - Reporte generado para Reckitt CO: Merpes 1.9/4h (47.5%), Zoftinium 0.2/4h (5.0%), Diseño 8/7 piezas (114.3%)
2025-10-03 09:42:38,129 - INFO - Reporte generado para Softys CO: Merpes 1.9/8h (23.8%), Zoftinium 0.2/3h (6.7%), Diseño 1/8 piezas (12.5%)
2025-10-03 09:42:38,129 - INFO - Reporte generado para Splenda CO: Merpes 2.9/50h (5.8%), Zoftinium 0.8/15h (5.3%), Diseño 0/7 piezas (0.0%)
2025-10-03 09:42:38,130 - INFO - Reporte generado para Team Foods CO: Merpes 1.9/3h (63.3%), Zoftinium 0.2/4h (5.0%), Diseño 0/4 piezas (0.0%)
2025-10-03 09:42:38,130 - INFO - Reporte generado para Vanti CO: Merpes 3.5/8h (43.8%), Zoftinium 0.2/4h (5.0%), Diseño 22/10 piezas (220.0%)
2025-10-03 09:42:38,131 - INFO - Reporte generado para Wavin Pavco CO: Merpes 1.9/5h (38.0%), Zoftinium 0.2/4h (5.0%), Diseño 7/9 piezas (77.8%)
2025-10-03 09:42:38,131 - INFO - Reporte generado para Bavaria CO: Merpes 11.6/20h (58.0%), Zoftinium 13.3/12h (110.8%), Diseño 7/10 piezas (70.0%)
2025-10-03 09:42:38,132 - INFO - Reporte generado para Casa Luker CO: Merpes 6.9/2h (345.0%), Zoftinium 0.95/5h (19.0%), Diseño 0/0 piezas (0.0%)
2025-10-03 09:42:38,132 - INFO - Reporte generado para Terpel CO: Merpes 5.1/9h (56.7%), Zoftinium 7.4/9h (82.2%), Diseño 0/0 piezas (0.0%)
2025-10-03 09:42:38,133 - INFO - Se generaron 34 reportes mensuales
2025-10-03 09:42:38,138 - WARNING - Imagen no encontrada: MAIL-REPORTE_06.png
2025-10-03 09:42:40,714 - INFO - Email enviado exitosamente a: a.sosa@grupomerpes.com, asistentecomercial16@grupomerpes.com, c.calderon@grupomerpes.com
2025-10-03 09:42:41,717 - WARNING - Imagen no encontrada: MAIL-REPORTE_06.png
2025-10-03 09:42:43,820 - INFO - Email enviado exitosamente a: v.zamudio@grupomerpes.com, j.corrales@grupomerpes.com
2025-10-03 09:42:44,822 - WARNING - Imagen no encontrada: MAIL-REPORTE_06.png
2025-10-03 09:42:46,910 - INFO - Email enviado exitosamente a: l.rojas@grupomerpes.com, l.castaneda@grupomerpes.com
2025-10-03 09:42:47,912 - WARNING - Imagen no encontrada: MAIL-REPORTE_06.png
2025-10-03 09:42:50,334 - INFO - Email enviado exitosamente a: a.sosa@grupomerpes.com, asistentecomercial16@grupomerpes.com, c.calderon@grupomerpes.com
2025-10-03 09:42:51,337 - WARNING - Imagen no encontrada: MAIL-REPORTE_06.png
2025-10-03 09:42:53,575 - INFO - Email enviado exitosamente a: l.castro@grupomerpes.com, c.calderon@grupomerpes.com, asistentecomercial13@grupomerpes.com
2025-10-03 09:42:54,578 - WARNING - Imagen no encontrada: MAIL-REPORTE_06.png
2025-10-03 09:42:56,848 - INFO - Email enviado exitosamente a: comercialcr@grupomerpes.com, operacionescr@grupomerpes.com
2025-10-03 09:42:57,850 - WARNING - Imagen no encontrada: MAIL-REPORTE_06.png
2025-10-03 09:43:00,233 - INFO - Email enviado exitosamente a: j.corrales@grupomerpes.com, v.zamudio@grupomerpes.com, comercialgt@grupomerpes.com, operaciones.gt@grupomerpes.com
2025-10-03 09:43:01,235 - WARNING - Imagen no encontrada: MAIL-REPORTE_06.png
2025-10-03 09:43:03,043 - INFO - Email enviado exitosamente a: l.ortega@grupomerpes.com, v.zamudio@grupomerpes.com
2025-10-03 09:43:04,045 - WARNING - Imagen no encontrada: MAIL-REPORTE_06.png
2025-10-03 09:43:06,260 - INFO - Email enviado exitosamente a: v.zamudio@grupomerpes.com, j.corrales@grupomerpes.com
2025-10-03 09:43:07,263 - WARNING - Imagen no encontrada: MAIL-REPORTE_06.png
2025-10-03 09:43:09,464 - INFO - Email enviado exitosamente a: ks.gualdron@grupomerpes.com, asistentecomercial10@grupomerpes.com, l.castaneda@grupomerpes.com, kupaa@grupomerpes.com
2025-10-03 09:43:10,466 - WARNING - Imagen no encontrada: MAIL-REPORTE_06.png
2025-10-03 09:43:12,670 - INFO - Email enviado exitosamente a: c.calderon@grupomerpes.com, v.zamudio@grupomerpes.com, desarrolloweb@grupomerpes.com
2025-10-03 09:43:13,672 - WARNING - Imagen no encontrada: MAIL-REPORTE_06.png
2025-10-03 09:43:15,879 - INFO - Email enviado exitosamente a: comercialcr@grupomerpes.com, operacionescr@grupomerpes.com
2025-10-03 09:43:16,881 - WARNING - Imagen no encontrada: MAIL-REPORTE_06.png
2025-10-03 09:43:18,753 - INFO - Email enviado exitosamente a: c.calderon@grupomerpes.com, v.zamudio@grupomerpes.com
2025-10-03 09:43:19,755 - WARNING - Imagen no encontrada: MAIL-REPORTE_06.png
2025-10-03 09:43:22,671 - INFO - Email enviado exitosamente a: e.munoz@grupomerpes.com, w.valbuena@grupomerpes.com, asistentecomercial23@grupomerpes.com
2025-10-03 09:43:23,673 - WARNING - Imagen no encontrada: MAIL-REPORTE_06.png
2025-10-03 09:43:26,295 - INFO - Email enviado exitosamente a: e.munoz@grupomerpes.com, w.valbuena@grupomerpes.com, asistentecomercial23@grupomerpes.com, jefediseno@grupomerpes.com
2025-10-03 09:43:27,298 - WARNING - Imagen no encontrada: MAIL-REPORTE_06.png
2025-10-03 09:43:29,441 - INFO - Email enviado exitosamente a: a.sosa@grupomerpes.com, asistentecomercial16@grupomerpes.com, c.calderon@grupomerpes.com
2025-10-03 09:43:30,443 - WARNING - Imagen no encontrada: MAIL-REPORTE_06.png
2025-10-03 09:43:32,547 - INFO - Email enviado exitosamente a: l.castro@grupomerpes.com, c.calderon@grupomerpes.com, asistentecomercial13@grupomerpes.com
2025-10-03 09:43:33,550 - WARNING - Imagen no encontrada: MAIL-REPORTE_06.png
2025-10-03 09:43:35,654 - INFO - Email enviado exitosamente a: c.bejarano@grupomerpes.com, l.castaneda@grupomerpes.com
2025-10-03 09:43:36,656 - WARNING - Imagen no encontrada: MAIL-REPORTE_06.png
2025-10-03 09:43:38,859 - INFO - Email enviado exitosamente a: ejecutivo.b2b@grupomerpes.com.pe, ejecutivo.fidelizacion@grupomerpes.com.pe
2025-10-03 09:43:39,862 - WARNING - Imagen no encontrada: MAIL-REPORTE_06.png
2025-10-03 09:43:43,514 - INFO - Email enviado exitosamente a: m.zamudio@grupomerpes.com, asistentecomercial22@grupomerpes.com, w.valbuena@grupomerpes.com
2025-10-03 09:43:44,516 - WARNING - Imagen no encontrada: MAIL-REPORTE_06.png
2025-10-03 09:43:46,914 - INFO - Email enviado exitosamente a: i.garcia@grupomerpes.com, asistentecomercial6@grupomerpes.com, w.valbuena@grupomerpes.com
2025-10-03 09:43:47,916 - WARNING - Imagen no encontrada: MAIL-REPORTE_06.png
2025-10-03 09:43:50,144 - INFO - Email enviado exitosamente a: ejecutivo.b2b@grupomerpes.com.pe, w.valbuena@grupomerpes.com
2025-10-03 09:43:51,146 - WARNING - Imagen no encontrada: MAIL-REPORTE_06.png
2025-10-03 09:43:53,709 - INFO - Email enviado exitosamente a: c.calderon@grupomerpes.com, p.moreno@grupomerpes.com, asistentecomercial16@grupomerpes.com
2025-10-03 09:43:54,712 - WARNING - Imagen no encontrada: MAIL-REPORTE_06.png
2025-10-03 09:43:57,682 - INFO - Email enviado exitosamente a: l.chala@grupomerpes.com, asistentecomercial11@grupomerpes.com, l.castaneda@grupomerpes.com
2025-10-03 09:43:58,685 - WARNING - Imagen no encontrada: MAIL-REPORTE_06.png
2025-10-03 09:44:00,759 - INFO - Email enviado exitosamente a: c.calderon@grupomerpes.com, v.zamudio@grupomerpes.com
2025-10-03 09:44:01,762 - WARNING - Imagen no encontrada: MAIL-REPORTE_06.png
2025-10-03 09:44:03,822 - INFO - Email enviado exitosamente a: l.rojas@grupomerpes.com, l.castaneda@grupomerpes.com
2025-10-03 09:44:04,824 - WARNING - Imagen no encontrada: MAIL-REPORTE_06.png
2025-10-03 09:44:07,112 - INFO - Email enviado exitosamente a: e.munoz@grupomerpes.com, w.valbuena@grupomerpes.com, asistentecomercial23@grupomerpes.com
2025-10-03 09:44:08,115 - WARNING - Imagen no encontrada: MAIL-REPORTE_06.png
2025-10-03 09:44:10,079 - INFO - Email enviado exitosamente a: ks.gualdron@grupomerpes.com, asistentecomercial10@grupomerpes.com, l.castaneda@grupomerpes.com
2025-10-03 09:44:11,082 - WARNING - Imagen no encontrada: MAIL-REPORTE_06.png
2025-10-03 09:44:13,225 - INFO - Email enviado exitosamente a: i.garcia@grupomerpes.com, asistentecomercial6@grupomerpes.com, w.valbuena@grupomerpes.com
2025-10-03 09:44:14,228 - WARNING - Imagen no encontrada: MAIL-REPORTE_06.png
2025-10-03 09:44:16,431 - INFO - Email enviado exitosamente a: i.garcia@grupomerpes.com, asistentecomercial6@grupomerpes.com, w.valbuena@grupomerpes.com
2025-10-03 09:44:17,434 - WARNING - Imagen no encontrada: MAIL-REPORTE_06.png
2025-10-03 09:44:19,733 - INFO - Email enviado exitosamente a: c.bejarano@grupomerpes.com, l.castaneda@grupomerpes.com
2025-10-03 09:44:20,735 - WARNING - Imagen no encontrada: MAIL-REPORTE_06.png
2025-10-03 09:44:22,871 - INFO - Email enviado exitosamente a: j.moreno@grupomerpes.com, d.grisales@grupomerpes.com
2025-10-03 09:44:23,873 - WARNING - Imagen no encontrada: MAIL-REPORTE_06.png
2025-10-03 09:44:26,198 - INFO - Email enviado exitosamente a: j.triana@grupomerpes.com, d.grisales@grupomerpes.com
2025-10-03 09:44:27,201 - WARNING - Imagen no encontrada: MAIL-REPORTE_06.png
2025-10-03 09:44:29,327 - INFO - Email enviado exitosamente a: j.triana@grupomerpes.com, d.grisales@grupomerpes.com
2025-10-03 09:44:30,329 - INFO - === RESUMEN DE EJECUCIÓN ===
2025-10-03 09:44:30,329 - INFO - Total de reportes generados: 34
2025-10-03 09:44:30,329 - INFO - Emails enviados exitosamente: 34
2025-10-03 09:44:30,330 - INFO - Errores en envío: 0
2025-10-03 09:44:30,330 - INFO - Clientes procesados: Apex CO, Apex MX, Beiersdorf CO, Black & Decker CO, Coca Cola CO, Coca Cola CR, Coca Cola GU, Coca Cola PA, Diageo CA, Diageo CO, Diversey CO, Dos Pinos CR, Gases del oriente CO, Gloria CO, Grupo Diana CO, Impocali CO, Juan Valdez CO, Kimberly Clark CO, Kimberly Clark PE, Mabe CO, Mabe EC, Mabe PE, Newell CO, Opella CO, Papeles Nacionales, Reckitt CO, Softys CO, Splenda CO, Team Foods CO, Vanti CO, Wavin Pavco CO, Bavaria CO, Casa Luker CO, Terpel CO
2025-10-03 09:44:30,330 - INFO - Archivo temporal eliminado
2025-10-10 11:47:02,570 - INFO - === INICIANDO MONITOREO DE CAMPAÑAS ===
2025-10-10 11:47:02,570 - INFO - Leyendo datos del archivo consolidado de horas soporte
2025-10-10 11:47:02,581 - INFO - Columnas mapeadas: {'SEPTIEMBRE': 'CLIENTE', 'Unnamed: 1': 'AREA_CAMPAÑA', 'Horas Soporte Merpes': 'HORAS_MERPES_ASIGNADAS', 'Unnamed: 3': 'HORAS_MERPES_CONSUMIDAS', 'Unnamed: 4': 'HORAS_MERPES_DISPONIBLES', 'Horas Soporte Zoftinium': 'HORAS_ZOFTINIUM_ASIGNADAS', 'Unnamed: 6': 'HORAS_ZOFTINIUM_CONSUMIDAS', 'Unnamed: 7': 'HORAS_ZOFTINIUM_DISPONIBLES', 'Piezas diseño': 'PIEZAS_DISEÑO_ASIGNADAS', 'Unnamed: 9': 'PIEZAS_DISEÑO_CONSUMIDAS', 'Unnamed: 10': 'PIEZAS_DISEÑO_DISPONIBLES', 'Correos': 'CORREOS'}
2025-10-10 11:47:02,586 - INFO - Columna 'HORAS_MERPES_ASIGNADAS' convertida a numérica
2025-10-10 11:47:02,587 - INFO - Columna 'HORAS_MERPES_CONSUMIDAS' convertida a numérica
2025-10-10 11:47:02,588 - INFO - Columna 'HORAS_ZOFTINIUM_ASIGNADAS' convertida a numérica
2025-10-10 11:47:02,588 - INFO - Columna 'HORAS_ZOFTINIUM_CONSUMIDAS' convertida a numérica
2025-10-10 11:47:02,588 - INFO - Columna 'PIEZAS_DISEÑO_ASIGNADAS' convertida a numérica
2025-10-10 11:47:02,589 - INFO - Columna 'PIEZAS_DISEÑO_CONSUMIDAS' convertida a numérica
2025-10-10 11:47:02,591 - INFO - Datos leídos exitosamente. Total clientes: 42
2025-10-10 11:47:02,593 - INFO - Mapeo de correos cargado: 34 clientes con correos definidos
2025-10-10 11:47:02,593 - INFO -   • Apex CO: a.sosa@grupomerpes.com, asistentecomercial16@grupomerpes.com, c.calderon@grupomerpes.com
2025-10-10 11:47:02,593 - INFO -   • Apex MX: v.zamudio@grupomerpes.com, j.corrales@grupomerpes.com, desarrolloweb@grupomerpes.com
2025-10-10 11:47:02,594 - INFO -   • Beiersdorf CO: l.rojas@grupomerpes.com, l.castaneda@grupomerpes.com
2025-10-10 11:47:02,594 - INFO -   • Black & Decker CO: a.sosa@grupomerpes.com, asistentecomercial16@grupomerpes.com, c.calderon@grupomerpes.com
2025-10-10 11:47:02,594 - INFO -   • Coca Cola CO: l.castro@grupomerpes.com, c.calderon@grupomerpes.com, asistentecomercial13@grupomerpes.com
2025-10-10 11:47:02,594 - INFO -   • Coca Cola CR: comercialcr@grupomerpes.com, operacionescr@grupomerpes.com
2025-10-10 11:47:02,594 - INFO -   • Coca Cola GU: j.corrales@grupomerpes.com, v.zamudio@grupomerpes.com, comercialgt@grupomerpes.com, operaciones.gt@grupomerpes.com
2025-10-10 11:47:02,594 - INFO -   • Coca Cola PA: l.ortega@grupomerpes.com, v.zamudio@grupomerpes.com
2025-10-10 11:47:02,594 - INFO -   • Diageo CA: v.zamudio@grupomerpes.com, j.corrales@grupomerpes.com
2025-10-10 11:47:02,595 - INFO -   • Diageo CO: ks.gualdron@grupomerpes.com, asistentecomercial10@grupomerpes.com, l.castaneda@grupomerpes.com, kupaa@grupomerpes.com
2025-10-10 11:47:02,595 - INFO -   • Diversey CO: c.calderon@grupomerpes.com, v.zamudio@grupomerpes.com
2025-10-10 11:47:02,595 - INFO -   • Dos Pinos CR: comercialcr@grupomerpes.com, operacionescr@grupomerpes.com
2025-10-10 11:47:02,595 - INFO -   • Gases del oriente CO: c.calderon@grupomerpes.com, v.zamudio@grupomerpes.com, jefediseno@grupomerpes.com
2025-10-10 11:47:02,595 - INFO -   • Gloria CO: e.munoz@grupomerpes.com, w.valbuena@grupomerpes.com, asistentecomercial23@grupomerpes.com
2025-10-10 11:47:02,595 - INFO -   • Grupo Diana CO: e.munoz@grupomerpes.com, w.valbuena@grupomerpes.com, asistentecomercial23@grupomerpes.com
2025-10-10 11:47:02,595 - INFO -   • Impocali CO: a.sosa@grupomerpes.com, asistentecomercial16@grupomerpes.com, c.calderon@grupomerpes.com
2025-10-10 11:47:02,596 - INFO -   • Juan Valdez CO: l.castro@grupomerpes.com, c.calderon@grupomerpes.com, asistentecomercial13@grupomerpes.com
2025-10-10 11:47:02,596 - INFO -   • Kimberly Clark CO: c.bejarano@grupomerpes.com, l.castaneda@grupomerpes.com
2025-10-10 11:47:02,596 - INFO -   • Kimberly Clark PE: ejecutivo.b2b@grupomerpes.com.pe, ejecutivo.fidelizacion@grupomerpes.com.pe
2025-10-10 11:47:02,596 - INFO -   • Mabe CO: m.zamudio@grupomerpes.com, asistentecomercial22@grupomerpes.com, w.valbuena@grupomerpes.com
2025-10-10 11:47:02,596 - INFO -   • Mabe EC: i.garcia@grupomerpes.com, asistentecomercial6@grupomerpes.com, w.valbuena@grupomerpes.com
2025-10-10 11:47:02,596 - INFO -   • Mabe PE: ejecutivo.b2b@grupomerpes.com.pe, w.valbuena@grupomerpes.com
2025-10-10 11:47:02,596 - INFO -   • Newell CO: c.calderon@grupomerpes.com, p.moreno@grupomerpes.com, asistentecomercial16@grupomerpes.com
2025-10-10 11:47:02,596 - INFO -   • Opella CO: l.chala@grupomerpes.com, asistentecomercial11@grupomerpes.com, l.castaneda@grupomerpes.com
2025-10-10 11:47:02,596 - INFO -   • Papeles Nacionales: c.calderon@grupomerpes.com, v.zamudio@grupomerpes.com
2025-10-10 11:47:02,596 - INFO -   • Reckitt CO: l.rojas@grupomerpes.com, l.castaneda@grupomerpes.com
2025-10-10 11:47:02,596 - INFO -   • Softys CO: e.munoz@grupomerpes.com, w.valbuena@grupomerpes.com, asistentecomercial23@grupomerpes.com
2025-10-10 11:47:02,596 - INFO -   • Splenda CO: ks.gualdron@grupomerpes.com, asistentecomercial10@grupomerpes.com, l.castaneda@grupomerpes.com
2025-10-10 11:47:02,597 - INFO -   • Team Foods CO: i.garcia@grupomerpes.com, asistentecomercial6@grupomerpes.com, w.valbuena@grupomerpes.com
2025-10-10 11:47:02,597 - INFO -   • Vanti CO: i.garcia@grupomerpes.com, asistentecomercial6@grupomerpes.com, w.valbuena@grupomerpes.com
2025-10-10 11:47:02,597 - INFO -   • Wavin Pavco CO: c.bejarano@grupomerpes.com, l.castaneda@grupomerpes.com
2025-10-10 11:47:02,597 - INFO -   • Bavaria CO: j.moreno@grupomerpes.com, d.grisales@grupomerpes.com
2025-10-10 11:47:02,597 - INFO -   • Casa Luker CO: j.triana@grupomerpes.com, d.grisales@grupomerpes.com
2025-10-10 11:47:02,597 - INFO -   • Terpel CO: j.triana@grupomerpes.com, d.grisales@grupomerpes.com
2025-10-10 11:47:02,598 - INFO - Reporte generado para Apex CO: Merpes 0.0/10h (0.0%), Zoftinium 1.0/3h (33.3%), Diseño 2/14 piezas (14.3%)
2025-10-10 11:47:02,599 - INFO - Reporte generado para Apex MX: Merpes 1.6/6h (26.7%), Zoftinium 0.5/3h (16.7%), Diseño 0/14 piezas (0.0%)
2025-10-10 11:47:02,600 - INFO - Reporte generado para Beiersdorf CO: Merpes 0.0/3h (0.0%), Zoftinium 0.0/2h (0.0%), Diseño 0/10 piezas (0.0%)
2025-10-10 11:47:02,601 - INFO - Reporte generado para Black & Decker CO: Merpes 0.3/11h (2.7%), Zoftinium 0.0/6h (0.0%), Diseño 0/9 piezas (0.0%)
2025-10-10 11:47:02,602 - INFO - Reporte generado para Coca Cola CO: Merpes 0.5/8h (6.2%), Zoftinium 0.0/4h (0.0%), Diseño 3/8 piezas (37.5%)
2025-10-10 11:47:02,603 - INFO - Reporte generado para Coca Cola CR: Merpes 0.0/7h (0.0%), Zoftinium 0.0/3h (0.0%), Diseño 0/15 piezas (0.0%)
2025-10-10 11:47:02,603 - INFO - Reporte generado para Coca Cola GU: Merpes 0.3/27h (1.1%), Zoftinium 0.8/14h (5.7%), Diseño 0/31 piezas (0.0%)
2025-10-10 11:47:02,604 - INFO - Reporte generado para Coca Cola PA: Merpes 1.3/15h (8.7%), Zoftinium 0.5/6h (8.3%), Diseño 0/8 piezas (0.0%)
2025-10-10 11:47:02,604 - INFO - Reporte generado para Diageo CA: Merpes 0.0/8h (0.0%), Zoftinium 0.0/3h (0.0%), Diseño 2/12 piezas (16.7%)
2025-10-10 11:47:02,605 - INFO - Reporte generado para Diageo CO: Merpes 0.0/10h (0.0%), Zoftinium 0.0/5h (0.0%), Diseño 2/14 piezas (14.3%)
2025-10-10 11:47:02,606 - INFO - Reporte generado para Diversey CO: Merpes 0.3/3h (10.0%), Zoftinium 0.0/3h (0.0%), Diseño 0/6 piezas (0.0%)
2025-10-10 11:47:02,606 - INFO - Reporte generado para Dos Pinos CR: Merpes 0.8/10h (8.0%), Zoftinium 0.0/4h (0.0%), Diseño 3/15 piezas (20.0%)
2025-10-10 11:47:02,607 - INFO - Reporte generado para Gases del oriente CO: Merpes 0.0/8h (0.0%), Zoftinium 0.0/5h (0.0%), Diseño 1/10 piezas (10.0%)
2025-10-10 11:47:02,608 - INFO - Reporte generado para Gloria CO: Merpes 4.0/15h (26.7%), Zoftinium 0.0/5h (0.0%), Diseño 0/20 piezas (0.0%)
2025-10-10 11:47:02,608 - INFO - Reporte generado para Grupo Diana CO: Merpes 0.3/8h (3.8%), Zoftinium 1.0/4h (25.0%), Diseño 3/7 piezas (42.9%)
2025-10-10 11:47:02,609 - INFO - Reporte generado para Impocali CO: Merpes 0.5/8h (6.2%), Zoftinium 0.8/4h (20.0%), Diseño 8/8 piezas (100.0%)
2025-10-10 11:47:02,609 - INFO - Reporte generado para Juan Valdez CO: Merpes 0.0/8h (0.0%), Zoftinium 0.0/3h (0.0%), Diseño 0/0 piezas (0.0%)
2025-10-10 11:47:02,610 - INFO - Reporte generado para Kimberly Clark CO: Merpes 0.3/6h (5.0%), Zoftinium 0.0/4h (0.0%), Diseño 1/8 piezas (12.5%)
2025-10-10 11:47:02,610 - INFO - Reporte generado para Kimberly Clark PE: Merpes 0.0/2h (0.0%), Zoftinium 0.0/2h (0.0%), Diseño 0/7 piezas (0.0%)
2025-10-10 11:47:02,611 - INFO - Reporte generado para Mabe CO: Merpes 9.0/15h (60.0%), Zoftinium 0.0/4h (0.0%), Diseño 0/0 piezas (0.0%)
2025-10-10 11:47:02,611 - INFO - Reporte generado para Mabe EC: Merpes 2.6/25h (10.4%), Zoftinium 3.1/8h (38.8%), Diseño 0/0 piezas (0.0%)
2025-10-10 11:47:02,612 - INFO - Reporte generado para Mabe PE: Merpes 0.0/15h (0.0%), Zoftinium 0.0/4h (0.0%), Diseño 0/0 piezas (0.0%)
2025-10-10 11:47:02,613 - INFO - Reporte generado para Newell CO: Merpes 0.0/8h (0.0%), Zoftinium 0.0/4h (0.0%), Diseño 6/12 piezas (50.0%)
2025-10-10 11:47:02,614 - INFO - Reporte generado para Opella CO: Merpes 5.3/17h (31.2%), Zoftinium 0.7/8h (8.8%), Diseño 0/5 piezas (0.0%)
2025-10-10 11:47:02,614 - INFO - Reporte generado para Papeles Nacionales: Merpes 0.3/4h (7.5%), Zoftinium 0.0/8h (0.0%), Diseño 0/4 piezas (0.0%)
2025-10-10 11:47:02,615 - INFO - Reporte generado para Reckitt CO: Merpes 0.0/2h (0.0%), Zoftinium 0.0/4h (0.0%), Diseño 0/7 piezas (0.0%)
2025-10-10 11:47:02,615 - INFO - Reporte generado para Softys CO: Merpes 0.0/8h (0.0%), Zoftinium 0.0/3h (0.0%), Diseño 0/8 piezas (0.0%)
2025-10-10 11:47:02,616 - INFO - Reporte generado para Splenda CO: Merpes 0.0/40h (0.0%), Zoftinium 0.0/15h (0.0%), Diseño 0/7 piezas (0.0%)
2025-10-10 11:47:02,617 - INFO - Reporte generado para Team Foods CO: Merpes 0.0/0h (0.0%), Zoftinium 0.0/0h (0.0%), Diseño 0/0 piezas (0.0%)
2025-10-10 11:47:02,617 - INFO - Reporte generado para Vanti CO: Merpes 0.0/4h (0.0%), Zoftinium 0.0/3h (0.0%), Diseño 2/10 piezas (20.0%)
2025-10-10 11:47:02,618 - INFO - Reporte generado para Wavin Pavco CO: Merpes 0.8/5h (16.0%), Zoftinium 0.0/4h (0.0%), Diseño 1/9 piezas (11.1%)
2025-10-10 11:47:02,618 - INFO - Reporte generado para Bavaria CO: Merpes 0.0/20h (0.0%), Zoftinium 0.0/12h (0.0%), Diseño 1/10 piezas (10.0%)
2025-10-10 11:47:02,619 - INFO - Reporte generado para Casa Luker CO: Merpes 1.3/2h (65.0%), Zoftinium 2.0/2h (100.0%), Diseño 0/0 piezas (0.0%)
2025-10-10 11:47:02,619 - INFO - Reporte generado para Terpel CO: Merpes 0.8/9h (8.9%), Zoftinium 0.8/9h (8.9%), Diseño 0/0 piezas (0.0%)
2025-10-10 11:47:02,619 - INFO - Se generaron 34 reportes mensuales
2025-10-10 11:47:02,621 - WARNING - Imagen no encontrada: MAIL-REPORTE_06.png
2025-10-10 11:47:05,117 - INFO - Email enviado exitosamente a: a.sosa@grupomerpes.com, asistentecomercial16@grupomerpes.com, c.calderon@grupomerpes.com
2025-10-10 11:47:06,120 - WARNING - Imagen no encontrada: MAIL-REPORTE_06.png
2025-10-10 11:47:08,125 - INFO - Email enviado exitosamente a: v.zamudio@grupomerpes.com, j.corrales@grupomerpes.com, desarrolloweb@grupomerpes.com
2025-10-10 11:47:09,127 - WARNING - Imagen no encontrada: MAIL-REPORTE_06.png
2025-10-10 11:47:10,987 - INFO - Email enviado exitosamente a: l.rojas@grupomerpes.com, l.castaneda@grupomerpes.com
2025-10-10 11:47:11,989 - WARNING - Imagen no encontrada: MAIL-REPORTE_06.png
2025-10-10 11:47:14,073 - INFO - Email enviado exitosamente a: a.sosa@grupomerpes.com, asistentecomercial16@grupomerpes.com, c.calderon@grupomerpes.com
2025-10-10 11:47:15,076 - WARNING - Imagen no encontrada: MAIL-REPORTE_06.png
2025-10-10 11:47:17,696 - INFO - Email enviado exitosamente a: l.castro@grupomerpes.com, c.calderon@grupomerpes.com, asistentecomercial13@grupomerpes.com
2025-10-10 11:47:18,699 - WARNING - Imagen no encontrada: MAIL-REPORTE_06.png
2025-10-10 11:47:20,884 - INFO - Email enviado exitosamente a: comercialcr@grupomerpes.com, operacionescr@grupomerpes.com
2025-10-10 11:47:21,886 - WARNING - Imagen no encontrada: MAIL-REPORTE_06.png
2025-10-10 11:47:24,248 - INFO - Email enviado exitosamente a: j.corrales@grupomerpes.com, v.zamudio@grupomerpes.com, comercialgt@grupomerpes.com, operaciones.gt@grupomerpes.com
2025-10-10 11:47:25,250 - WARNING - Imagen no encontrada: MAIL-REPORTE_06.png
2025-10-10 11:47:27,727 - INFO - Email enviado exitosamente a: l.ortega@grupomerpes.com, v.zamudio@grupomerpes.com
2025-10-10 11:47:28,729 - WARNING - Imagen no encontrada: MAIL-REPORTE_06.png
2025-10-10 11:47:30,975 - INFO - Email enviado exitosamente a: v.zamudio@grupomerpes.com, j.corrales@grupomerpes.com
2025-10-10 11:47:31,977 - WARNING - Imagen no encontrada: MAIL-REPORTE_06.png
2025-10-10 11:47:34,460 - INFO - Email enviado exitosamente a: ks.gualdron@grupomerpes.com, asistentecomercial10@grupomerpes.com, l.castaneda@grupomerpes.com, kupaa@grupomerpes.com
2025-10-10 11:47:35,462 - WARNING - Imagen no encontrada: MAIL-REPORTE_06.png
2025-10-10 11:47:37,794 - INFO - Email enviado exitosamente a: c.calderon@grupomerpes.com, v.zamudio@grupomerpes.com
2025-10-10 11:47:38,796 - WARNING - Imagen no encontrada: MAIL-REPORTE_06.png
2025-10-10 11:47:40,796 - INFO - Email enviado exitosamente a: comercialcr@grupomerpes.com, operacionescr@grupomerpes.com
2025-10-10 11:47:41,798 - WARNING - Imagen no encontrada: MAIL-REPORTE_06.png
2025-10-10 11:47:44,108 - INFO - Email enviado exitosamente a: c.calderon@grupomerpes.com, v.zamudio@grupomerpes.com, jefediseno@grupomerpes.com
2025-10-10 11:47:45,111 - WARNING - Imagen no encontrada: MAIL-REPORTE_06.png
2025-10-10 11:47:48,263 - INFO - Email enviado exitosamente a: e.munoz@grupomerpes.com, w.valbuena@grupomerpes.com, asistentecomercial23@grupomerpes.com
2025-10-10 11:47:49,264 - WARNING - Imagen no encontrada: MAIL-REPORTE_06.png
2025-10-10 11:47:52,856 - INFO - Email enviado exitosamente a: e.munoz@grupomerpes.com, w.valbuena@grupomerpes.com, asistentecomercial23@grupomerpes.com
2025-10-10 11:47:53,858 - WARNING - Imagen no encontrada: MAIL-REPORTE_06.png
2025-10-10 11:47:56,108 - INFO - Email enviado exitosamente a: a.sosa@grupomerpes.com, asistentecomercial16@grupomerpes.com, c.calderon@grupomerpes.com
2025-10-10 11:47:57,110 - WARNING - Imagen no encontrada: MAIL-REPORTE_06.png
2025-10-10 11:47:59,455 - INFO - Email enviado exitosamente a: l.castro@grupomerpes.com, c.calderon@grupomerpes.com, asistentecomercial13@grupomerpes.com
2025-10-10 11:48:00,456 - WARNING - Imagen no encontrada: MAIL-REPORTE_06.png
2025-10-10 11:48:04,077 - INFO - Email enviado exitosamente a: c.bejarano@grupomerpes.com, l.castaneda@grupomerpes.com
2025-10-10 11:48:05,080 - WARNING - Imagen no encontrada: MAIL-REPORTE_06.png
2025-10-10 11:48:07,011 - INFO - Email enviado exitosamente a: ejecutivo.b2b@grupomerpes.com.pe, ejecutivo.fidelizacion@grupomerpes.com.pe
2025-10-10 11:48:08,013 - WARNING - Imagen no encontrada: MAIL-REPORTE_06.png
2025-10-10 11:48:11,464 - INFO - Email enviado exitosamente a: m.zamudio@grupomerpes.com, asistentecomercial22@grupomerpes.com, w.valbuena@grupomerpes.com
2025-10-10 11:48:12,467 - WARNING - Imagen no encontrada: MAIL-REPORTE_06.png
2025-10-10 11:48:14,822 - INFO - Email enviado exitosamente a: i.garcia@grupomerpes.com, asistentecomercial6@grupomerpes.com, w.valbuena@grupomerpes.com
2025-10-10 11:48:15,824 - WARNING - Imagen no encontrada: MAIL-REPORTE_06.png
2025-10-10 11:48:18,257 - INFO - Email enviado exitosamente a: ejecutivo.b2b@grupomerpes.com.pe, w.valbuena@grupomerpes.com
2025-10-10 11:48:19,259 - WARNING - Imagen no encontrada: MAIL-REPORTE_06.png
2025-10-10 11:48:22,061 - INFO - Email enviado exitosamente a: c.calderon@grupomerpes.com, p.moreno@grupomerpes.com, asistentecomercial16@grupomerpes.com
2025-10-10 11:48:23,064 - WARNING - Imagen no encontrada: MAIL-REPORTE_06.png
2025-10-10 11:48:25,708 - INFO - Email enviado exitosamente a: l.chala@grupomerpes.com, asistentecomercial11@grupomerpes.com, l.castaneda@grupomerpes.com
2025-10-10 11:48:26,712 - WARNING - Imagen no encontrada: MAIL-REPORTE_06.png
2025-10-10 11:48:29,046 - INFO - Email enviado exitosamente a: c.calderon@grupomerpes.com, v.zamudio@grupomerpes.com
2025-10-10 11:48:30,048 - WARNING - Imagen no encontrada: MAIL-REPORTE_06.png
2025-10-10 11:48:33,379 - INFO - Email enviado exitosamente a: l.rojas@grupomerpes.com, l.castaneda@grupomerpes.com
2025-10-10 11:48:34,381 - WARNING - Imagen no encontrada: MAIL-REPORTE_06.png
2025-10-10 11:48:37,188 - INFO - Email enviado exitosamente a: e.munoz@grupomerpes.com, w.valbuena@grupomerpes.com, asistentecomercial23@grupomerpes.com
2025-10-10 11:48:38,190 - WARNING - Imagen no encontrada: MAIL-REPORTE_06.png
2025-10-10 11:48:41,154 - INFO - Email enviado exitosamente a: ks.gualdron@grupomerpes.com, asistentecomercial10@grupomerpes.com, l.castaneda@grupomerpes.com
2025-10-10 11:48:42,156 - WARNING - Imagen no encontrada: MAIL-REPORTE_06.png
2025-10-10 11:48:44,560 - INFO - Email enviado exitosamente a: i.garcia@grupomerpes.com, asistentecomercial6@grupomerpes.com, w.valbuena@grupomerpes.com
2025-10-10 11:48:45,563 - WARNING - Imagen no encontrada: MAIL-REPORTE_06.png
2025-10-10 11:48:47,996 - INFO - Email enviado exitosamente a: i.garcia@grupomerpes.com, asistentecomercial6@grupomerpes.com, w.valbuena@grupomerpes.com
2025-10-10 11:48:48,999 - WARNING - Imagen no encontrada: MAIL-REPORTE_06.png
2025-10-10 11:48:51,401 - INFO - Email enviado exitosamente a: c.bejarano@grupomerpes.com, l.castaneda@grupomerpes.com
2025-10-10 11:48:52,404 - WARNING - Imagen no encontrada: MAIL-REPORTE_06.png
2025-10-10 11:48:54,874 - INFO - Email enviado exitosamente a: j.moreno@grupomerpes.com, d.grisales@grupomerpes.com
2025-10-10 11:48:55,876 - WARNING - Imagen no encontrada: MAIL-REPORTE_06.png
2025-10-10 11:48:58,021 - INFO - Email enviado exitosamente a: j.triana@grupomerpes.com, d.grisales@grupomerpes.com
2025-10-10 11:48:59,023 - WARNING - Imagen no encontrada: MAIL-REPORTE_06.png
2025-10-10 11:48:59,618 - ERROR - Error al enviar email a ['j.triana@grupomerpes.com', 'd.grisales@grupomerpes.com']: Connection unexpectedly closed
2025-10-10 11:49:00,619 - INFO - === RESUMEN DE EJECUCIÓN ===
2025-10-10 11:49:00,619 - INFO - Total de reportes generados: 34
2025-10-10 11:49:00,620 - INFO - Emails enviados exitosamente: 33
2025-10-10 11:49:00,620 - INFO - Errores en envío: 1
2025-10-10 11:49:00,620 - INFO - Clientes procesados: Apex CO, Apex MX, Beiersdorf CO, Black & Decker CO, Coca Cola CO, Coca Cola CR, Coca Cola GU, Coca Cola PA, Diageo CA, Diageo CO, Diversey CO, Dos Pinos CR, Gases del oriente CO, Gloria CO, Grupo Diana CO, Impocali CO, Juan Valdez CO, Kimberly Clark CO, Kimberly Clark PE, Mabe CO, Mabe EC, Mabe PE, Newell CO, Opella CO, Papeles Nacionales, Reckitt CO, Softys CO, Splenda CO, Team Foods CO, Vanti CO, Wavin Pavco CO, Bavaria CO, Casa Luker CO
2025-10-10 11:49:00,621 - INFO - Archivo temporal eliminado
2025-10-17 17:35:13,597 - INFO - === INICIANDO MONITOREO DE CAMPAÑAS ===
2025-10-17 17:35:13,600 - INFO - Leyendo datos del archivo consolidado de horas soporte
2025-10-17 17:35:13,612 - INFO - Columnas mapeadas: {'SEPTIEMBRE': 'CLIENTE', 'Unnamed: 1': 'AREA_CAMPAÑA', 'Horas Soporte Merpes': 'HORAS_MERPES_ASIGNADAS', 'Unnamed: 3': 'HORAS_MERPES_CONSUMIDAS', 'Unnamed: 4': 'HORAS_MERPES_DISPONIBLES', 'Horas Soporte Zoftinium': 'HORAS_ZOFTINIUM_ASIGNADAS', 'Unnamed: 6': 'HORAS_ZOFTINIUM_CONSUMIDAS', 'Unnamed: 7': 'HORAS_ZOFTINIUM_DISPONIBLES', 'Piezas diseño': 'PIEZAS_DISEÑO_ASIGNADAS', 'Unnamed: 9': 'PIEZAS_DISEÑO_CONSUMIDAS', 'Unnamed: 10': 'PIEZAS_DISEÑO_DISPONIBLES', 'Correos': 'CORREOS'}
2025-10-17 17:35:13,616 - INFO - Columna 'HORAS_MERPES_ASIGNADAS' convertida a numérica
2025-10-17 17:35:13,617 - INFO - Columna 'HORAS_MERPES_CONSUMIDAS' convertida a numérica
2025-10-17 17:35:13,618 - INFO - Columna 'HORAS_ZOFTINIUM_ASIGNADAS' convertida a numérica
2025-10-17 17:35:13,619 - INFO - Columna 'HORAS_ZOFTINIUM_CONSUMIDAS' convertida a numérica
2025-10-17 17:35:13,619 - INFO - Columna 'PIEZAS_DISEÑO_ASIGNADAS' convertida a numérica
2025-10-17 17:35:13,620 - INFO - Columna 'PIEZAS_DISEÑO_CONSUMIDAS' convertida a numérica
2025-10-17 17:35:13,622 - INFO - Datos leídos exitosamente. Total clientes: 43
2025-10-17 17:35:13,624 - INFO - Mapeo de correos cargado: 34 clientes con correos definidos
2025-10-17 17:35:13,624 - INFO -   • Apex CO: a.sosa@grupomerpes.com, asistentecomercial16@grupomerpes.com, c.calderon@grupomerpes.com
2025-10-17 17:35:13,624 - INFO -   • Apex MX: v.zamudio@grupomerpes.com, j.corrales@grupomerpes.com
2025-10-17 17:35:13,625 - INFO -   • Beiersdorf CO: l.rojas@grupomerpes.com, l.castaneda@grupomerpes.com
2025-10-17 17:35:13,625 - INFO -   • Black & Decker CO: a.sosa@grupomerpes.com, asistentecomercial16@grupomerpes.com, c.calderon@grupomerpes.com
2025-10-17 17:35:13,625 - INFO -   • Coca Cola CO: l.castro@grupomerpes.com, c.calderon@grupomerpes.com, asistentecomercial13@grupomerpes.com
2025-10-17 17:35:13,625 - INFO -   • Coca Cola CR: comercialcr@grupomerpes.com, operacionescr@grupomerpes.com
2025-10-17 17:35:13,626 - INFO -   • Coca Cola GU: j.corrales@grupomerpes.com, v.zamudio@grupomerpes.com, comercialgt@grupomerpes.com, operaciones.gt@grupomerpes.com
2025-10-17 17:35:13,626 - INFO -   • Coca Cola PA: l.ortega@grupomerpes.com, v.zamudio@grupomerpes.com
2025-10-17 17:35:13,626 - INFO -   • Diageo CA: v.zamudio@grupomerpes.com, j.corrales@grupomerpes.com
2025-10-17 17:35:13,626 - INFO -   • Diageo CO: ks.gualdron@grupomerpes.com, asistentecomercial10@grupomerpes.com, l.castaneda@grupomerpes.com
2025-10-17 17:35:13,627 - INFO -   • Diversey CO: c.calderon@grupomerpes.com, v.zamudio@grupomerpes.com
2025-10-17 17:35:13,627 - INFO -   • Dos Pinos CR: comercialcr@grupomerpes.com, operacionescr@grupomerpes.com
2025-10-17 17:35:13,627 - INFO -   • Gases del oriente CO: c.calderon@grupomerpes.com, v.zamudio@grupomerpes.com
2025-10-17 17:35:13,627 - INFO -   • Gloria CO: e.munoz@grupomerpes.com, w.valbuena@grupomerpes.com, asistentecomercial23@grupomerpes.com
2025-10-17 17:35:13,627 - INFO -   • Grupo Diana CO: e.munoz@grupomerpes.com, w.valbuena@grupomerpes.com, asistentecomercial23@grupomerpes.com
2025-10-17 17:35:13,628 - INFO -   • Impocali CO: a.sosa@grupomerpes.com, asistentecomercial16@grupomerpes.com, c.calderon@grupomerpes.com
2025-10-17 17:35:13,628 - INFO -   • Juan Valdez CO: l.castro@grupomerpes.com, c.calderon@grupomerpes.com, asistentecomercial13@grupomerpes.com
2025-10-17 17:35:13,628 - INFO -   • Kimberly Clark CO: c.bejarano@grupomerpes.com, l.castaneda@grupomerpes.com
2025-10-17 17:35:13,628 - INFO -   • Kimberly Clark PE: ejecutivo.b2b@grupomerpes.com.pe, ejecutivo.fidelizacion@grupomerpes.com.pe
2025-10-17 17:35:13,628 - INFO -   • Mabe CO: m.zamudio@grupomerpes.com, asistentecomercial22@grupomerpes.com, w.valbuena@grupomerpes.com
2025-10-17 17:35:13,628 - INFO -   • Mabe EC: i.garcia@grupomerpes.com, asistentecomercial6@grupomerpes.com, w.valbuena@grupomerpes.com
2025-10-17 17:35:13,629 - INFO -   • Mabe PE: ejecutivo.b2b@grupomerpes.com.pe, w.valbuena@grupomerpes.com, desarrolloweb@grupomerpes.com
2025-10-17 17:35:13,629 - INFO -   • Newell CO: c.calderon@grupomerpes.com, p.moreno@grupomerpes.com, asistentecomercial16@grupomerpes.com
2025-10-17 17:35:13,629 - INFO -   • Opella CO: l.chala@grupomerpes.com, asistentecomercial11@grupomerpes.com, l.castaneda@grupomerpes.com
2025-10-17 17:35:13,629 - INFO -   • Papeles Nacionales: c.calderon@grupomerpes.com, v.zamudio@grupomerpes.com, kupaa@grupomerpes.com
2025-10-17 17:35:13,629 - INFO -   • Reckitt CO: l.rojas@grupomerpes.com, l.castaneda@grupomerpes.com
2025-10-17 17:35:13,629 - INFO -   • Softys CO: e.munoz@grupomerpes.com, w.valbuena@grupomerpes.com, asistentecomercial23@grupomerpes.com
2025-10-17 17:35:13,629 - INFO -   • Splenda CO: ks.gualdron@grupomerpes.com, asistentecomercial10@grupomerpes.com, l.castaneda@grupomerpes.com
2025-10-17 17:35:13,629 - INFO -   • Team Foods CO: i.garcia@grupomerpes.com, asistentecomercial6@grupomerpes.com, w.valbuena@grupomerpes.com
2025-10-17 17:35:13,629 - INFO -   • Vanti CO: i.garcia@grupomerpes.com, asistentecomercial6@grupomerpes.com, w.valbuena@grupomerpes.com
2025-10-17 17:35:13,630 - INFO -   • Wavin Pavco CO: c.bejarano@grupomerpes.com, l.castaneda@grupomerpes.com, jefediseno@grupomerpes.com
2025-10-17 17:35:13,630 - INFO -   • Bavaria CO: j.moreno@grupomerpes.com, d.grisales@grupomerpes.com
2025-10-17 17:35:13,630 - INFO -   • Casa Luker CO: j.triana@grupomerpes.com, d.grisales@grupomerpes.com
2025-10-17 17:35:13,630 - INFO -   • Terpel CO: j.triana@grupomerpes.com, d.grisales@grupomerpes.com
2025-10-17 17:35:13,631 - INFO - Reporte generado para Apex CO: Merpes 0.0/10h (0.0%), Zoftinium 1.0/3h (33.3%), Diseño 8/14 piezas (57.1%)
2025-10-17 17:35:13,632 - INFO - Reporte generado para Apex MX: Merpes 5.0/6h (83.3%), Zoftinium 0.5/3h (16.7%), Diseño 5/14 piezas (35.7%)
2025-10-17 17:35:13,632 - INFO - Reporte generado para Beiersdorf CO: Merpes 0.0/3h (0.0%), Zoftinium 0.0/2h (0.0%), Diseño 4/10 piezas (40.0%)
2025-10-17 17:35:13,633 - INFO - Reporte generado para Black & Decker CO: Merpes 1.4/11h (12.7%), Zoftinium 0.5/6h (8.3%), Diseño 0/9 piezas (0.0%)
2025-10-17 17:35:13,633 - INFO - Reporte generado para Coca Cola CO: Merpes 0.5/8h (6.2%), Zoftinium 0.0/4h (0.0%), Diseño 5/8 piezas (62.5%)
2025-10-17 17:35:13,634 - INFO - Reporte generado para Coca Cola CR: Merpes 0.0/7h (0.0%), Zoftinium 0.0/3h (0.0%), Diseño 0/15 piezas (0.0%)
2025-10-17 17:35:13,635 - INFO - Reporte generado para Coca Cola GU: Merpes 1.3/27h (4.8%), Zoftinium 0.8/14h (5.7%), Diseño 1/31 piezas (3.2%)
2025-10-17 17:35:13,635 - INFO - Reporte generado para Coca Cola PA: Merpes 2.8/15h (18.7%), Zoftinium 0.5/6h (8.3%), Diseño 0/8 piezas (0.0%)
2025-10-17 17:35:13,636 - INFO - Reporte generado para Diageo CA: Merpes 0.0/8h (0.0%), Zoftinium 0.0/3h (0.0%), Diseño 4/12 piezas (33.3%)
2025-10-17 17:35:13,636 - INFO - Reporte generado para Diageo CO: Merpes 0.3/10h (3.0%), Zoftinium 0.0/5h (0.0%), Diseño 5/14 piezas (35.7%)
2025-10-17 17:35:13,637 - INFO - Reporte generado para Diversey CO: Merpes 0.3/3h (10.0%), Zoftinium 0.0/3h (0.0%), Diseño 0/6 piezas (0.0%)
2025-10-17 17:35:13,637 - INFO - Reporte generado para Dos Pinos CR: Merpes 1.6/10h (16.0%), Zoftinium 0.0/4h (0.0%), Diseño 11/15 piezas (73.3%)
2025-10-17 17:35:13,638 - INFO - Reporte generado para Gases del oriente CO: Merpes 1.9/8h (23.8%), Zoftinium 0.0/5h (0.0%), Diseño 1/10 piezas (10.0%)
2025-10-17 17:35:13,639 - INFO - Reporte generado para Gloria CO: Merpes 4.0/15h (26.7%), Zoftinium 0.0/5h (0.0%), Diseño 0/20 piezas (0.0%)
2025-10-17 17:35:13,640 - INFO - Reporte generado para Grupo Diana CO: Merpes 1.1/8h (13.8%), Zoftinium 2.8/4h (70.0%), Diseño 5/7 piezas (71.4%)
2025-10-17 17:35:13,641 - INFO - Reporte generado para Impocali CO: Merpes 0.5/8h (6.2%), Zoftinium 0.8/4h (20.0%), Diseño 8/8 piezas (100.0%)
2025-10-17 17:35:13,642 - INFO - Reporte generado para Juan Valdez CO: Merpes 0.0/8h (0.0%), Zoftinium 0.0/3h (0.0%), Diseño 0/0 piezas (0.0%)
2025-10-17 17:35:13,643 - INFO - Reporte generado para Kimberly Clark CO: Merpes 0.6/6h (10.0%), Zoftinium 0.0/4h (0.0%), Diseño 6/8 piezas (75.0%)
2025-10-17 17:35:13,644 - INFO - Reporte generado para Kimberly Clark PE: Merpes 0.0/2h (0.0%), Zoftinium 0.0/2h (0.0%), Diseño 0/7 piezas (0.0%)
2025-10-17 17:35:13,644 - INFO - Reporte generado para Mabe CO: Merpes 10.0/25h (40.0%), Zoftinium 0.0/8h (0.0%), Diseño 0/0 piezas (0.0%)
2025-10-17 17:35:13,645 - INFO - Reporte generado para Mabe EC: Merpes 2.6/15h (17.3%), Zoftinium 3.1/4h (77.5%), Diseño 0/0 piezas (0.0%)
2025-10-17 17:35:13,646 - INFO - Reporte generado para Mabe PE: Merpes 0.3/15h (2.0%), Zoftinium 0.0/4h (0.0%), Diseño 0/0 piezas (0.0%)
2025-10-17 17:35:13,647 - INFO - Reporte generado para Newell CO: Merpes 0.3/8h (3.8%), Zoftinium 0.0/4h (0.0%), Diseño 7/12 piezas (58.3%)
2025-10-17 17:35:13,648 - INFO - Reporte generado para Opella CO: Merpes 5.8/17h (34.1%), Zoftinium 1.2/8h (15.0%), Diseño 2/5 piezas (40.0%)
2025-10-17 17:35:13,649 - INFO - Reporte generado para Papeles Nacionales: Merpes 0.3/4h (7.5%), Zoftinium 0.0/8h (0.0%), Diseño 0/4 piezas (0.0%)
2025-10-17 17:35:13,650 - INFO - Reporte generado para Reckitt CO: Merpes 0.5/2h (25.0%), Zoftinium 0.0/4h (0.0%), Diseño 6/7 piezas (85.7%)
2025-10-17 17:35:13,651 - INFO - Reporte generado para Softys CO: Merpes 0.0/8h (0.0%), Zoftinium 0.0/3h (0.0%), Diseño 0/8 piezas (0.0%)
2025-10-17 17:35:13,651 - INFO - Reporte generado para Splenda CO: Merpes 0.0/40h (0.0%), Zoftinium 0.0/15h (0.0%), Diseño 0/7 piezas (0.0%)
2025-10-17 17:35:13,652 - INFO - Reporte generado para Team Foods CO: Merpes 0.0/0h (0.0%), Zoftinium 0.0/0h (0.0%), Diseño 0/0 piezas (0.0%)
2025-10-17 17:35:13,653 - INFO - Reporte generado para Vanti CO: Merpes 0.5/4h (12.5%), Zoftinium 0.0/3h (0.0%), Diseño 16/14 piezas (114.3%)
2025-10-17 17:35:13,654 - INFO - Reporte generado para Wavin Pavco CO: Merpes 1.3/5h (26.0%), Zoftinium 0.75/4h (18.8%), Diseño 5/9 piezas (55.6%)
2025-10-17 17:35:13,655 - INFO - Reporte generado para Bavaria CO: Merpes 2.8/20h (14.0%), Zoftinium 0.0/12h (0.0%), Diseño 1/10 piezas (10.0%)
2025-10-17 17:35:13,656 - INFO - Reporte generado para Casa Luker CO: Merpes 2.2/2h (110.0%), Zoftinium 2.0/2h (100.0%), Diseño 0/0 piezas (0.0%)
2025-10-17 17:35:13,657 - INFO - Reporte generado para Terpel CO: Merpes 0.8/9h (8.9%), Zoftinium 0.8/9h (8.9%), Diseño 0/0 piezas (0.0%)
2025-10-17 17:35:13,657 - INFO - Se generaron 34 reportes mensuales
2025-10-17 17:35:13,667 - WARNING - Imagen no encontrada: MAIL-REPORTE_06.png
2025-10-17 17:35:16,052 - INFO - Email enviado exitosamente a: a.sosa@grupomerpes.com, asistentecomercial16@grupomerpes.com, c.calderon@grupomerpes.com
2025-10-17 17:35:17,054 - WARNING - Imagen no encontrada: MAIL-REPORTE_06.png
2025-10-17 17:35:19,214 - INFO - Email enviado exitosamente a: v.zamudio@grupomerpes.com, j.corrales@grupomerpes.com
2025-10-17 17:35:20,216 - WARNING - Imagen no encontrada: MAIL-REPORTE_06.png
2025-10-17 17:35:22,178 - INFO - Email enviado exitosamente a: l.rojas@grupomerpes.com, l.castaneda@grupomerpes.com
2025-10-17 17:35:23,180 - WARNING - Imagen no encontrada: MAIL-REPORTE_06.png
2025-10-17 17:35:25,377 - INFO - Email enviado exitosamente a: a.sosa@grupomerpes.com, asistentecomercial16@grupomerpes.com, c.calderon@grupomerpes.com
2025-10-17 17:35:26,380 - WARNING - Imagen no encontrada: MAIL-REPORTE_06.png
2025-10-17 17:35:28,425 - INFO - Email enviado exitosamente a: l.castro@grupomerpes.com, c.calderon@grupomerpes.com, asistentecomercial13@grupomerpes.com
2025-10-17 17:35:29,428 - WARNING - Imagen no encontrada: MAIL-REPORTE_06.png
2025-10-17 17:35:32,285 - INFO - Email enviado exitosamente a: comercialcr@grupomerpes.com, operacionescr@grupomerpes.com
2025-10-17 17:35:33,287 - WARNING - Imagen no encontrada: MAIL-REPORTE_06.png
2025-10-17 17:35:35,434 - INFO - Email enviado exitosamente a: j.corrales@grupomerpes.com, v.zamudio@grupomerpes.com, comercialgt@grupomerpes.com, operaciones.gt@grupomerpes.com
2025-10-17 17:35:36,435 - WARNING - Imagen no encontrada: MAIL-REPORTE_06.png
2025-10-17 17:35:38,377 - INFO - Email enviado exitosamente a: l.ortega@grupomerpes.com, v.zamudio@grupomerpes.com
2025-10-17 17:35:39,380 - WARNING - Imagen no encontrada: MAIL-REPORTE_06.png
2025-10-17 17:35:41,329 - INFO - Email enviado exitosamente a: v.zamudio@grupomerpes.com, j.corrales@grupomerpes.com
2025-10-17 17:35:42,332 - WARNING - Imagen no encontrada: MAIL-REPORTE_06.png
2025-10-17 17:35:44,210 - INFO - Email enviado exitosamente a: ks.gualdron@grupomerpes.com, asistentecomercial10@grupomerpes.com, l.castaneda@grupomerpes.com
2025-10-17 17:35:45,212 - WARNING - Imagen no encontrada: MAIL-REPORTE_06.png
2025-10-17 17:35:47,321 - INFO - Email enviado exitosamente a: c.calderon@grupomerpes.com, v.zamudio@grupomerpes.com
2025-10-17 17:35:48,324 - WARNING - Imagen no encontrada: MAIL-REPORTE_06.png
2025-10-17 17:35:50,299 - INFO - Email enviado exitosamente a: comercialcr@grupomerpes.com, operacionescr@grupomerpes.com
2025-10-17 17:35:51,302 - WARNING - Imagen no encontrada: MAIL-REPORTE_06.png
2025-10-17 17:35:53,096 - INFO - Email enviado exitosamente a: c.calderon@grupomerpes.com, v.zamudio@grupomerpes.com
2025-10-17 17:35:54,099 - WARNING - Imagen no encontrada: MAIL-REPORTE_06.png
2025-10-17 17:35:56,143 - INFO - Email enviado exitosamente a: e.munoz@grupomerpes.com, w.valbuena@grupomerpes.com, asistentecomercial23@grupomerpes.com
2025-10-17 17:35:57,146 - WARNING - Imagen no encontrada: MAIL-REPORTE_06.png
2025-10-17 17:35:59,050 - INFO - Email enviado exitosamente a: e.munoz@grupomerpes.com, w.valbuena@grupomerpes.com, asistentecomercial23@grupomerpes.com
2025-10-17 17:36:00,053 - WARNING - Imagen no encontrada: MAIL-REPORTE_06.png
2025-10-17 17:36:02,094 - INFO - Email enviado exitosamente a: a.sosa@grupomerpes.com, asistentecomercial16@grupomerpes.com, c.calderon@grupomerpes.com
2025-10-17 17:36:03,097 - WARNING - Imagen no encontrada: MAIL-REPORTE_06.png
2025-10-17 17:36:05,148 - INFO - Email enviado exitosamente a: l.castro@grupomerpes.com, c.calderon@grupomerpes.com, asistentecomercial13@grupomerpes.com
2025-10-17 17:36:06,150 - WARNING - Imagen no encontrada: MAIL-REPORTE_06.png
2025-10-17 17:36:07,837 - INFO - Email enviado exitosamente a: c.bejarano@grupomerpes.com, l.castaneda@grupomerpes.com
2025-10-17 17:36:08,841 - WARNING - Imagen no encontrada: MAIL-REPORTE_06.png
2025-10-17 17:36:10,718 - INFO - Email enviado exitosamente a: ejecutivo.b2b@grupomerpes.com.pe, ejecutivo.fidelizacion@grupomerpes.com.pe
2025-10-17 17:36:11,720 - WARNING - Imagen no encontrada: MAIL-REPORTE_06.png
2025-10-17 17:36:13,793 - INFO - Email enviado exitosamente a: m.zamudio@grupomerpes.com, asistentecomercial22@grupomerpes.com, w.valbuena@grupomerpes.com
2025-10-17 17:36:14,796 - WARNING - Imagen no encontrada: MAIL-REPORTE_06.png
2025-10-17 17:36:16,692 - INFO - Email enviado exitosamente a: i.garcia@grupomerpes.com, asistentecomercial6@grupomerpes.com, w.valbuena@grupomerpes.com
2025-10-17 17:36:17,694 - WARNING - Imagen no encontrada: MAIL-REPORTE_06.png
2025-10-17 17:36:19,748 - INFO - Email enviado exitosamente a: ejecutivo.b2b@grupomerpes.com.pe, w.valbuena@grupomerpes.com, desarrolloweb@grupomerpes.com
2025-10-17 17:36:20,750 - WARNING - Imagen no encontrada: MAIL-REPORTE_06.png
2025-10-17 17:36:22,998 - INFO - Email enviado exitosamente a: c.calderon@grupomerpes.com, p.moreno@grupomerpes.com, asistentecomercial16@grupomerpes.com
2025-10-17 17:36:24,002 - WARNING - Imagen no encontrada: MAIL-REPORTE_06.png
2025-10-17 17:36:25,790 - INFO - Email enviado exitosamente a: l.chala@grupomerpes.com, asistentecomercial11@grupomerpes.com, l.castaneda@grupomerpes.com
2025-10-17 17:36:26,792 - WARNING - Imagen no encontrada: MAIL-REPORTE_06.png
2025-10-17 17:36:28,842 - INFO - Email enviado exitosamente a: c.calderon@grupomerpes.com, v.zamudio@grupomerpes.com, kupaa@grupomerpes.com
2025-10-17 17:36:29,845 - WARNING - Imagen no encontrada: MAIL-REPORTE_06.png
2025-10-17 17:36:31,731 - INFO - Email enviado exitosamente a: l.rojas@grupomerpes.com, l.castaneda@grupomerpes.com
2025-10-17 17:36:32,734 - WARNING - Imagen no encontrada: MAIL-REPORTE_06.png
2025-10-17 17:36:34,866 - INFO - Email enviado exitosamente a: e.munoz@grupomerpes.com, w.valbuena@grupomerpes.com, asistentecomercial23@grupomerpes.com
2025-10-17 17:36:35,870 - WARNING - Imagen no encontrada: MAIL-REPORTE_06.png
2025-10-17 17:36:37,829 - INFO - Email enviado exitosamente a: ks.gualdron@grupomerpes.com, asistentecomercial10@grupomerpes.com, l.castaneda@grupomerpes.com
2025-10-17 17:36:38,831 - WARNING - Imagen no encontrada: MAIL-REPORTE_06.png
2025-10-17 17:36:40,805 - INFO - Email enviado exitosamente a: i.garcia@grupomerpes.com, asistentecomercial6@grupomerpes.com, w.valbuena@grupomerpes.com
2025-10-17 17:36:41,807 - WARNING - Imagen no encontrada: MAIL-REPORTE_06.png
2025-10-17 17:36:43,803 - INFO - Email enviado exitosamente a: i.garcia@grupomerpes.com, asistentecomercial6@grupomerpes.com, w.valbuena@grupomerpes.com
2025-10-17 17:36:44,805 - WARNING - Imagen no encontrada: MAIL-REPORTE_06.png
2025-10-17 17:36:46,610 - INFO - Email enviado exitosamente a: c.bejarano@grupomerpes.com, l.castaneda@grupomerpes.com, jefediseno@grupomerpes.com
2025-10-17 17:36:47,613 - WARNING - Imagen no encontrada: MAIL-REPORTE_06.png
2025-10-17 17:36:49,273 - INFO - Email enviado exitosamente a: j.moreno@grupomerpes.com, d.grisales@grupomerpes.com
2025-10-17 17:36:50,275 - WARNING - Imagen no encontrada: MAIL-REPORTE_06.png
2025-10-17 17:36:52,222 - INFO - Email enviado exitosamente a: j.triana@grupomerpes.com, d.grisales@grupomerpes.com
2025-10-17 17:36:53,225 - WARNING - Imagen no encontrada: MAIL-REPORTE_06.png
2025-10-17 17:36:55,183 - INFO - Email enviado exitosamente a: j.triana@grupomerpes.com, d.grisales@grupomerpes.com
2025-10-17 17:36:56,184 - INFO - === RESUMEN DE EJECUCIÓN ===
2025-10-17 17:36:56,184 - INFO - Total de reportes generados: 34
2025-10-17 17:36:56,184 - INFO - Emails enviados exitosamente: 34
2025-10-17 17:36:56,185 - INFO - Errores en envío: 0
2025-10-17 17:36:56,185 - INFO - Clientes procesados: Apex CO, Apex MX, Beiersdorf CO, Black & Decker CO, Coca Cola CO, Coca Cola CR, Coca Cola GU, Coca Cola PA, Diageo CA, Diageo CO, Diversey CO, Dos Pinos CR, Gases del oriente CO, Gloria CO, Grupo Diana CO, Impocali CO, Juan Valdez CO, Kimberly Clark CO, Kimberly Clark PE, Mabe CO, Mabe EC, Mabe PE, Newell CO, Opella CO, Papeles Nacionales, Reckitt CO, Softys CO, Splenda CO, Team Foods CO, Vanti CO, Wavin Pavco CO, Bavaria CO, Casa Luker CO, Terpel CO
2025-10-17 17:36:56,185 - INFO - Archivo temporal eliminado
2025-10-28 13:07:53,737 - INFO - === INICIANDO MONITOREO DE CAMPAÑAS ===
2025-10-28 13:07:53,739 - INFO - Leyendo datos del archivo consolidado de horas soporte
2025-10-28 13:07:53,749 - INFO - Columnas mapeadas: {'SEPTIEMBRE': 'CLIENTE', 'Unnamed: 1': 'AREA_CAMPAÑA', 'Horas Soporte Merpes': 'HORAS_MERPES_ASIGNADAS', 'Unnamed: 3': 'HORAS_MERPES_CONSUMIDAS', 'Unnamed: 4': 'HORAS_MERPES_DISPONIBLES', 'Horas Soporte Zoftinium': 'HORAS_ZOFTINIUM_ASIGNADAS', 'Unnamed: 6': 'HORAS_ZOFTINIUM_CONSUMIDAS', 'Unnamed: 7': 'HORAS_ZOFTINIUM_DISPONIBLES', 'Piezas diseño': 'PIEZAS_DISEÑO_ASIGNADAS', 'Unnamed: 9': 'PIEZAS_DISEÑO_CONSUMIDAS', 'Unnamed: 10': 'PIEZAS_DISEÑO_DISPONIBLES', 'Correos': 'CORREOS'}
2025-10-28 13:07:53,753 - INFO - Columna 'HORAS_MERPES_ASIGNADAS' convertida a numérica
2025-10-28 13:07:53,753 - INFO - Columna 'HORAS_MERPES_CONSUMIDAS' convertida a numérica
2025-10-28 13:07:53,754 - INFO - Columna 'HORAS_ZOFTINIUM_ASIGNADAS' convertida a numérica
2025-10-28 13:07:53,754 - INFO - Columna 'HORAS_ZOFTINIUM_CONSUMIDAS' convertida a numérica
2025-10-28 13:07:53,754 - INFO - Columna 'PIEZAS_DISEÑO_ASIGNADAS' convertida a numérica
2025-10-28 13:07:53,755 - INFO - Columna 'PIEZAS_DISEÑO_CONSUMIDAS' convertida a numérica
2025-10-28 13:07:53,756 - INFO - Datos leídos exitosamente. Total clientes: 43
2025-10-28 13:07:53,758 - INFO - Mapeo de correos cargado: 34 clientes con correos definidos
2025-10-28 13:07:53,759 - INFO -   • Apex CO: a.sosa@grupomerpes.com, asistentecomercial16@grupomerpes.com, c.calderon@grupomerpes.com
2025-10-28 13:07:53,759 - INFO -   • Apex MX: v.zamudio@grupomerpes.com, j.corrales@grupomerpes.com
2025-10-28 13:07:53,759 - INFO -   • Beiersdorf CO: l.rojas@grupomerpes.com, l.castaneda@grupomerpes.com
2025-10-28 13:07:53,759 - INFO -   • Black & Decker CO: a.sosa@grupomerpes.com, asistentecomercial16@grupomerpes.com, c.calderon@grupomerpes.com
2025-10-28 13:07:53,759 - INFO -   • Coca Cola CO: l.castro@grupomerpes.com, c.calderon@grupomerpes.com, asistentecomercial13@grupomerpes.com
2025-10-28 13:07:53,759 - INFO -   • Coca Cola CR: comercialcr@grupomerpes.com, operacionescr@grupomerpes.com
2025-10-28 13:07:53,759 - INFO -   • Coca Cola GU: j.corrales@grupomerpes.com, v.zamudio@grupomerpes.com, comercialgt@grupomerpes.com, operaciones.gt@grupomerpes.com
2025-10-28 13:07:53,759 - INFO -   • Coca Cola PA: l.ortega@grupomerpes.com, v.zamudio@grupomerpes.com
2025-10-28 13:07:53,760 - INFO -   • Diageo CA: v.zamudio@grupomerpes.com, j.corrales@grupomerpes.com
2025-10-28 13:07:53,760 - INFO -   • Diageo CO: ks.gualdron@grupomerpes.com, asistentecomercial10@grupomerpes.com, l.castaneda@grupomerpes.com
2025-10-28 13:07:53,760 - INFO -   • Diversey CO: c.calderon@grupomerpes.com, v.zamudio@grupomerpes.com
2025-10-28 13:07:53,760 - INFO -   • Dos Pinos CR: comercialcr@grupomerpes.com, operacionescr@grupomerpes.com
2025-10-28 13:07:53,760 - INFO -   • Gases del oriente CO: c.calderon@grupomerpes.com, v.zamudio@grupomerpes.com
2025-10-28 13:07:53,760 - INFO -   • Gloria CO: e.munoz@grupomerpes.com, w.valbuena@grupomerpes.com, asistentecomercial23@grupomerpes.com, desarrolloweb@grupomerpes.com
2025-10-28 13:07:53,760 - INFO -   • Grupo Diana CO: e.munoz@grupomerpes.com, w.valbuena@grupomerpes.com, asistentecomercial23@grupomerpes.com
2025-10-28 13:07:53,760 - INFO -   • Impocali CO: a.sosa@grupomerpes.com, asistentecomercial16@grupomerpes.com, c.calderon@grupomerpes.com
2025-10-28 13:07:53,761 - INFO -   • Juan Valdez CO: l.castro@grupomerpes.com, c.calderon@grupomerpes.com, asistentecomercial13@grupomerpes.com
2025-10-28 13:07:53,761 - INFO -   • Kimberly Clark CO: c.bejarano@grupomerpes.com, l.castaneda@grupomerpes.com
2025-10-28 13:07:53,761 - INFO -   • Kimberly Clark PE: ejecutivo.b2b@grupomerpes.com.pe, ejecutivo.fidelizacion@grupomerpes.com.pe
2025-10-28 13:07:53,761 - INFO -   • Mabe CO: m.zamudio@grupomerpes.com, asistentecomercial22@grupomerpes.com, w.valbuena@grupomerpes.com
2025-10-28 13:07:53,761 - INFO -   • Mabe EC: i.garcia@grupomerpes.com, asistentecomercial6@grupomerpes.com, w.valbuena@grupomerpes.com, kupaa@grupomerpes.com
2025-10-28 13:07:53,761 - INFO -   • Mabe PE: ejecutivo.b2b@grupomerpes.com.pe, w.valbuena@grupomerpes.com
2025-10-28 13:07:53,761 - INFO -   • Newell CO: c.calderon@grupomerpes.com, p.moreno@grupomerpes.com, asistentecomercial16@grupomerpes.com
2025-10-28 13:07:53,761 - INFO -   • Opella CO: l.chala@grupomerpes.com, asistentecomercial11@grupomerpes.com, l.castaneda@grupomerpes.com
2025-10-28 13:07:53,761 - INFO -   • Papeles Nacionales: c.calderon@grupomerpes.com, v.zamudio@grupomerpes.com
2025-10-28 13:07:53,762 - INFO -   • Reckitt CO: l.rojas@grupomerpes.com, l.castaneda@grupomerpes.com
2025-10-28 13:07:53,762 - INFO -   • Softys CO: e.munoz@grupomerpes.com, w.valbuena@grupomerpes.com, asistentecomercial23@grupomerpes.com
2025-10-28 13:07:53,762 - INFO -   • Splenda CO: ks.gualdron@grupomerpes.com, asistentecomercial10@grupomerpes.com, l.castaneda@grupomerpes.com
2025-10-28 13:07:53,762 - INFO -   • Team Foods CO: i.garcia@grupomerpes.com, asistentecomercial6@grupomerpes.com, w.valbuena@grupomerpes.com, jefediseno@grupomerpes.com
2025-10-28 13:07:53,762 - INFO -   • Vanti CO: i.garcia@grupomerpes.com, asistentecomercial6@grupomerpes.com, w.valbuena@grupomerpes.com
2025-10-28 13:07:53,762 - INFO -   • Wavin Pavco CO: c.bejarano@grupomerpes.com, l.castaneda@grupomerpes.com
2025-10-28 13:07:53,762 - INFO -   • Bavaria CO: j.moreno@grupomerpes.com, d.grisales@grupomerpes.com
2025-10-28 13:07:53,762 - INFO -   • Casa Luker CO: j.triana@grupomerpes.com, d.grisales@grupomerpes.com
2025-10-28 13:07:53,762 - INFO -   • Terpel CO: j.triana@grupomerpes.com, d.grisales@grupomerpes.com
2025-10-28 13:07:53,764 - INFO - Reporte generado para Apex CO: Merpes 4.3/10h (43.0%), Zoftinium 1.8/3h (60.0%), Diseño 9/14 piezas (64.3%)
2025-10-28 13:07:53,764 - INFO - Reporte generado para Apex MX: Merpes 5.3/6h (88.3%), Zoftinium 2.1/3h (70.0%), Diseño 7/14 piezas (50.0%)
2025-10-28 13:07:53,765 - INFO - Reporte generado para Beiersdorf CO: Merpes 0.0/3h (0.0%), Zoftinium 0.0/2h (0.0%), Diseño 4/10 piezas (40.0%)
2025-10-28 13:07:53,766 - INFO - Reporte generado para Black & Decker CO: Merpes 2.0/11h (18.2%), Zoftinium 0.5/6h (8.3%), Diseño 0/9 piezas (0.0%)
2025-10-28 13:07:53,766 - INFO - Reporte generado para Coca Cola CO: Merpes 0.5/8h (6.2%), Zoftinium 0.0/4h (0.0%), Diseño 7/8 piezas (87.5%)
2025-10-28 13:07:53,767 - INFO - Reporte generado para Coca Cola CR: Merpes 0.0/7h (0.0%), Zoftinium 0.0/3h (0.0%), Diseño 0/15 piezas (0.0%)
2025-10-28 13:07:53,768 - INFO - Reporte generado para Coca Cola GU: Merpes 1.3/27h (4.8%), Zoftinium 1.55/14h (11.1%), Diseño 5/31 piezas (16.1%)
2025-10-28 13:07:53,768 - INFO - Reporte generado para Coca Cola PA: Merpes 3.6/15h (24.0%), Zoftinium 3.9/6h (65.0%), Diseño 0/8 piezas (0.0%)
2025-10-28 13:07:53,769 - INFO - Reporte generado para Diageo CA: Merpes 0.0/8h (0.0%), Zoftinium 0.0/3h (0.0%), Diseño 4/12 piezas (33.3%)
2025-10-28 13:07:53,769 - INFO - Reporte generado para Diageo CO: Merpes 0.8/10h (8.0%), Zoftinium 0.0/5h (0.0%), Diseño 5/14 piezas (35.7%)
2025-10-28 13:07:53,770 - INFO - Reporte generado para Diversey CO: Merpes 0.3/3h (10.0%), Zoftinium 0.0/3h (0.0%), Diseño 0/6 piezas (0.0%)
2025-10-28 13:07:53,771 - INFO - Reporte generado para Dos Pinos CR: Merpes 1.6/10h (16.0%), Zoftinium 0.0/4h (0.0%), Diseño 19/15 piezas (126.7%)
2025-10-28 13:07:53,771 - INFO - Reporte generado para Gases del oriente CO: Merpes 1.9/8h (23.8%), Zoftinium 1.6/5h (32.0%), Diseño 1/10 piezas (10.0%)
2025-10-28 13:07:53,772 - INFO - Reporte generado para Gloria CO: Merpes 5.8/15h (38.7%), Zoftinium 0.75/5h (15.0%), Diseño 0/20 piezas (0.0%)
2025-10-28 13:07:53,773 - INFO - Reporte generado para Grupo Diana CO: Merpes 1.6/8h (20.0%), Zoftinium 4.3/4h (107.5%), Diseño 5/7 piezas (71.4%)
2025-10-28 13:07:53,774 - INFO - Reporte generado para Impocali CO: Merpes 0.5/8h (6.2%), Zoftinium 0.8/4h (20.0%), Diseño 10/8 piezas (125.0%)
2025-10-28 13:07:53,774 - INFO - Reporte generado para Juan Valdez CO: Merpes 0.0/8h (0.0%), Zoftinium 0.0/3h (0.0%), Diseño 0/0 piezas (0.0%)
2025-10-28 13:07:53,775 - INFO - Reporte generado para Kimberly Clark CO: Merpes 0.6/6h (10.0%), Zoftinium 0.0/4h (0.0%), Diseño 6/8 piezas (75.0%)
2025-10-28 13:07:53,775 - INFO - Reporte generado para Kimberly Clark PE: Merpes 0.0/2h (0.0%), Zoftinium 0.0/2h (0.0%), Diseño 0/7 piezas (0.0%)
2025-10-28 13:07:53,776 - INFO - Reporte generado para Mabe CO: Merpes 12.0/25h (48.0%), Zoftinium 0.0/8h (0.0%), Diseño 0/0 piezas (0.0%)
2025-10-28 13:07:53,776 - INFO - Reporte generado para Mabe EC: Merpes 11.1/15h (74.0%), Zoftinium 3.1/4h (77.5%), Diseño 0/0 piezas (0.0%)
2025-10-28 13:07:53,777 - INFO - Reporte generado para Mabe PE: Merpes 0.8/15h (5.3%), Zoftinium 0.0/4h (0.0%), Diseño 0/0 piezas (0.0%)
2025-10-28 13:07:53,777 - INFO - Reporte generado para Newell CO: Merpes 0.3/8h (3.8%), Zoftinium 0.0/4h (0.0%), Diseño 10/12 piezas (83.3%)
2025-10-28 13:07:53,778 - INFO - Reporte generado para Opella CO: Merpes 8.3/17h (48.8%), Zoftinium 3.0/8h (37.5%), Diseño 5/5 piezas (100.0%)
2025-10-28 13:07:53,778 - INFO - Reporte generado para Papeles Nacionales: Merpes 0.3/4h (7.5%), Zoftinium 0.0/8h (0.0%), Diseño 0/4 piezas (0.0%)
2025-10-28 13:07:53,779 - INFO - Reporte generado para Reckitt CO: Merpes 0.5/2h (25.0%), Zoftinium 0.5/4h (12.5%), Diseño 6/7 piezas (85.7%)
2025-10-28 13:07:53,779 - INFO - Reporte generado para Softys CO: Merpes 0.0/8h (0.0%), Zoftinium 0.0/3h (0.0%), Diseño 4/8 piezas (50.0%)
2025-10-28 13:07:53,780 - INFO - Reporte generado para Splenda CO: Merpes 0.0/40h (0.0%), Zoftinium 0.0/15h (0.0%), Diseño 0/7 piezas (0.0%)
2025-10-28 13:07:53,781 - INFO - Reporte generado para Team Foods CO: Merpes 0.0/0h (0.0%), Zoftinium 0.0/0h (0.0%), Diseño 0/0 piezas (0.0%)
2025-10-28 13:07:53,781 - INFO - Reporte generado para Vanti CO: Merpes 0.5/4h (12.5%), Zoftinium 0.0/3h (0.0%), Diseño 18/14 piezas (128.6%)
2025-10-28 13:07:53,782 - INFO - Reporte generado para Wavin Pavco CO: Merpes 1.3/5h (26.0%), Zoftinium 0.75/4h (18.8%), Diseño 5/9 piezas (55.6%)
2025-10-28 13:07:53,782 - INFO - Reporte generado para Bavaria CO: Merpes 6.3/20h (31.5%), Zoftinium 0.0/12h (0.0%), Diseño 1/10 piezas (10.0%)
2025-10-28 13:07:53,783 - INFO - Reporte generado para Casa Luker CO: Merpes 2.5/2h (125.0%), Zoftinium 2.0/2h (100.0%), Diseño 0/0 piezas (0.0%)
2025-10-28 13:07:53,784 - INFO - Reporte generado para Terpel CO: Merpes 1.1/9h (12.2%), Zoftinium 1.1/9h (12.2%), Diseño 0/0 piezas (0.0%)
2025-10-28 13:07:53,784 - INFO - Se generaron 34 reportes mensuales
2025-10-28 13:07:53,794 - WARNING - Imagen no encontrada: MAIL-REPORTE_06.png
2025-10-28 13:07:55,865 - INFO - Email enviado exitosamente a: a.sosa@grupomerpes.com, asistentecomercial16@grupomerpes.com, c.calderon@grupomerpes.com
2025-10-28 13:07:56,867 - WARNING - Imagen no encontrada: MAIL-REPORTE_06.png
2025-10-28 13:07:58,680 - INFO - Email enviado exitosamente a: v.zamudio@grupomerpes.com, j.corrales@grupomerpes.com
2025-10-28 13:07:59,682 - WARNING - Imagen no encontrada: MAIL-REPORTE_06.png
2025-10-28 13:08:01,554 - INFO - Email enviado exitosamente a: l.rojas@grupomerpes.com, l.castaneda@grupomerpes.com
2025-10-28 13:08:02,556 - WARNING - Imagen no encontrada: MAIL-REPORTE_06.png
2025-10-28 13:08:04,446 - INFO - Email enviado exitosamente a: a.sosa@grupomerpes.com, asistentecomercial16@grupomerpes.com, c.calderon@grupomerpes.com
2025-10-28 13:08:05,448 - WARNING - Imagen no encontrada: MAIL-REPORTE_06.png
2025-10-28 13:08:09,436 - INFO - Email enviado exitosamente a: l.castro@grupomerpes.com, c.calderon@grupomerpes.com, asistentecomercial13@grupomerpes.com
2025-10-28 13:08:10,438 - WARNING - Imagen no encontrada: MAIL-REPORTE_06.png
2025-10-28 13:08:13,316 - INFO - Email enviado exitosamente a: comercialcr@grupomerpes.com, operacionescr@grupomerpes.com
2025-10-28 13:08:14,318 - WARNING - Imagen no encontrada: MAIL-REPORTE_06.png
2025-10-28 13:08:16,067 - INFO - Email enviado exitosamente a: j.corrales@grupomerpes.com, v.zamudio@grupomerpes.com, comercialgt@grupomerpes.com, operaciones.gt@grupomerpes.com
2025-10-28 13:08:17,070 - WARNING - Imagen no encontrada: MAIL-REPORTE_06.png
2025-10-28 13:08:18,914 - INFO - Email enviado exitosamente a: l.ortega@grupomerpes.com, v.zamudio@grupomerpes.com
2025-10-28 13:08:19,916 - WARNING - Imagen no encontrada: MAIL-REPORTE_06.png
2025-10-28 13:08:21,858 - INFO - Email enviado exitosamente a: v.zamudio@grupomerpes.com, j.corrales@grupomerpes.com
2025-10-28 13:08:22,860 - WARNING - Imagen no encontrada: MAIL-REPORTE_06.png
2025-10-28 13:08:25,008 - INFO - Email enviado exitosamente a: ks.gualdron@grupomerpes.com, asistentecomercial10@grupomerpes.com, l.castaneda@grupomerpes.com
2025-10-28 13:08:26,010 - WARNING - Imagen no encontrada: MAIL-REPORTE_06.png
2025-10-28 13:08:28,967 - INFO - Email enviado exitosamente a: c.calderon@grupomerpes.com, v.zamudio@grupomerpes.com
2025-10-28 13:08:29,970 - WARNING - Imagen no encontrada: MAIL-REPORTE_06.png
2025-10-28 13:08:32,123 - INFO - Email enviado exitosamente a: comercialcr@grupomerpes.com, operacionescr@grupomerpes.com
2025-10-28 13:08:33,125 - WARNING - Imagen no encontrada: MAIL-REPORTE_06.png
2025-10-28 13:08:35,756 - INFO - Email enviado exitosamente a: c.calderon@grupomerpes.com, v.zamudio@grupomerpes.com
2025-10-28 13:08:36,758 - WARNING - Imagen no encontrada: MAIL-REPORTE_06.png
2025-10-28 13:08:38,889 - INFO - Email enviado exitosamente a: e.munoz@grupomerpes.com, w.valbuena@grupomerpes.com, asistentecomercial23@grupomerpes.com, desarrolloweb@grupomerpes.com
2025-10-28 13:08:39,891 - WARNING - Imagen no encontrada: MAIL-REPORTE_06.png
2025-10-28 13:08:41,851 - INFO - Email enviado exitosamente a: e.munoz@grupomerpes.com, w.valbuena@grupomerpes.com, asistentecomercial23@grupomerpes.com
2025-10-28 13:08:42,852 - WARNING - Imagen no encontrada: MAIL-REPORTE_06.png
2025-10-28 13:08:44,797 - INFO - Email enviado exitosamente a: a.sosa@grupomerpes.com, asistentecomercial16@grupomerpes.com, c.calderon@grupomerpes.com
2025-10-28 13:08:45,799 - WARNING - Imagen no encontrada: MAIL-REPORTE_06.png
2025-10-28 13:08:48,486 - INFO - Email enviado exitosamente a: l.castro@grupomerpes.com, c.calderon@grupomerpes.com, asistentecomercial13@grupomerpes.com
2025-10-28 13:08:49,489 - WARNING - Imagen no encontrada: MAIL-REPORTE_06.png
2025-10-28 13:08:51,394 - INFO - Email enviado exitosamente a: c.bejarano@grupomerpes.com, l.castaneda@grupomerpes.com
2025-10-28 13:08:52,396 - WARNING - Imagen no encontrada: MAIL-REPORTE_06.png
2025-10-28 13:08:56,112 - INFO - Email enviado exitosamente a: ejecutivo.b2b@grupomerpes.com.pe, ejecutivo.fidelizacion@grupomerpes.com.pe
2025-10-28 13:08:57,114 - WARNING - Imagen no encontrada: MAIL-REPORTE_06.png
2025-10-28 13:08:58,962 - INFO - Email enviado exitosamente a: m.zamudio@grupomerpes.com, asistentecomercial22@grupomerpes.com, w.valbuena@grupomerpes.com
2025-10-28 13:08:59,965 - WARNING - Imagen no encontrada: MAIL-REPORTE_06.png
2025-10-28 13:09:03,157 - INFO - Email enviado exitosamente a: i.garcia@grupomerpes.com, asistentecomercial6@grupomerpes.com, w.valbuena@grupomerpes.com, kupaa@grupomerpes.com
2025-10-28 13:09:04,160 - WARNING - Imagen no encontrada: MAIL-REPORTE_06.png
2025-10-28 13:09:07,868 - INFO - Email enviado exitosamente a: ejecutivo.b2b@grupomerpes.com.pe, w.valbuena@grupomerpes.com
2025-10-28 13:09:08,870 - WARNING - Imagen no encontrada: MAIL-REPORTE_06.png
2025-10-28 13:09:10,964 - INFO - Email enviado exitosamente a: c.calderon@grupomerpes.com, p.moreno@grupomerpes.com, asistentecomercial16@grupomerpes.com
2025-10-28 13:09:11,967 - WARNING - Imagen no encontrada: MAIL-REPORTE_06.png
2025-10-28 13:09:13,958 - INFO - Email enviado exitosamente a: l.chala@grupomerpes.com, asistentecomercial11@grupomerpes.com, l.castaneda@grupomerpes.com
2025-10-28 13:09:14,961 - WARNING - Imagen no encontrada: MAIL-REPORTE_06.png
2025-10-28 13:09:16,759 - INFO - Email enviado exitosamente a: c.calderon@grupomerpes.com, v.zamudio@grupomerpes.com
2025-10-28 13:09:17,762 - WARNING - Imagen no encontrada: MAIL-REPORTE_06.png
2025-10-28 13:09:19,709 - INFO - Email enviado exitosamente a: l.rojas@grupomerpes.com, l.castaneda@grupomerpes.com
2025-10-28 13:09:20,712 - WARNING - Imagen no encontrada: MAIL-REPORTE_06.png
2025-10-28 13:09:23,115 - INFO - Email enviado exitosamente a: e.munoz@grupomerpes.com, w.valbuena@grupomerpes.com, asistentecomercial23@grupomerpes.com
2025-10-28 13:09:24,118 - WARNING - Imagen no encontrada: MAIL-REPORTE_06.png
2025-10-28 13:09:25,979 - INFO - Email enviado exitosamente a: ks.gualdron@grupomerpes.com, asistentecomercial10@grupomerpes.com, l.castaneda@grupomerpes.com
2025-10-28 13:09:26,981 - WARNING - Imagen no encontrada: MAIL-REPORTE_06.png
2025-10-28 13:09:29,936 - INFO - Email enviado exitosamente a: i.garcia@grupomerpes.com, asistentecomercial6@grupomerpes.com, w.valbuena@grupomerpes.com, jefediseno@grupomerpes.com
2025-10-28 13:09:30,938 - WARNING - Imagen no encontrada: MAIL-REPORTE_06.png
2025-10-28 13:09:34,481 - INFO - Email enviado exitosamente a: i.garcia@grupomerpes.com, asistentecomercial6@grupomerpes.com, w.valbuena@grupomerpes.com
2025-10-28 13:09:35,484 - WARNING - Imagen no encontrada: MAIL-REPORTE_06.png
2025-10-28 13:09:37,424 - INFO - Email enviado exitosamente a: c.bejarano@grupomerpes.com, l.castaneda@grupomerpes.com
2025-10-28 13:09:38,427 - WARNING - Imagen no encontrada: MAIL-REPORTE_06.png
2025-10-28 13:09:40,429 - INFO - Email enviado exitosamente a: j.moreno@grupomerpes.com, d.grisales@grupomerpes.com
2025-10-28 13:09:41,430 - WARNING - Imagen no encontrada: MAIL-REPORTE_06.png
2025-10-28 13:09:43,407 - INFO - Email enviado exitosamente a: j.triana@grupomerpes.com, d.grisales@grupomerpes.com
2025-10-28 13:09:44,410 - WARNING - Imagen no encontrada: MAIL-REPORTE_06.png
2025-10-28 13:09:46,534 - INFO - Email enviado exitosamente a: j.triana@grupomerpes.com, d.grisales@grupomerpes.com
2025-10-28 13:09:47,534 - INFO - === RESUMEN DE EJECUCIÓN ===
2025-10-28 13:09:47,534 - INFO - Total de reportes generados: 34
2025-10-28 13:09:47,535 - INFO - Emails enviados exitosamente: 34
2025-10-28 13:09:47,535 - INFO - Errores en envío: 0
2025-10-28 13:09:47,535 - INFO - Clientes procesados: Apex CO, Apex MX, Beiersdorf CO, Black & Decker CO, Coca Cola CO, Coca Cola CR, Coca Cola GU, Coca Cola PA, Diageo CA, Diageo CO, Diversey CO, Dos Pinos CR, Gases del oriente CO, Gloria CO, Grupo Diana CO, Impocali CO, Juan Valdez CO, Kimberly Clark CO, Kimberly Clark PE, Mabe CO, Mabe EC, Mabe PE, Newell CO, Opella CO, Papeles Nacionales, Reckitt CO, Softys CO, Splenda CO, Team Foods CO, Vanti CO, Wavin Pavco CO, Bavaria CO, Casa Luker CO, Terpel CO
2025-10-28 13:09:47,535 - INFO - Archivo temporal eliminado
2025-11-05 16:26:55,254 - INFO - === INICIANDO MONITOREO DE CAMPAÑAS ===
2025-11-05 16:26:55,256 - INFO - Leyendo datos del archivo consolidado de horas soporte
2025-11-05 16:26:55,270 - INFO - Columnas mapeadas: {'SEPTIEMBRE': 'CLIENTE', 'Unnamed: 1': 'AREA_CAMPAÑA', 'Horas Soporte Merpes': 'HORAS_MERPES_ASIGNADAS', 'Unnamed: 3': 'HORAS_MERPES_CONSUMIDAS', 'Unnamed: 4': 'HORAS_MERPES_DISPONIBLES', 'Horas Soporte Zoftinium': 'HORAS_ZOFTINIUM_ASIGNADAS', 'Unnamed: 6': 'HORAS_ZOFTINIUM_CONSUMIDAS', 'Unnamed: 7': 'HORAS_ZOFTINIUM_DISPONIBLES', 'Piezas diseño': 'PIEZAS_DISEÑO_ASIGNADAS', 'Unnamed: 9': 'PIEZAS_DISEÑO_CONSUMIDAS', 'Unnamed: 10': 'PIEZAS_DISEÑO_DISPONIBLES', 'Correos': 'CORREOS'}
2025-11-05 16:26:55,275 - INFO - Columna 'HORAS_MERPES_ASIGNADAS' convertida a numérica
2025-11-05 16:26:55,276 - INFO - Columna 'HORAS_MERPES_CONSUMIDAS' convertida a numérica
2025-11-05 16:26:55,276 - INFO - Columna 'HORAS_ZOFTINIUM_ASIGNADAS' convertida a numérica
2025-11-05 16:26:55,277 - INFO - Columna 'HORAS_ZOFTINIUM_CONSUMIDAS' convertida a numérica
2025-11-05 16:26:55,277 - INFO - Columna 'PIEZAS_DISEÑO_ASIGNADAS' convertida a numérica
2025-11-05 16:26:55,278 - INFO - Columna 'PIEZAS_DISEÑO_CONSUMIDAS' convertida a numérica
2025-11-05 16:26:55,280 - INFO - Datos leídos exitosamente. Total clientes: 43
2025-11-05 16:26:55,282 - INFO - Mapeo de correos cargado: 34 clientes con correos definidos
2025-11-05 16:26:55,282 - INFO -   • Apex CO: a.sosa@grupomerpes.com, asistentecomercial16@grupomerpes.com, c.calderon@grupomerpes.com
2025-11-05 16:26:55,282 - INFO -   • Apex MX: v.zamudio@grupomerpes.com, j.corrales@grupomerpes.com
2025-11-05 16:26:55,283 - INFO -   • Beiersdorf CO: l.rojas@grupomerpes.com, l.castaneda@grupomerpes.com
2025-11-05 16:26:55,283 - INFO -   • Black & Decker CO: a.sosa@grupomerpes.com, asistentecomercial16@grupomerpes.com, c.calderon@grupomerpes.com
2025-11-05 16:26:55,283 - INFO -   • Coca Cola CO: l.castro@grupomerpes.com, c.calderon@grupomerpes.com, asistentecomercial13@grupomerpes.com
2025-11-05 16:26:55,283 - INFO -   • Coca Cola CR: comercialcr@grupomerpes.com, operacionescr@grupomerpes.com
2025-11-05 16:26:55,283 - INFO -   • Coca Cola GU: j.corrales@grupomerpes.com, v.zamudio@grupomerpes.com, comercialgt@grupomerpes.com, operaciones.gt@grupomerpes.com
2025-11-05 16:26:55,283 - INFO -   • Coca Cola PA: l.ortega@grupomerpes.com, v.zamudio@grupomerpes.com
2025-11-05 16:26:55,283 - INFO -   • Diageo CA: v.zamudio@grupomerpes.com, j.corrales@grupomerpes.com
2025-11-05 16:26:55,283 - INFO -   • Diageo CO: ks.gualdron@grupomerpes.com, asistentecomercial10@grupomerpes.com, l.castaneda@grupomerpes.com, jefediseno@grupomerpes.com
2025-11-05 16:26:55,283 - INFO -   • Diversey CO: c.calderon@grupomerpes.com, v.zamudio@grupomerpes.com
2025-11-05 16:26:55,284 - INFO -   • Dos Pinos CR: comercialcr@grupomerpes.com, operacionescr@grupomerpes.com
2025-11-05 16:26:55,284 - INFO -   • Gases del oriente CO: c.calderon@grupomerpes.com, v.zamudio@grupomerpes.com
2025-11-05 16:26:55,284 - INFO -   • Gloria CO: e.munoz@grupomerpes.com, w.valbuena@grupomerpes.com, asistentecomercial23@grupomerpes.com
2025-11-05 16:26:55,284 - INFO -   • Grupo Diana CO: e.munoz@grupomerpes.com, w.valbuena@grupomerpes.com, asistentecomercial23@grupomerpes.com
2025-11-05 16:26:55,284 - INFO -   • Impocali CO: a.sosa@grupomerpes.com, asistentecomercial16@grupomerpes.com, c.calderon@grupomerpes.com, kupaa@grupomerpes.com
2025-11-05 16:26:55,284 - INFO -   • Juan Valdez CO: l.castro@grupomerpes.com, c.calderon@grupomerpes.com, asistentecomercial13@grupomerpes.com
2025-11-05 16:26:55,284 - INFO -   • Kimberly Clark CO: c.bejarano@grupomerpes.com, l.castaneda@grupomerpes.com
2025-11-05 16:26:55,284 - INFO -   • Kimberly Clark PE: ejecutivo.b2b@grupomerpes.com.pe, ejecutivo.fidelizacion@grupomerpes.com.pe
2025-11-05 16:26:55,284 - INFO -   • Mabe CO: m.zamudio@grupomerpes.com, asistentecomercial22@grupomerpes.com, w.valbuena@grupomerpes.com
2025-11-05 16:26:55,284 - INFO -   • Mabe EC: i.garcia@grupomerpes.com, asistentecomercial6@grupomerpes.com, w.valbuena@grupomerpes.com
2025-11-05 16:26:55,284 - INFO -   • Mabe PE: ejecutivo.b2b@grupomerpes.com.pe, w.valbuena@grupomerpes.com
2025-11-05 16:26:55,285 - INFO -   • Newell CO: c.calderon@grupomerpes.com, p.moreno@grupomerpes.com, asistentecomercial16@grupomerpes.com
2025-11-05 16:26:55,285 - INFO -   • Opella CO: l.chala@grupomerpes.com, asistentecomercial11@grupomerpes.com, l.castaneda@grupomerpes.com
2025-11-05 16:26:55,285 - INFO -   • Papeles Nacionales: c.calderon@grupomerpes.com, v.zamudio@grupomerpes.com
2025-11-05 16:26:55,285 - INFO -   • Reckitt CO: l.rojas@grupomerpes.com, l.castaneda@grupomerpes.com
2025-11-05 16:26:55,285 - INFO -   • Softys CO: e.munoz@grupomerpes.com, w.valbuena@grupomerpes.com, asistentecomercial23@grupomerpes.com
2025-11-05 16:26:55,285 - INFO -   • Splenda CO: ks.gualdron@grupomerpes.com, asistentecomercial10@grupomerpes.com, l.castaneda@grupomerpes.com
2025-11-05 16:26:55,285 - INFO -   • Team Foods CO: i.garcia@grupomerpes.com, asistentecomercial6@grupomerpes.com, w.valbuena@grupomerpes.com
2025-11-05 16:26:55,285 - INFO -   • Vanti CO: i.garcia@grupomerpes.com, asistentecomercial6@grupomerpes.com, w.valbuena@grupomerpes.com
2025-11-05 16:26:55,285 - INFO -   • Wavin Pavco CO: c.bejarano@grupomerpes.com, l.castaneda@grupomerpes.com
2025-11-05 16:26:55,285 - INFO -   • Bavaria CO: j.moreno@grupomerpes.com, d.grisales@grupomerpes.com
2025-11-05 16:26:55,285 - INFO -   • Casa Luker CO: j.triana@grupomerpes.com, d.grisales@grupomerpes.com
2025-11-05 16:26:55,286 - INFO -   • Terpel CO: j.triana@grupomerpes.com, d.grisales@grupomerpes.com
2025-11-05 16:26:55,287 - INFO - Reporte generado para Apex CO: Merpes 4.3/10h (43.0%), Zoftinium 1.8/3h (60.0%), Diseño 13/14 piezas (92.9%)
2025-11-05 16:26:55,287 - INFO - Reporte generado para Apex MX: Merpes 5.3/6h (88.3%), Zoftinium 2.1/3h (70.0%), Diseño 7/14 piezas (50.0%)
2025-11-05 16:26:55,288 - INFO - Reporte generado para Beiersdorf CO: Merpes 0.0/3h (0.0%), Zoftinium 0.0/2h (0.0%), Diseño 4/10 piezas (40.0%)
2025-11-05 16:26:55,289 - INFO - Reporte generado para Black & Decker CO: Merpes 2.3/11h (20.9%), Zoftinium 1.8/6h (30.0%), Diseño 0/9 piezas (0.0%)
2025-11-05 16:26:55,289 - INFO - Reporte generado para Coca Cola CO: Merpes 1.0/8h (12.5%), Zoftinium 0.0/4h (0.0%), Diseño 8/8 piezas (100.0%)
2025-11-05 16:26:55,290 - INFO - Reporte generado para Coca Cola CR: Merpes 0.0/7h (0.0%), Zoftinium 0.0/3h (0.0%), Diseño 0/15 piezas (0.0%)
2025-11-05 16:26:55,291 - INFO - Reporte generado para Coca Cola GU: Merpes 4.3/27h (15.9%), Zoftinium 2.3/14h (16.4%), Diseño 5/31 piezas (16.1%)
2025-11-05 16:26:55,291 - INFO - Reporte generado para Coca Cola PA: Merpes 3.6/15h (24.0%), Zoftinium 9.0/6h (150.0%), Diseño 0/8 piezas (0.0%)
2025-11-05 16:26:55,292 - INFO - Reporte generado para Diageo CA: Merpes 0.0/8h (0.0%), Zoftinium 0.0/3h (0.0%), Diseño 4/12 piezas (33.3%)
2025-11-05 16:26:55,292 - INFO - Reporte generado para Diageo CO: Merpes 0.8/10h (8.0%), Zoftinium 1.2/5h (24.0%), Diseño 10/14 piezas (71.4%)
2025-11-05 16:26:55,293 - INFO - Reporte generado para Diversey CO: Merpes 0.3/3h (10.0%), Zoftinium 0.0/3h (0.0%), Diseño 0/6 piezas (0.0%)
2025-11-05 16:26:55,294 - INFO - Reporte generado para Dos Pinos CR: Merpes 1.6/10h (16.0%), Zoftinium 0.0/4h (0.0%), Diseño 21/15 piezas (140.0%)
2025-11-05 16:26:55,295 - INFO - Reporte generado para Gases del oriente CO: Merpes 1.9/8h (23.8%), Zoftinium 1.6/5h (32.0%), Diseño 6/10 piezas (60.0%)
2025-11-05 16:26:55,296 - INFO - Reporte generado para Gloria CO: Merpes 7.3/15h (48.7%), Zoftinium 4.35/5h (87.0%), Diseño 3/20 piezas (15.0%)
2025-11-05 16:26:55,296 - INFO - Reporte generado para Grupo Diana CO: Merpes 2.1/8h (26.2%), Zoftinium 4.3/4h (107.5%), Diseño 6/7 piezas (85.7%)
2025-11-05 16:26:55,297 - INFO - Reporte generado para Impocali CO: Merpes 0.5/8h (6.2%), Zoftinium 0.8/4h (20.0%), Diseño 12/8 piezas (150.0%)
2025-11-05 16:26:55,298 - INFO - Reporte generado para Juan Valdez CO: Merpes 0.0/8h (0.0%), Zoftinium 0.0/3h (0.0%), Diseño 0/0 piezas (0.0%)
2025-11-05 16:26:55,299 - INFO - Reporte generado para Kimberly Clark CO: Merpes 1.1/6h (18.3%), Zoftinium 0.0/4h (0.0%), Diseño 6/8 piezas (75.0%)
2025-11-05 16:26:55,299 - INFO - Reporte generado para Kimberly Clark PE: Merpes 0.0/2h (0.0%), Zoftinium 0.0/2h (0.0%), Diseño 0/7 piezas (0.0%)
2025-11-05 16:26:55,300 - INFO - Reporte generado para Mabe CO: Merpes 20.0/25h (80.0%), Zoftinium 0.6/8h (7.5%), Diseño 0/0 piezas (0.0%)
2025-11-05 16:26:55,301 - INFO - Reporte generado para Mabe EC: Merpes 11.1/15h (74.0%), Zoftinium 3.1/4h (77.5%), Diseño 0/0 piezas (0.0%)
2025-11-05 16:26:55,302 - INFO - Reporte generado para Mabe PE: Merpes 1.3/15h (8.7%), Zoftinium 0.0/4h (0.0%), Diseño 0/0 piezas (0.0%)
2025-11-05 16:26:55,303 - INFO - Reporte generado para Newell CO: Merpes 0.3/8h (3.8%), Zoftinium 0.0/4h (0.0%), Diseño 13/12 piezas (108.3%)
2025-11-05 16:26:55,304 - INFO - Reporte generado para Opella CO: Merpes 12.3/17h (72.4%), Zoftinium 3.0/8h (37.5%), Diseño 5/5 piezas (100.0%)
2025-11-05 16:26:55,304 - INFO - Reporte generado para Papeles Nacionales: Merpes 0.3/4h (7.5%), Zoftinium 0.0/8h (0.0%), Diseño 0/4 piezas (0.0%)
2025-11-05 16:26:55,305 - INFO - Reporte generado para Reckitt CO: Merpes 0.5/2h (25.0%), Zoftinium 0.5/4h (12.5%), Diseño 13/7 piezas (185.7%)
2025-11-05 16:26:55,306 - INFO - Reporte generado para Softys CO: Merpes 0.0/8h (0.0%), Zoftinium 0.0/3h (0.0%), Diseño 5/8 piezas (62.5%)
2025-11-05 16:26:55,306 - INFO - Reporte generado para Splenda CO: Merpes 0.0/40h (0.0%), Zoftinium 0.0/15h (0.0%), Diseño 0/7 piezas (0.0%)
2025-11-05 16:26:55,307 - INFO - Reporte generado para Team Foods CO: Merpes 0.0/0h (0.0%), Zoftinium 0.0/0h (0.0%), Diseño 0/0 piezas (0.0%)
2025-11-05 16:26:55,308 - INFO - Reporte generado para Vanti CO: Merpes 0.5/4h (12.5%), Zoftinium 0.0/3h (0.0%), Diseño 18/14 piezas (128.6%)
2025-11-05 16:26:55,309 - INFO - Reporte generado para Wavin Pavco CO: Merpes 1.8/5h (36.0%), Zoftinium 2.75/4h (68.8%), Diseño 5/9 piezas (55.6%)
2025-11-05 16:26:55,309 - INFO - Reporte generado para Bavaria CO: Merpes 10.3/20h (51.5%), Zoftinium 0.7/12h (5.8%), Diseño 3/10 piezas (30.0%)
2025-11-05 16:26:55,310 - INFO - Reporte generado para Casa Luker CO: Merpes 3.3/2h (165.0%), Zoftinium 2.0/2h (100.0%), Diseño 0/0 piezas (0.0%)
2025-11-05 16:26:55,311 - INFO - Reporte generado para Terpel CO: Merpes 2.6/9h (28.9%), Zoftinium 7.199999999999999/9h (80.0%), Diseño 0/0 piezas (0.0%)
2025-11-05 16:26:55,311 - INFO - Se generaron 34 reportes mensuales
2025-11-05 16:26:55,321 - WARNING - Imagen no encontrada: MAIL-REPORTE_06.png
2025-11-05 16:26:58,259 - INFO - Email enviado exitosamente a: a.sosa@grupomerpes.com, asistentecomercial16@grupomerpes.com, c.calderon@grupomerpes.com
2025-11-05 16:26:59,261 - WARNING - Imagen no encontrada: MAIL-REPORTE_06.png
2025-11-05 16:27:01,204 - INFO - Email enviado exitosamente a: v.zamudio@grupomerpes.com, j.corrales@grupomerpes.com
2025-11-05 16:27:02,207 - WARNING - Imagen no encontrada: MAIL-REPORTE_06.png
2025-11-05 16:27:04,198 - INFO - Email enviado exitosamente a: l.rojas@grupomerpes.com, l.castaneda@grupomerpes.com
2025-11-05 16:27:05,200 - WARNING - Imagen no encontrada: MAIL-REPORTE_06.png
2025-11-05 16:27:06,909 - INFO - Email enviado exitosamente a: a.sosa@grupomerpes.com, asistentecomercial16@grupomerpes.com, c.calderon@grupomerpes.com
2025-11-05 16:27:07,912 - WARNING - Imagen no encontrada: MAIL-REPORTE_06.png
2025-11-05 16:27:10,714 - INFO - Email enviado exitosamente a: l.castro@grupomerpes.com, c.calderon@grupomerpes.com, asistentecomercial13@grupomerpes.com
2025-11-05 16:27:11,716 - WARNING - Imagen no encontrada: MAIL-REPORTE_06.png
2025-11-05 16:27:13,990 - INFO - Email enviado exitosamente a: comercialcr@grupomerpes.com, operacionescr@grupomerpes.com
2025-11-05 16:27:14,992 - WARNING - Imagen no encontrada: MAIL-REPORTE_06.png
2025-11-05 16:27:18,015 - INFO - Email enviado exitosamente a: j.corrales@grupomerpes.com, v.zamudio@grupomerpes.com, comercialgt@grupomerpes.com, operaciones.gt@grupomerpes.com
2025-11-05 16:27:19,017 - WARNING - Imagen no encontrada: MAIL-REPORTE_06.png
2025-11-05 16:27:21,119 - INFO - Email enviado exitosamente a: l.ortega@grupomerpes.com, v.zamudio@grupomerpes.com
2025-11-05 16:27:22,121 - WARNING - Imagen no encontrada: MAIL-REPORTE_06.png
2025-11-05 16:27:24,046 - INFO - Email enviado exitosamente a: v.zamudio@grupomerpes.com, j.corrales@grupomerpes.com
2025-11-05 16:27:25,048 - WARNING - Imagen no encontrada: MAIL-REPORTE_06.png
2025-11-05 16:27:26,976 - INFO - Email enviado exitosamente a: ks.gualdron@grupomerpes.com, asistentecomercial10@grupomerpes.com, l.castaneda@grupomerpes.com, jefediseno@grupomerpes.com
2025-11-05 16:27:27,978 - WARNING - Imagen no encontrada: MAIL-REPORTE_06.png
2025-11-05 16:27:30,070 - INFO - Email enviado exitosamente a: c.calderon@grupomerpes.com, v.zamudio@grupomerpes.com
2025-11-05 16:27:31,073 - WARNING - Imagen no encontrada: MAIL-REPORTE_06.png
2025-11-05 16:27:34,270 - INFO - Email enviado exitosamente a: comercialcr@grupomerpes.com, operacionescr@grupomerpes.com
2025-11-05 16:27:35,272 - WARNING - Imagen no encontrada: MAIL-REPORTE_06.png
2025-11-05 16:27:37,103 - INFO - Email enviado exitosamente a: c.calderon@grupomerpes.com, v.zamudio@grupomerpes.com
2025-11-05 16:27:38,105 - WARNING - Imagen no encontrada: MAIL-REPORTE_06.png
2025-11-05 16:27:40,084 - INFO - Email enviado exitosamente a: e.munoz@grupomerpes.com, w.valbuena@grupomerpes.com, asistentecomercial23@grupomerpes.com
2025-11-05 16:27:41,086 - WARNING - Imagen no encontrada: MAIL-REPORTE_06.png
2025-11-05 16:27:43,158 - INFO - Email enviado exitosamente a: e.munoz@grupomerpes.com, w.valbuena@grupomerpes.com, asistentecomercial23@grupomerpes.com
2025-11-05 16:27:44,160 - WARNING - Imagen no encontrada: MAIL-REPORTE_06.png
2025-11-05 16:27:46,277 - INFO - Email enviado exitosamente a: a.sosa@grupomerpes.com, asistentecomercial16@grupomerpes.com, c.calderon@grupomerpes.com, kupaa@grupomerpes.com
2025-11-05 16:27:47,279 - WARNING - Imagen no encontrada: MAIL-REPORTE_06.png
2025-11-05 16:27:49,351 - INFO - Email enviado exitosamente a: l.castro@grupomerpes.com, c.calderon@grupomerpes.com, asistentecomercial13@grupomerpes.com
2025-11-05 16:27:50,354 - WARNING - Imagen no encontrada: MAIL-REPORTE_06.png
2025-11-05 16:27:51,957 - INFO - Email enviado exitosamente a: c.bejarano@grupomerpes.com, l.castaneda@grupomerpes.com
2025-11-05 16:27:52,960 - WARNING - Imagen no encontrada: MAIL-REPORTE_06.png
2025-11-05 16:27:55,178 - INFO - Email enviado exitosamente a: ejecutivo.b2b@grupomerpes.com.pe, ejecutivo.fidelizacion@grupomerpes.com.pe
2025-11-05 16:27:56,180 - WARNING - Imagen no encontrada: MAIL-REPORTE_06.png
2025-11-05 16:27:58,621 - INFO - Email enviado exitosamente a: m.zamudio@grupomerpes.com, asistentecomercial22@grupomerpes.com, w.valbuena@grupomerpes.com
2025-11-05 16:27:59,623 - WARNING - Imagen no encontrada: MAIL-REPORTE_06.png
2025-11-05 16:28:01,569 - INFO - Email enviado exitosamente a: i.garcia@grupomerpes.com, asistentecomercial6@grupomerpes.com, w.valbuena@grupomerpes.com
2025-11-05 16:28:02,571 - WARNING - Imagen no encontrada: MAIL-REPORTE_06.png
2025-11-05 16:28:04,707 - INFO - Email enviado exitosamente a: ejecutivo.b2b@grupomerpes.com.pe, w.valbuena@grupomerpes.com
2025-11-05 16:28:05,709 - WARNING - Imagen no encontrada: MAIL-REPORTE_06.png
2025-11-05 16:28:07,759 - INFO - Email enviado exitosamente a: c.calderon@grupomerpes.com, p.moreno@grupomerpes.com, asistentecomercial16@grupomerpes.com
2025-11-05 16:28:08,761 - WARNING - Imagen no encontrada: MAIL-REPORTE_06.png
2025-11-05 16:28:10,447 - INFO - Email enviado exitosamente a: l.chala@grupomerpes.com, asistentecomercial11@grupomerpes.com, l.castaneda@grupomerpes.com
2025-11-05 16:28:11,449 - WARNING - Imagen no encontrada: MAIL-REPORTE_06.png
2025-11-05 16:28:13,164 - INFO - Email enviado exitosamente a: c.calderon@grupomerpes.com, v.zamudio@grupomerpes.com
2025-11-05 16:28:14,166 - WARNING - Imagen no encontrada: MAIL-REPORTE_06.png
2025-11-05 16:28:16,548 - INFO - Email enviado exitosamente a: l.rojas@grupomerpes.com, l.castaneda@grupomerpes.com
2025-11-05 16:28:17,550 - WARNING - Imagen no encontrada: MAIL-REPORTE_06.png
2025-11-05 16:28:20,142 - INFO - Email enviado exitosamente a: e.munoz@grupomerpes.com, w.valbuena@grupomerpes.com, asistentecomercial23@grupomerpes.com
2025-11-05 16:28:21,144 - WARNING - Imagen no encontrada: MAIL-REPORTE_06.png
2025-11-05 16:28:23,882 - INFO - Email enviado exitosamente a: ks.gualdron@grupomerpes.com, asistentecomercial10@grupomerpes.com, l.castaneda@grupomerpes.com
2025-11-05 16:28:24,884 - WARNING - Imagen no encontrada: MAIL-REPORTE_06.png
2025-11-05 16:28:26,813 - INFO - Email enviado exitosamente a: i.garcia@grupomerpes.com, asistentecomercial6@grupomerpes.com, w.valbuena@grupomerpes.com
2025-11-05 16:28:27,816 - WARNING - Imagen no encontrada: MAIL-REPORTE_06.png
2025-11-05 16:28:29,771 - INFO - Email enviado exitosamente a: i.garcia@grupomerpes.com, asistentecomercial6@grupomerpes.com, w.valbuena@grupomerpes.com
2025-11-05 16:28:30,773 - WARNING - Imagen no encontrada: MAIL-REPORTE_06.png
2025-11-05 16:28:32,375 - INFO - Email enviado exitosamente a: c.bejarano@grupomerpes.com, l.castaneda@grupomerpes.com
2025-11-05 16:28:33,378 - WARNING - Imagen no encontrada: MAIL-REPORTE_06.png
2025-11-05 16:28:35,074 - INFO - Email enviado exitosamente a: j.moreno@grupomerpes.com, d.grisales@grupomerpes.com
2025-11-05 16:28:36,077 - WARNING - Imagen no encontrada: MAIL-REPORTE_06.png
2025-11-05 16:28:37,700 - INFO - Email enviado exitosamente a: j.triana@grupomerpes.com, d.grisales@grupomerpes.com
2025-11-05 16:28:38,701 - WARNING - Imagen no encontrada: MAIL-REPORTE_06.png
2025-11-05 16:28:40,534 - INFO - Email enviado exitosamente a: j.triana@grupomerpes.com, d.grisales@grupomerpes.com
2025-11-05 16:28:41,535 - INFO - === RESUMEN DE EJECUCIÓN ===
2025-11-05 16:28:41,536 - INFO - Total de reportes generados: 34
2025-11-05 16:28:41,536 - INFO - Emails enviados exitosamente: 34
2025-11-05 16:28:41,536 - INFO - Errores en envío: 0
2025-11-05 16:28:41,536 - INFO - Clientes procesados: Apex CO, Apex MX, Beiersdorf CO, Black & Decker CO, Coca Cola CO, Coca Cola CR, Coca Cola GU, Coca Cola PA, Diageo CA, Diageo CO, Diversey CO, Dos Pinos CR, Gases del oriente CO, Gloria CO, Grupo Diana CO, Impocali CO, Juan Valdez CO, Kimberly Clark CO, Kimberly Clark PE, Mabe CO, Mabe EC, Mabe PE, Newell CO, Opella CO, Papeles Nacionales, Reckitt CO, Softys CO, Splenda CO, Team Foods CO, Vanti CO, Wavin Pavco CO, Bavaria CO, Casa Luker CO, Terpel CO
2025-11-05 16:28:41,537 - INFO - Archivo temporal eliminado
2025-11-11 11:42:40,407 - INFO - === INICIANDO MONITOREO DE CAMPAÑAS ===
2025-11-11 11:42:40,407 - INFO - Leyendo datos del archivo consolidado de horas soporte
2025-11-11 11:42:40,418 - INFO - Columnas mapeadas: {'SEPTIEMBRE': 'CLIENTE', 'Unnamed: 1': 'AREA_CAMPAÑA', 'Horas Soporte Merpes': 'HORAS_MERPES_ASIGNADAS', 'Unnamed: 3': 'HORAS_MERPES_CONSUMIDAS', 'Unnamed: 4': 'HORAS_MERPES_DISPONIBLES', 'Horas Soporte Zoftinium': 'HORAS_ZOFTINIUM_ASIGNADAS', 'Unnamed: 6': 'HORAS_ZOFTINIUM_CONSUMIDAS', 'Unnamed: 7': 'HORAS_ZOFTINIUM_DISPONIBLES', 'Piezas diseño': 'PIEZAS_DISEÑO_ASIGNADAS', 'Unnamed: 9': 'PIEZAS_DISEÑO_CONSUMIDAS', 'Unnamed: 10': 'PIEZAS_DISEÑO_DISPONIBLES', 'Correos': 'CORREOS'}
2025-11-11 11:42:40,423 - INFO - Columna 'HORAS_MERPES_ASIGNADAS' convertida a numérica
2025-11-11 11:42:40,424 - INFO - Columna 'HORAS_MERPES_CONSUMIDAS' convertida a numérica
2025-11-11 11:42:40,425 - INFO - Columna 'HORAS_ZOFTINIUM_ASIGNADAS' convertida a numérica
2025-11-11 11:42:40,425 - INFO - Columna 'HORAS_ZOFTINIUM_CONSUMIDAS' convertida a numérica
2025-11-11 11:42:40,426 - INFO - Columna 'PIEZAS_DISEÑO_ASIGNADAS' convertida a numérica
2025-11-11 11:42:40,426 - INFO - Columna 'PIEZAS_DISEÑO_CONSUMIDAS' convertida a numérica
2025-11-11 11:42:40,428 - INFO - Datos leídos exitosamente. Total clientes: 43
2025-11-11 11:42:40,430 - INFO - Mapeo de correos cargado: 34 clientes con correos definidos
2025-11-11 11:42:40,431 - INFO -   • Apex CO: a.sosa@grupomerpes.com, asistentecomercial16@grupomerpes.com, c.calderon@grupomerpes.com
2025-11-11 11:42:40,431 - INFO -   • Apex MX: v.zamudio@grupomerpes.com, j.corrales@grupomerpes.com
2025-11-11 11:42:40,431 - INFO -   • Beiersdorf CO: l.rojas@grupomerpes.com, l.castaneda@grupomerpes.com
2025-11-11 11:42:40,431 - INFO -   • Black & Decker CO: a.sosa@grupomerpes.com, asistentecomercial16@grupomerpes.com, c.calderon@grupomerpes.com
2025-11-11 11:42:40,432 - INFO -   • Coca Cola CO: l.castro@grupomerpes.com, c.calderon@grupomerpes.com, asistentecomercial13@grupomerpes.com
2025-11-11 11:42:40,432 - INFO -   • Coca Cola CR: comercialcr@grupomerpes.com, operacionescr@grupomerpes.com
2025-11-11 11:42:40,432 - INFO -   • Coca Cola GU: j.corrales@grupomerpes.com, v.zamudio@grupomerpes.com, comercialgt@grupomerpes.com, operaciones.gt@grupomerpes.com
2025-11-11 11:42:40,432 - INFO -   • Coca Cola PA: l.ortega@grupomerpes.com, v.zamudio@grupomerpes.com
2025-11-11 11:42:40,432 - INFO -   • Diageo CA: v.zamudio@grupomerpes.com, j.corrales@grupomerpes.com
2025-11-11 11:42:40,432 - INFO -   • Diageo CO: ks.gualdron@grupomerpes.com, asistentecomercial10@grupomerpes.com, l.castaneda@grupomerpes.com: kupaa@grupomerpes.com
2025-11-11 11:42:40,433 - INFO -   • Diversey CO: c.calderon@grupomerpes.com, v.zamudio@grupomerpes.com
2025-11-11 11:42:40,433 - INFO -   • Dos Pinos CR: comercialcr@grupomerpes.com, operacionescr@grupomerpes.com
2025-11-11 11:42:40,433 - INFO -   • Gases del oriente CO: c.calderon@grupomerpes.com, v.zamudio@grupomerpes.com
2025-11-11 11:42:40,434 - INFO -   • Gloria CO: e.munoz@grupomerpes.com, w.valbuena@grupomerpes.com, asistentecomercial23@grupomerpes.com, jefediseno@grupomerpes.com
2025-11-11 11:42:40,434 - INFO -   • Grupo Diana CO: e.munoz@grupomerpes.com, w.valbuena@grupomerpes.com, asistentecomercial23@grupomerpes.com
2025-11-11 11:42:40,434 - INFO -   • Impocali CO: a.sosa@grupomerpes.com, asistentecomercial16@grupomerpes.com, c.calderon@grupomerpes.com
2025-11-11 11:42:40,434 - INFO -   • Juan Valdez CO: l.castro@grupomerpes.com, c.calderon@grupomerpes.com, asistentecomercial13@grupomerpes.com
2025-11-11 11:42:40,434 - INFO -   • Kimberly Clark CO: c.bejarano@grupomerpes.com, l.castaneda@grupomerpes.com
2025-11-11 11:42:40,434 - INFO -   • Kimberly Clark PE: ejecutivo.b2b@grupomerpes.com.pe, ejecutivo.fidelizacion@grupomerpes.com.pe
2025-11-11 11:42:40,434 - INFO -   • Mabe CO: m.zamudio@grupomerpes.com, asistentecomercial22@grupomerpes.com, w.valbuena@grupomerpes.com
2025-11-11 11:42:40,434 - INFO -   • Mabe EC: i.garcia@grupomerpes.com, asistentecomercial6@grupomerpes.com, w.valbuena@grupomerpes.com
2025-11-11 11:42:40,435 - INFO -   • Mabe PE: ejecutivo.b2b@grupomerpes.com.pe, w.valbuena@grupomerpes.com
2025-11-11 11:42:40,435 - INFO -   • Newell CO: c.calderon@grupomerpes.com, p.moreno@grupomerpes.com, asistentecomercial16@grupomerpes.com
2025-11-11 11:42:40,435 - INFO -   • Opella CO: l.chala@grupomerpes.com, asistentecomercial11@grupomerpes.com, l.castaneda@grupomerpes.com
2025-11-11 11:42:40,435 - INFO -   • Papeles Nacionales: c.calderon@grupomerpes.com, v.zamudio@grupomerpes.com
2025-11-11 11:42:40,435 - INFO -   • Reckitt CO: l.rojas@grupomerpes.com, l.castaneda@grupomerpes.com
2025-11-11 11:42:40,435 - INFO -   • Softys CO: e.munoz@grupomerpes.com, w.valbuena@grupomerpes.com, asistentecomercial23@grupomerpes.com
2025-11-11 11:42:40,435 - INFO -   • Splenda CO: ks.gualdron@grupomerpes.com, asistentecomercial10@grupomerpes.com, l.castaneda@grupomerpes.com
2025-11-11 11:42:40,435 - INFO -   • Team Foods CO: i.garcia@grupomerpes.com, asistentecomercial6@grupomerpes.com, w.valbuena@grupomerpes.com
2025-11-11 11:42:40,435 - INFO -   • Vanti CO: i.garcia@grupomerpes.com, asistentecomercial6@grupomerpes.com, w.valbuena@grupomerpes.com
2025-11-11 11:42:40,435 - INFO -   • Wavin Pavco CO: c.bejarano@grupomerpes.com, l.castaneda@grupomerpes.com
2025-11-11 11:42:40,436 - INFO -   • Bavaria CO: j.moreno@grupomerpes.com, d.grisales@grupomerpes.com
2025-11-11 11:42:40,436 - INFO -   • Casa Luker CO: j.triana@grupomerpes.com, d.grisales@grupomerpes.com
2025-11-11 11:42:40,436 - INFO -   • Terpel CO: j.triana@grupomerpes.com, d.grisales@grupomerpes.com
2025-11-11 11:42:40,437 - INFO - Reporte generado para Apex CO: Merpes 0.3/10h (3.0%), Zoftinium 0.0/3h (0.0%), Diseño 4/14 piezas (28.6%)
2025-11-11 11:42:40,438 - INFO - Reporte generado para Apex MX: Merpes 0.0/6h (0.0%), Zoftinium 0.0/3h (0.0%), Diseño 0/14 piezas (0.0%)
2025-11-11 11:42:40,439 - INFO - Reporte generado para Beiersdorf CO: Merpes 0.0/3h (0.0%), Zoftinium 0.0/2h (0.0%), Diseño 5/10 piezas (50.0%)
2025-11-11 11:42:40,439 - INFO - Reporte generado para Black & Decker CO: Merpes 0.3/11h (2.7%), Zoftinium 0.0/6h (0.0%), Diseño 0/9 piezas (0.0%)
2025-11-11 11:42:40,440 - INFO - Reporte generado para Coca Cola CO: Merpes 0.0/8h (0.0%), Zoftinium 0.0/4h (0.0%), Diseño 0/8 piezas (0.0%)
2025-11-11 11:42:40,440 - INFO - Reporte generado para Coca Cola CR: Merpes 0.0/7h (0.0%), Zoftinium 0.0/3h (0.0%), Diseño 0/15 piezas (0.0%)
2025-11-11 11:42:40,441 - INFO - Reporte generado para Coca Cola GU: Merpes 1.0/27h (3.7%), Zoftinium 0.0/14h (0.0%), Diseño 3/31 piezas (9.7%)
2025-11-11 11:42:40,442 - INFO - Reporte generado para Coca Cola PA: Merpes 0.0/15h (0.0%), Zoftinium 0.0/6h (0.0%), Diseño 0/8 piezas (0.0%)
2025-11-11 11:42:40,443 - INFO - Reporte generado para Diageo CA: Merpes 0.0/8h (0.0%), Zoftinium 0.0/3h (0.0%), Diseño 0/12 piezas (0.0%)
2025-11-11 11:42:40,443 - INFO - Reporte generado para Diageo CO: Merpes 1.0/10h (10.0%), Zoftinium 0.0/5h (0.0%), Diseño 2/14 piezas (14.3%)
2025-11-11 11:42:40,444 - INFO - Reporte generado para Diversey CO: Merpes 0.0/3h (0.0%), Zoftinium 0.0/3h (0.0%), Diseño 0/6 piezas (0.0%)
2025-11-11 11:42:40,445 - INFO - Reporte generado para Dos Pinos CR: Merpes 1.0/10h (10.0%), Zoftinium 0.0/4h (0.0%), Diseño 6/15 piezas (40.0%)
2025-11-11 11:42:40,445 - INFO - Reporte generado para Gases del oriente CO: Merpes 0.0/8h (0.0%), Zoftinium 0.0/5h (0.0%), Diseño 0/10 piezas (0.0%)
2025-11-11 11:42:40,446 - INFO - Reporte generado para Gloria CO: Merpes 0.0/15h (0.0%), Zoftinium 0.0/5h (0.0%), Diseño 2/20 piezas (10.0%)
2025-11-11 11:42:40,446 - INFO - Reporte generado para Grupo Diana CO: Merpes 0.0/8h (0.0%), Zoftinium 0.0/4h (0.0%), Diseño 3/7 piezas (42.9%)
2025-11-11 11:42:40,447 - INFO - Reporte generado para Impocali CO: Merpes 0.0/8h (0.0%), Zoftinium 0.0/4h (0.0%), Diseño 4/8 piezas (50.0%)
2025-11-11 11:42:40,447 - INFO - Reporte generado para Juan Valdez CO: Merpes 0.6/8h (7.5%), Zoftinium 0.0/3h (0.0%), Diseño 0/0 piezas (0.0%)
2025-11-11 11:42:40,448 - INFO - Reporte generado para Kimberly Clark CO: Merpes 0.0/6h (0.0%), Zoftinium 0.0/4h (0.0%), Diseño 3/8 piezas (37.5%)
2025-11-11 11:42:40,449 - INFO - Reporte generado para Kimberly Clark PE: Merpes 0.0/2h (0.0%), Zoftinium 0.0/2h (0.0%), Diseño 3/7 piezas (42.9%)
2025-11-11 11:42:40,449 - INFO - Reporte generado para Mabe CO: Merpes 0.0/25h (0.0%), Zoftinium 0.0/8h (0.0%), Diseño 0/0 piezas (0.0%)
2025-11-11 11:42:40,450 - INFO - Reporte generado para Mabe EC: Merpes 0.0/15h (0.0%), Zoftinium 0.0/4h (0.0%), Diseño 0/0 piezas (0.0%)
2025-11-11 11:42:40,450 - INFO - Reporte generado para Mabe PE: Merpes 0.0/15h (0.0%), Zoftinium 0.0/4h (0.0%), Diseño 0/0 piezas (0.0%)
2025-11-11 11:42:40,451 - INFO - Reporte generado para Newell CO: Merpes 1.1/8h (13.8%), Zoftinium 0.0/4h (0.0%), Diseño 3/12 piezas (25.0%)
2025-11-11 11:42:40,451 - INFO - Reporte generado para Opella CO: Merpes 0.0/17h (0.0%), Zoftinium 0.0/8h (0.0%), Diseño 0/5 piezas (0.0%)
2025-11-11 11:42:40,452 - INFO - Reporte generado para Papeles Nacionales: Merpes 0.0/4h (0.0%), Zoftinium 0.0/8h (0.0%), Diseño 0/4 piezas (0.0%)
2025-11-11 11:42:40,452 - INFO - Reporte generado para Reckitt CO: Merpes 0.0/2h (0.0%), Zoftinium 0.0/4h (0.0%), Diseño 0/7 piezas (0.0%)
2025-11-11 11:42:40,453 - INFO - Reporte generado para Softys CO: Merpes 0.0/8h (0.0%), Zoftinium 0.0/3h (0.0%), Diseño 0/8 piezas (0.0%)
2025-11-11 11:42:40,453 - INFO - Reporte generado para Splenda CO: Merpes 0.0/40h (0.0%), Zoftinium 0.0/15h (0.0%), Diseño 0/7 piezas (0.0%)
2025-11-11 11:42:40,454 - INFO - Reporte generado para Team Foods CO: Merpes 0.0/0h (0.0%), Zoftinium 0.0/0h (0.0%), Diseño 0/0 piezas (0.0%)
2025-11-11 11:42:40,454 - INFO - Reporte generado para Vanti CO: Merpes 0.0/4h (0.0%), Zoftinium 0.0/3h (0.0%), Diseño 8/14 piezas (57.1%)
2025-11-11 11:42:40,455 - INFO - Reporte generado para Wavin Pavco CO: Merpes 0.5/5h (10.0%), Zoftinium 0.0/4h (0.0%), Diseño 7/9 piezas (77.8%)
2025-11-11 11:42:40,456 - INFO - Reporte generado para Bavaria CO: Merpes 0.0/20h (0.0%), Zoftinium 0.0/12h (0.0%), Diseño 0/10 piezas (0.0%)
2025-11-11 11:42:40,457 - INFO - Reporte generado para Casa Luker CO: Merpes 1.6/2h (80.0%), Zoftinium 0.0/2h (0.0%), Diseño 0/0 piezas (0.0%)
2025-11-11 11:42:40,457 - INFO - Reporte generado para Terpel CO: Merpes 0.6/9h (6.7%), Zoftinium 0.5/9h (5.6%), Diseño 0/0 piezas (0.0%)
2025-11-11 11:42:40,458 - INFO - Se generaron 34 reportes mensuales
2025-11-11 11:42:40,459 - WARNING - Imagen no encontrada: MAIL-REPORTE_06.png
2025-11-11 11:42:43,115 - INFO - Email enviado exitosamente a: a.sosa@grupomerpes.com, asistentecomercial16@grupomerpes.com, c.calderon@grupomerpes.com
2025-11-11 11:42:44,118 - WARNING - Imagen no encontrada: MAIL-REPORTE_06.png
2025-11-11 11:42:45,926 - INFO - Email enviado exitosamente a: v.zamudio@grupomerpes.com, j.corrales@grupomerpes.com
2025-11-11 11:42:46,929 - WARNING - Imagen no encontrada: MAIL-REPORTE_06.png
2025-11-11 11:42:48,748 - INFO - Email enviado exitosamente a: l.rojas@grupomerpes.com, l.castaneda@grupomerpes.com
2025-11-11 11:42:49,750 - WARNING - Imagen no encontrada: MAIL-REPORTE_06.png
2025-11-11 11:42:51,703 - INFO - Email enviado exitosamente a: a.sosa@grupomerpes.com, asistentecomercial16@grupomerpes.com, c.calderon@grupomerpes.com
2025-11-11 11:42:52,706 - WARNING - Imagen no encontrada: MAIL-REPORTE_06.png
2025-11-11 11:42:54,737 - INFO - Email enviado exitosamente a: l.castro@grupomerpes.com, c.calderon@grupomerpes.com, asistentecomercial13@grupomerpes.com
2025-11-11 11:42:55,739 - WARNING - Imagen no encontrada: MAIL-REPORTE_06.png
2025-11-11 11:42:57,578 - INFO - Email enviado exitosamente a: comercialcr@grupomerpes.com, operacionescr@grupomerpes.com
2025-11-11 11:42:58,581 - WARNING - Imagen no encontrada: MAIL-REPORTE_06.png
2025-11-11 11:43:00,517 - INFO - Email enviado exitosamente a: j.corrales@grupomerpes.com, v.zamudio@grupomerpes.com, comercialgt@grupomerpes.com, operaciones.gt@grupomerpes.com
2025-11-11 11:43:01,520 - WARNING - Imagen no encontrada: MAIL-REPORTE_06.png
2025-11-11 11:43:03,213 - INFO - Email enviado exitosamente a: l.ortega@grupomerpes.com, v.zamudio@grupomerpes.com
2025-11-11 11:43:04,215 - WARNING - Imagen no encontrada: MAIL-REPORTE_06.png
2025-11-11 11:43:06,127 - INFO - Email enviado exitosamente a: v.zamudio@grupomerpes.com, j.corrales@grupomerpes.com
2025-11-11 11:43:07,130 - WARNING - Imagen no encontrada: MAIL-REPORTE_06.png
2025-11-11 11:43:07,891 - ERROR - Error al enviar email a ['ks.gualdron@grupomerpes.com', 'asistentecomercial10@grupomerpes.com', 'l.castaneda@grupomerpes.com: kupaa@grupomerpes.com']: {'': (555, b'5.5.2 Syntax error, cannot decode response. For more information, go to\n5.5.2  https://support.google.com/a/answer/3221692 and review RFC 5321\n5.5.2 specifications. 00721157ae682-787d6844069sm34101427b3.22 - gsmtp')}
2025-11-11 11:43:08,893 - WARNING - Imagen no encontrada: MAIL-REPORTE_06.png
2025-11-11 11:43:11,027 - INFO - Email enviado exitosamente a: c.calderon@grupomerpes.com, v.zamudio@grupomerpes.com
2025-11-11 11:43:12,029 - WARNING - Imagen no encontrada: MAIL-REPORTE_06.png
2025-11-11 11:43:13,871 - INFO - Email enviado exitosamente a: comercialcr@grupomerpes.com, operacionescr@grupomerpes.com
2025-11-11 11:43:14,874 - WARNING - Imagen no encontrada: MAIL-REPORTE_06.png
2025-11-11 11:43:16,798 - INFO - Email enviado exitosamente a: c.calderon@grupomerpes.com, v.zamudio@grupomerpes.com
2025-11-11 11:43:17,802 - WARNING - Imagen no encontrada: MAIL-REPORTE_06.png
2025-11-11 11:43:19,567 - INFO - Email enviado exitosamente a: e.munoz@grupomerpes.com, w.valbuena@grupomerpes.com, asistentecomercial23@grupomerpes.com, jefediseno@grupomerpes.com
2025-11-11 11:43:20,568 - WARNING - Imagen no encontrada: MAIL-REPORTE_06.png
2025-11-11 11:43:22,500 - INFO - Email enviado exitosamente a: e.munoz@grupomerpes.com, w.valbuena@grupomerpes.com, asistentecomercial23@grupomerpes.com
2025-11-11 11:43:23,502 - WARNING - Imagen no encontrada: MAIL-REPORTE_06.png
2025-11-11 11:43:26,029 - INFO - Email enviado exitosamente a: a.sosa@grupomerpes.com, asistentecomercial16@grupomerpes.com, c.calderon@grupomerpes.com
2025-11-11 11:43:27,030 - WARNING - Imagen no encontrada: MAIL-REPORTE_06.png
2025-11-11 11:43:29,117 - INFO - Email enviado exitosamente a: l.castro@grupomerpes.com, c.calderon@grupomerpes.com, asistentecomercial13@grupomerpes.com
2025-11-11 11:43:30,120 - WARNING - Imagen no encontrada: MAIL-REPORTE_06.png
2025-11-11 11:43:31,891 - INFO - Email enviado exitosamente a: c.bejarano@grupomerpes.com, l.castaneda@grupomerpes.com
2025-11-11 11:43:32,893 - WARNING - Imagen no encontrada: MAIL-REPORTE_06.png
2025-11-11 11:43:34,914 - INFO - Email enviado exitosamente a: ejecutivo.b2b@grupomerpes.com.pe, ejecutivo.fidelizacion@grupomerpes.com.pe
2025-11-11 11:43:35,916 - WARNING - Imagen no encontrada: MAIL-REPORTE_06.png
2025-11-11 11:43:38,333 - INFO - Email enviado exitosamente a: m.zamudio@grupomerpes.com, asistentecomercial22@grupomerpes.com, w.valbuena@grupomerpes.com
2025-11-11 11:43:39,336 - WARNING - Imagen no encontrada: MAIL-REPORTE_06.png
2025-11-11 11:43:41,260 - INFO - Email enviado exitosamente a: i.garcia@grupomerpes.com, asistentecomercial6@grupomerpes.com, w.valbuena@grupomerpes.com
2025-11-11 11:43:42,263 - WARNING - Imagen no encontrada: MAIL-REPORTE_06.png
2025-11-11 11:43:44,391 - INFO - Email enviado exitosamente a: ejecutivo.b2b@grupomerpes.com.pe, w.valbuena@grupomerpes.com
2025-11-11 11:43:45,393 - WARNING - Imagen no encontrada: MAIL-REPORTE_06.png
2025-11-11 11:43:47,291 - INFO - Email enviado exitosamente a: c.calderon@grupomerpes.com, p.moreno@grupomerpes.com, asistentecomercial16@grupomerpes.com
2025-11-11 11:43:48,293 - WARNING - Imagen no encontrada: MAIL-REPORTE_06.png
2025-11-11 11:43:50,159 - INFO - Email enviado exitosamente a: l.chala@grupomerpes.com, asistentecomercial11@grupomerpes.com, l.castaneda@grupomerpes.com
2025-11-11 11:43:51,162 - WARNING - Imagen no encontrada: MAIL-REPORTE_06.png
2025-11-11 11:43:52,893 - INFO - Email enviado exitosamente a: c.calderon@grupomerpes.com, v.zamudio@grupomerpes.com
2025-11-11 11:43:53,896 - WARNING - Imagen no encontrada: MAIL-REPORTE_06.png
2025-11-11 11:43:55,829 - INFO - Email enviado exitosamente a: l.rojas@grupomerpes.com, l.castaneda@grupomerpes.com
2025-11-11 11:43:56,831 - WARNING - Imagen no encontrada: MAIL-REPORTE_06.png
2025-11-11 11:43:58,850 - INFO - Email enviado exitosamente a: e.munoz@grupomerpes.com, w.valbuena@grupomerpes.com, asistentecomercial23@grupomerpes.com
2025-11-11 11:43:59,853 - WARNING - Imagen no encontrada: MAIL-REPORTE_06.png
2025-11-11 11:44:01,867 - INFO - Email enviado exitosamente a: ks.gualdron@grupomerpes.com, asistentecomercial10@grupomerpes.com, l.castaneda@grupomerpes.com
2025-11-11 11:44:02,870 - WARNING - Imagen no encontrada: MAIL-REPORTE_06.png
2025-11-11 11:44:04,871 - INFO - Email enviado exitosamente a: i.garcia@grupomerpes.com, asistentecomercial6@grupomerpes.com, w.valbuena@grupomerpes.com
2025-11-11 11:44:05,873 - WARNING - Imagen no encontrada: MAIL-REPORTE_06.png
2025-11-11 11:44:07,905 - INFO - Email enviado exitosamente a: i.garcia@grupomerpes.com, asistentecomercial6@grupomerpes.com, w.valbuena@grupomerpes.com
2025-11-11 11:44:08,907 - WARNING - Imagen no encontrada: MAIL-REPORTE_06.png
2025-11-11 11:44:10,561 - INFO - Email enviado exitosamente a: c.bejarano@grupomerpes.com, l.castaneda@grupomerpes.com
2025-11-11 11:44:11,563 - WARNING - Imagen no encontrada: MAIL-REPORTE_06.png
2025-11-11 11:44:13,601 - INFO - Email enviado exitosamente a: j.moreno@grupomerpes.com, d.grisales@grupomerpes.com
2025-11-11 11:44:14,604 - WARNING - Imagen no encontrada: MAIL-REPORTE_06.png
2025-11-11 11:44:16,499 - INFO - Email enviado exitosamente a: j.triana@grupomerpes.com, d.grisales@grupomerpes.com
2025-11-11 11:44:17,502 - WARNING - Imagen no encontrada: MAIL-REPORTE_06.png
2025-11-11 11:44:19,265 - INFO - Email enviado exitosamente a: j.triana@grupomerpes.com, d.grisales@grupomerpes.com
2025-11-11 11:44:20,266 - INFO - === RESUMEN DE EJECUCIÓN ===
2025-11-11 11:44:20,267 - INFO - Total de reportes generados: 34
2025-11-11 11:44:20,267 - INFO - Emails enviados exitosamente: 33
2025-11-11 11:44:20,267 - INFO - Errores en envío: 1
2025-11-11 11:44:20,267 - INFO - Clientes procesados: Apex CO, Apex MX, Beiersdorf CO, Black & Decker CO, Coca Cola CO, Coca Cola CR, Coca Cola GU, Coca Cola PA, Diageo CA, Diversey CO, Dos Pinos CR, Gases del oriente CO, Gloria CO, Grupo Diana CO, Impocali CO, Juan Valdez CO, Kimberly Clark CO, Kimberly Clark PE, Mabe CO, Mabe EC, Mabe PE, Newell CO, Opella CO, Papeles Nacionales, Reckitt CO, Softys CO, Splenda CO, Team Foods CO, Vanti CO, Wavin Pavco CO, Bavaria CO, Casa Luker CO, Terpel CO
2025-11-11 11:44:20,268 - INFO - Archivo temporal eliminado
2025-11-19 11:03:52,326 - INFO - === INICIANDO MONITOREO DE CAMPAÑAS ===
2025-11-19 11:03:52,327 - INFO - Leyendo datos del archivo consolidado de horas soporte
2025-11-19 11:03:52,338 - INFO - Columnas mapeadas: {'SEPTIEMBRE': 'CLIENTE', 'Unnamed: 1': 'AREA_CAMPAÑA', 'Horas Soporte Merpes': 'HORAS_MERPES_ASIGNADAS', 'Unnamed: 3': 'HORAS_MERPES_CONSUMIDAS', 'Unnamed: 4': 'HORAS_MERPES_DISPONIBLES', 'Horas Soporte Zoftinium': 'HORAS_ZOFTINIUM_ASIGNADAS', 'Unnamed: 6': 'HORAS_ZOFTINIUM_CONSUMIDAS', 'Unnamed: 7': 'HORAS_ZOFTINIUM_DISPONIBLES', 'Piezas diseño': 'PIEZAS_DISEÑO_ASIGNADAS', 'Unnamed: 9': 'PIEZAS_DISEÑO_CONSUMIDAS', 'Unnamed: 10': 'PIEZAS_DISEÑO_DISPONIBLES', 'Correos': 'CORREOS'}
2025-11-19 11:03:52,343 - INFO - Columna 'HORAS_MERPES_ASIGNADAS' convertida a numérica
2025-11-19 11:03:52,343 - INFO - Columna 'HORAS_MERPES_CONSUMIDAS' convertida a numérica
2025-11-19 11:03:52,344 - INFO - Columna 'HORAS_ZOFTINIUM_ASIGNADAS' convertida a numérica
2025-11-19 11:03:52,344 - INFO - Columna 'HORAS_ZOFTINIUM_CONSUMIDAS' convertida a numérica
2025-11-19 11:03:52,344 - INFO - Columna 'PIEZAS_DISEÑO_ASIGNADAS' convertida a numérica
2025-11-19 11:03:52,345 - INFO - Columna 'PIEZAS_DISEÑO_CONSUMIDAS' convertida a numérica
2025-11-19 11:03:52,347 - INFO - Datos leídos exitosamente. Total clientes: 43
2025-11-19 11:03:52,349 - INFO - Mapeo de correos cargado: 34 clientes con correos definidos
2025-11-19 11:03:52,349 - INFO -   • Apex CO: a.sosa@grupomerpes.com, asistentecomercial16@grupomerpes.com, c.calderon@grupomerpes.com
2025-11-19 11:03:52,349 - INFO -   • Apex MX: v.zamudio@grupomerpes.com, j.corrales@grupomerpes.com
2025-11-19 11:03:52,349 - INFO -   • Beiersdorf CO: l.rojas@grupomerpes.com, l.castaneda@grupomerpes.com
2025-11-19 11:03:52,349 - INFO -   • Black & Decker CO: a.sosa@grupomerpes.com, asistentecomercial16@grupomerpes.com, c.calderon@grupomerpes.com
2025-11-19 11:03:52,349 - INFO -   • Coca Cola CO: l.castro@grupomerpes.com, c.calderon@grupomerpes.com, asistentecomercial13@grupomerpes.com
2025-11-19 11:03:52,349 - INFO -   • Coca Cola CR: comercialcr@grupomerpes.com, operacionescr@grupomerpes.com
2025-11-19 11:03:52,350 - INFO -   • Coca Cola GU: j.corrales@grupomerpes.com, v.zamudio@grupomerpes.com, comercialgt@grupomerpes.com, operaciones.gt@grupomerpes.com
2025-11-19 11:03:52,350 - INFO -   • Coca Cola PA: l.ortega@grupomerpes.com, v.zamudio@grupomerpes.com
2025-11-19 11:03:52,350 - INFO -   • Diageo CA: v.zamudio@grupomerpes.com, j.corrales@grupomerpes.com
2025-11-19 11:03:52,350 - INFO -   • Diageo CO: ks.gualdron@grupomerpes.com, asistentecomercial10@grupomerpes.com, l.castaneda@grupomerpes.com
2025-11-19 11:03:52,350 - INFO -   • Diversey CO: c.calderon@grupomerpes.com, v.zamudio@grupomerpes.com
2025-11-19 11:03:52,350 - INFO -   • Dos Pinos CR: comercialcr@grupomerpes.com, operacionescr@grupomerpes.com, desarrolloweb@grupomerpes.com
2025-11-19 11:03:52,350 - INFO -   • Gases del oriente CO: c.calderon@grupomerpes.com, v.zamudio@grupomerpes.com
2025-11-19 11:03:52,350 - INFO -   • Gloria CO: e.munoz@grupomerpes.com, w.valbuena@grupomerpes.com, asistentecomercial23@grupomerpes.com, kupaa@grupomerpes.com
2025-11-19 11:03:52,350 - INFO -   • Grupo Diana CO: e.munoz@grupomerpes.com, w.valbuena@grupomerpes.com, asistentecomercial23@grupomerpes.com
2025-11-19 11:03:52,351 - INFO -   • Impocali CO: a.sosa@grupomerpes.com, asistentecomercial16@grupomerpes.com, c.calderon@grupomerpes.com
2025-11-19 11:03:52,351 - INFO -   • Juan Valdez CO: l.castro@grupomerpes.com, c.calderon@grupomerpes.com, asistentecomercial13@grupomerpes.com
2025-11-19 11:03:52,351 - INFO -   • Kimberly Clark CO: c.bejarano@grupomerpes.com, l.castaneda@grupomerpes.com
2025-11-19 11:03:52,351 - INFO -   • Kimberly Clark PE: ejecutivo.b2b@grupomerpes.com.pe, ejecutivo.fidelizacion@grupomerpes.com.pe, jefediseno@grupomerpes.com
2025-11-19 11:03:52,351 - INFO -   • Mabe CO: m.zamudio@grupomerpes.com, asistentecomercial22@grupomerpes.com, w.valbuena@grupomerpes.com
2025-11-19 11:03:52,351 - INFO -   • Mabe EC: i.garcia@grupomerpes.com, asistentecomercial6@grupomerpes.com, w.valbuena@grupomerpes.com
2025-11-19 11:03:52,351 - INFO -   • Mabe PE: ejecutivo.b2b@grupomerpes.com.pe, w.valbuena@grupomerpes.com
2025-11-19 11:03:52,351 - INFO -   • Newell CO: c.calderon@grupomerpes.com, p.moreno@grupomerpes.com, asistentecomercial16@grupomerpes.com
2025-11-19 11:03:52,351 - INFO -   • Opella CO: l.chala@grupomerpes.com, asistentecomercial11@grupomerpes.com, l.castaneda@grupomerpes.com
2025-11-19 11:03:52,351 - INFO -   • Papeles Nacionales: c.calderon@grupomerpes.com, v.zamudio@grupomerpes.com
2025-11-19 11:03:52,351 - INFO -   • Reckitt CO: l.rojas@grupomerpes.com, l.castaneda@grupomerpes.com
2025-11-19 11:03:52,351 - INFO -   • Softys CO: e.munoz@grupomerpes.com, w.valbuena@grupomerpes.com, asistentecomercial23@grupomerpes.com
2025-11-19 11:03:52,352 - INFO -   • Splenda CO: ks.gualdron@grupomerpes.com, asistentecomercial10@grupomerpes.com, l.castaneda@grupomerpes.com
2025-11-19 11:03:52,352 - INFO -   • Team Foods CO: i.garcia@grupomerpes.com, asistentecomercial6@grupomerpes.com, w.valbuena@grupomerpes.com
2025-11-19 11:03:52,352 - INFO -   • Vanti CO: i.garcia@grupomerpes.com, asistentecomercial6@grupomerpes.com, w.valbuena@grupomerpes.com
2025-11-19 11:03:52,352 - INFO -   • Wavin Pavco CO: c.bejarano@grupomerpes.com, l.castaneda@grupomerpes.com
2025-11-19 11:03:52,352 - INFO -   • Bavaria CO: j.moreno@grupomerpes.com, d.grisales@grupomerpes.com
2025-11-19 11:03:52,352 - INFO -   • Casa Luker CO: j.triana@grupomerpes.com, d.grisales@grupomerpes.com
2025-11-19 11:03:52,352 - INFO -   • Terpel CO: j.triana@grupomerpes.com, d.grisales@grupomerpes.com
2025-11-19 11:03:52,353 - INFO - Reporte generado para Apex CO: Merpes 2.9/10h (29.0%), Zoftinium 0.0/3h (0.0%), Diseño 4/14 piezas (28.6%)
2025-11-19 11:03:52,354 - INFO - Reporte generado para Apex MX: Merpes 0.3/6h (5.0%), Zoftinium 0.0/3h (0.0%), Diseño 0/14 piezas (0.0%)
2025-11-19 11:03:52,355 - INFO - Reporte generado para Beiersdorf CO: Merpes 0.0/3h (0.0%), Zoftinium 0.0/2h (0.0%), Diseño 5/10 piezas (50.0%)
2025-11-19 11:03:52,355 - INFO - Reporte generado para Black & Decker CO: Merpes 0.6/11h (5.5%), Zoftinium 0.0/6h (0.0%), Diseño 0/9 piezas (0.0%)
2025-11-19 11:03:52,356 - INFO - Reporte generado para Coca Cola CO: Merpes 0.5/8h (6.2%), Zoftinium 0.7/4h (17.5%), Diseño 0/8 piezas (0.0%)
2025-11-19 11:03:52,357 - INFO - Reporte generado para Coca Cola CR: Merpes 0.0/7h (0.0%), Zoftinium 0.0/3h (0.0%), Diseño 0/15 piezas (0.0%)
2025-11-19 11:03:52,357 - INFO - Reporte generado para Coca Cola GU: Merpes 4.3/27h (15.9%), Zoftinium 2.5/14h (17.9%), Diseño 3/31 piezas (9.7%)
2025-11-19 11:03:52,358 - INFO - Reporte generado para Coca Cola PA: Merpes 5.3/15h (35.3%), Zoftinium 0.0/6h (0.0%), Diseño 0/8 piezas (0.0%)
2025-11-19 11:03:52,359 - INFO - Reporte generado para Diageo CA: Merpes 3.0/8h (37.5%), Zoftinium 0.0/3h (0.0%), Diseño 0/12 piezas (0.0%)
2025-11-19 11:03:52,360 - INFO - Reporte generado para Diageo CO: Merpes 0.5/10h (5.0%), Zoftinium 0.0/5h (0.0%), Diseño 2/14 piezas (14.3%)
2025-11-19 11:03:52,360 - INFO - Reporte generado para Diversey CO: Merpes 0.0/3h (0.0%), Zoftinium 0.0/3h (0.0%), Diseño 0/6 piezas (0.0%)
2025-11-19 11:03:52,362 - INFO - Reporte generado para Dos Pinos CR: Merpes 5.8/10h (58.0%), Zoftinium 0.0/4h (0.0%), Diseño 6/15 piezas (40.0%)
2025-11-19 11:03:52,363 - INFO - Reporte generado para Gases del oriente CO: Merpes 0.3/8h (3.8%), Zoftinium 0.0/5h (0.0%), Diseño 0/10 piezas (0.0%)
2025-11-19 11:03:52,363 - INFO - Reporte generado para Gloria CO: Merpes 0.0/15h (0.0%), Zoftinium 0.0/5h (0.0%), Diseño 5/20 piezas (25.0%)
2025-11-19 11:03:52,364 - INFO - Reporte generado para Grupo Diana CO: Merpes 1.3/8h (16.2%), Zoftinium 1.5/4h (37.5%), Diseño 3/7 piezas (42.9%)
2025-11-19 11:03:52,364 - INFO - Reporte generado para Impocali CO: Merpes 0.0/8h (0.0%), Zoftinium 0.0/4h (0.0%), Diseño 4/8 piezas (50.0%)
2025-11-19 11:03:52,365 - INFO - Reporte generado para Juan Valdez CO: Merpes 0.3/8h (3.8%), Zoftinium 0.0/3h (0.0%), Diseño 0/0 piezas (0.0%)
2025-11-19 11:03:52,366 - INFO - Reporte generado para Kimberly Clark CO: Merpes 0.0/6h (0.0%), Zoftinium 0.0/4h (0.0%), Diseño 3/8 piezas (37.5%)
2025-11-19 11:03:52,366 - INFO - Reporte generado para Kimberly Clark PE: Merpes 0.0/2h (0.0%), Zoftinium 0.0/2h (0.0%), Diseño 3/7 piezas (42.9%)
2025-11-19 11:03:52,367 - INFO - Reporte generado para Mabe CO: Merpes 7.5/25h (30.0%), Zoftinium 0.0/8h (0.0%), Diseño 0/0 piezas (0.0%)
2025-11-19 11:03:52,367 - INFO - Reporte generado para Mabe EC: Merpes 1.3/15h (8.7%), Zoftinium 0.0/4h (0.0%), Diseño 0/0 piezas (0.0%)
2025-11-19 11:03:52,368 - INFO - Reporte generado para Mabe PE: Merpes 0.0/15h (0.0%), Zoftinium 0.0/4h (0.0%), Diseño 0/0 piezas (0.0%)
2025-11-19 11:03:52,368 - INFO - Reporte generado para Newell CO: Merpes 2.1/8h (26.2%), Zoftinium 0.0/4h (0.0%), Diseño 3/12 piezas (25.0%)
2025-11-19 11:03:52,369 - INFO - Reporte generado para Opella CO: Merpes 0.0/17h (0.0%), Zoftinium 0.0/8h (0.0%), Diseño 0/5 piezas (0.0%)
2025-11-19 11:03:52,370 - INFO - Reporte generado para Papeles Nacionales: Merpes 0.0/4h (0.0%), Zoftinium 0.0/8h (0.0%), Diseño 0/4 piezas (0.0%)
2025-11-19 11:03:52,370 - INFO - Reporte generado para Reckitt CO: Merpes 0.0/2h (0.0%), Zoftinium 0.0/4h (0.0%), Diseño 0/7 piezas (0.0%)
2025-11-19 11:03:52,371 - INFO - Reporte generado para Softys CO: Merpes 0.0/8h (0.0%), Zoftinium 0.0/3h (0.0%), Diseño 0/8 piezas (0.0%)
2025-11-19 11:03:52,371 - INFO - Reporte generado para Splenda CO: Merpes 0.5/40h (1.2%), Zoftinium 1.0/15h (6.7%), Diseño 0/7 piezas (0.0%)
2025-11-19 11:03:52,372 - INFO - Reporte generado para Team Foods CO: Merpes 0.0/0h (0.0%), Zoftinium 0.0/0h (0.0%), Diseño 0/0 piezas (0.0%)
2025-11-19 11:03:52,373 - INFO - Reporte generado para Vanti CO: Merpes 0.0/4h (0.0%), Zoftinium 0.0/3h (0.0%), Diseño 8/14 piezas (57.1%)
2025-11-19 11:03:52,373 - INFO - Reporte generado para Wavin Pavco CO: Merpes 3.1/5h (62.0%), Zoftinium 0.0/4h (0.0%), Diseño 7/9 piezas (77.8%)
2025-11-19 11:03:52,374 - INFO - Reporte generado para Bavaria CO: Merpes 6.4/20h (32.0%), Zoftinium 0.0/12h (0.0%), Diseño 0/10 piezas (0.0%)
2025-11-19 11:03:52,374 - INFO - Reporte generado para Casa Luker CO: Merpes 0.8/2h (40.0%), Zoftinium 0.0/2h (0.0%), Diseño 0/0 piezas (0.0%)
2025-11-19 11:03:52,375 - INFO - Reporte generado para Terpel CO: Merpes 0.6/9h (6.7%), Zoftinium 1.5/9h (16.7%), Diseño 0/0 piezas (0.0%)
2025-11-19 11:03:52,375 - INFO - Se generaron 34 reportes mensuales
2025-11-19 11:03:52,384 - WARNING - Imagen no encontrada: MAIL-REPORTE_06.png
2025-11-19 11:03:55,363 - INFO - Email enviado exitosamente a: a.sosa@grupomerpes.com, asistentecomercial16@grupomerpes.com, c.calderon@grupomerpes.com
2025-11-19 11:03:56,366 - WARNING - Imagen no encontrada: MAIL-REPORTE_06.png
2025-11-19 11:03:58,698 - INFO - Email enviado exitosamente a: v.zamudio@grupomerpes.com, j.corrales@grupomerpes.com
2025-11-19 11:03:59,700 - WARNING - Imagen no encontrada: MAIL-REPORTE_06.png
2025-11-19 11:04:01,696 - INFO - Email enviado exitosamente a: l.rojas@grupomerpes.com, l.castaneda@grupomerpes.com
2025-11-19 11:04:02,699 - WARNING - Imagen no encontrada: MAIL-REPORTE_06.png
2025-11-19 11:04:04,541 - INFO - Email enviado exitosamente a: a.sosa@grupomerpes.com, asistentecomercial16@grupomerpes.com, c.calderon@grupomerpes.com
2025-11-19 11:04:05,543 - WARNING - Imagen no encontrada: MAIL-REPORTE_06.png
2025-11-19 11:04:07,860 - INFO - Email enviado exitosamente a: l.castro@grupomerpes.com, c.calderon@grupomerpes.com, asistentecomercial13@grupomerpes.com
2025-11-19 11:04:08,862 - WARNING - Imagen no encontrada: MAIL-REPORTE_06.png
2025-11-19 11:04:10,890 - INFO - Email enviado exitosamente a: comercialcr@grupomerpes.com, operacionescr@grupomerpes.com
2025-11-19 11:04:11,892 - WARNING - Imagen no encontrada: MAIL-REPORTE_06.png
2025-11-19 11:04:13,793 - INFO - Email enviado exitosamente a: j.corrales@grupomerpes.com, v.zamudio@grupomerpes.com, comercialgt@grupomerpes.com, operaciones.gt@grupomerpes.com
2025-11-19 11:04:14,795 - WARNING - Imagen no encontrada: MAIL-REPORTE_06.png
2025-11-19 11:04:16,528 - INFO - Email enviado exitosamente a: l.ortega@grupomerpes.com, v.zamudio@grupomerpes.com
2025-11-19 11:04:17,530 - WARNING - Imagen no encontrada: MAIL-REPORTE_06.png
2025-11-19 11:04:19,502 - INFO - Email enviado exitosamente a: v.zamudio@grupomerpes.com, j.corrales@grupomerpes.com
2025-11-19 11:04:20,505 - WARNING - Imagen no encontrada: MAIL-REPORTE_06.png
2025-11-19 11:04:22,868 - INFO - Email enviado exitosamente a: ks.gualdron@grupomerpes.com, asistentecomercial10@grupomerpes.com, l.castaneda@grupomerpes.com
2025-11-19 11:04:23,870 - WARNING - Imagen no encontrada: MAIL-REPORTE_06.png
2025-11-19 11:04:26,496 - INFO - Email enviado exitosamente a: c.calderon@grupomerpes.com, v.zamudio@grupomerpes.com
2025-11-19 11:04:27,498 - WARNING - Imagen no encontrada: MAIL-REPORTE_06.png
2025-11-19 11:04:29,665 - INFO - Email enviado exitosamente a: comercialcr@grupomerpes.com, operacionescr@grupomerpes.com, desarrolloweb@grupomerpes.com
2025-11-19 11:04:30,667 - WARNING - Imagen no encontrada: MAIL-REPORTE_06.png
2025-11-19 11:04:32,670 - INFO - Email enviado exitosamente a: c.calderon@grupomerpes.com, v.zamudio@grupomerpes.com
2025-11-19 11:04:33,672 - WARNING - Imagen no encontrada: MAIL-REPORTE_06.png
2025-11-19 11:04:35,924 - INFO - Email enviado exitosamente a: e.munoz@grupomerpes.com, w.valbuena@grupomerpes.com, asistentecomercial23@grupomerpes.com, kupaa@grupomerpes.com
2025-11-19 11:04:36,925 - WARNING - Imagen no encontrada: MAIL-REPORTE_06.png
2025-11-19 11:04:39,329 - INFO - Email enviado exitosamente a: e.munoz@grupomerpes.com, w.valbuena@grupomerpes.com, asistentecomercial23@grupomerpes.com
2025-11-19 11:04:40,331 - WARNING - Imagen no encontrada: MAIL-REPORTE_06.png
2025-11-19 11:04:42,502 - INFO - Email enviado exitosamente a: a.sosa@grupomerpes.com, asistentecomercial16@grupomerpes.com, c.calderon@grupomerpes.com
2025-11-19 11:04:43,504 - WARNING - Imagen no encontrada: MAIL-REPORTE_06.png
2025-11-19 11:04:45,530 - INFO - Email enviado exitosamente a: l.castro@grupomerpes.com, c.calderon@grupomerpes.com, asistentecomercial13@grupomerpes.com
2025-11-19 11:04:46,533 - WARNING - Imagen no encontrada: MAIL-REPORTE_06.png
2025-11-19 11:04:50,857 - INFO - Email enviado exitosamente a: c.bejarano@grupomerpes.com, l.castaneda@grupomerpes.com
2025-11-19 11:04:51,859 - WARNING - Imagen no encontrada: MAIL-REPORTE_06.png
2025-11-19 11:04:53,880 - INFO - Email enviado exitosamente a: ejecutivo.b2b@grupomerpes.com.pe, ejecutivo.fidelizacion@grupomerpes.com.pe, jefediseno@grupomerpes.com
2025-11-19 11:04:54,882 - WARNING - Imagen no encontrada: MAIL-REPORTE_06.png
2025-11-19 11:04:57,072 - INFO - Email enviado exitosamente a: m.zamudio@grupomerpes.com, asistentecomercial22@grupomerpes.com, w.valbuena@grupomerpes.com
2025-11-19 11:04:58,074 - WARNING - Imagen no encontrada: MAIL-REPORTE_06.png
2025-11-19 11:05:00,060 - INFO - Email enviado exitosamente a: i.garcia@grupomerpes.com, asistentecomercial6@grupomerpes.com, w.valbuena@grupomerpes.com
2025-11-19 11:05:01,062 - WARNING - Imagen no encontrada: MAIL-REPORTE_06.png
2025-11-19 11:05:02,981 - INFO - Email enviado exitosamente a: ejecutivo.b2b@grupomerpes.com.pe, w.valbuena@grupomerpes.com
2025-11-19 11:05:03,984 - WARNING - Imagen no encontrada: MAIL-REPORTE_06.png
2025-11-19 11:05:06,442 - INFO - Email enviado exitosamente a: c.calderon@grupomerpes.com, p.moreno@grupomerpes.com, asistentecomercial16@grupomerpes.com
2025-11-19 11:05:07,445 - WARNING - Imagen no encontrada: MAIL-REPORTE_06.png
2025-11-19 11:05:09,966 - INFO - Email enviado exitosamente a: l.chala@grupomerpes.com, asistentecomercial11@grupomerpes.com, l.castaneda@grupomerpes.com
2025-11-19 11:05:10,968 - WARNING - Imagen no encontrada: MAIL-REPORTE_06.png
2025-11-19 11:05:12,862 - INFO - Email enviado exitosamente a: c.calderon@grupomerpes.com, v.zamudio@grupomerpes.com
2025-11-19 11:05:13,864 - WARNING - Imagen no encontrada: MAIL-REPORTE_06.png
2025-11-19 11:05:15,914 - INFO - Email enviado exitosamente a: l.rojas@grupomerpes.com, l.castaneda@grupomerpes.com
2025-11-19 11:05:16,917 - WARNING - Imagen no encontrada: MAIL-REPORTE_06.png
2025-11-19 11:05:19,048 - INFO - Email enviado exitosamente a: e.munoz@grupomerpes.com, w.valbuena@grupomerpes.com, asistentecomercial23@grupomerpes.com
2025-11-19 11:05:20,052 - WARNING - Imagen no encontrada: MAIL-REPORTE_06.png
2025-11-19 11:05:22,081 - INFO - Email enviado exitosamente a: ks.gualdron@grupomerpes.com, asistentecomercial10@grupomerpes.com, l.castaneda@grupomerpes.com
2025-11-19 11:05:23,084 - WARNING - Imagen no encontrada: MAIL-REPORTE_06.png
2025-11-19 11:05:25,261 - INFO - Email enviado exitosamente a: i.garcia@grupomerpes.com, asistentecomercial6@grupomerpes.com, w.valbuena@grupomerpes.com
2025-11-19 11:05:26,264 - WARNING - Imagen no encontrada: MAIL-REPORTE_06.png
2025-11-19 11:05:28,259 - INFO - Email enviado exitosamente a: i.garcia@grupomerpes.com, asistentecomercial6@grupomerpes.com, w.valbuena@grupomerpes.com
2025-11-19 11:05:29,260 - WARNING - Imagen no encontrada: MAIL-REPORTE_06.png
2025-11-19 11:05:31,339 - INFO - Email enviado exitosamente a: c.bejarano@grupomerpes.com, l.castaneda@grupomerpes.com
2025-11-19 11:05:32,341 - WARNING - Imagen no encontrada: MAIL-REPORTE_06.png
2025-11-19 11:05:34,316 - INFO - Email enviado exitosamente a: j.moreno@grupomerpes.com, d.grisales@grupomerpes.com
2025-11-19 11:05:35,317 - WARNING - Imagen no encontrada: MAIL-REPORTE_06.png
2025-11-19 11:05:37,412 - INFO - Email enviado exitosamente a: j.triana@grupomerpes.com, d.grisales@grupomerpes.com
2025-11-19 11:05:38,415 - WARNING - Imagen no encontrada: MAIL-REPORTE_06.png
2025-11-19 11:05:40,420 - INFO - Email enviado exitosamente a: j.triana@grupomerpes.com, d.grisales@grupomerpes.com
2025-11-19 11:05:41,421 - INFO - === RESUMEN DE EJECUCIÓN ===
2025-11-19 11:05:41,422 - INFO - Total de reportes generados: 34
2025-11-19 11:05:41,422 - INFO - Emails enviados exitosamente: 34
2025-11-19 11:05:41,422 - INFO - Errores en envío: 0
2025-11-19 11:05:41,422 - INFO - Clientes procesados: Apex CO, Apex MX, Beiersdorf CO, Black & Decker CO, Coca Cola CO, Coca Cola CR, Coca Cola GU, Coca Cola PA, Diageo CA, Diageo CO, Diversey CO, Dos Pinos CR, Gases del oriente CO, Gloria CO, Grupo Diana CO, Impocali CO, Juan Valdez CO, Kimberly Clark CO, Kimberly Clark PE, Mabe CO, Mabe EC, Mabe PE, Newell CO, Opella CO, Papeles Nacionales, Reckitt CO, Softys CO, Splenda CO, Team Foods CO, Vanti CO, Wavin Pavco CO, Bavaria CO, Casa Luker CO, Terpel CO
2025-11-19 11:05:41,423 - INFO - Archivo temporal eliminado
2025-11-24 16:58:36,397 - INFO - === INICIANDO MONITOREO DE CAMPAÑAS ===
2025-11-24 16:58:36,398 - INFO - Leyendo datos del archivo consolidado de horas soporte
2025-11-24 16:58:36,408 - INFO - Columnas mapeadas: {'SEPTIEMBRE': 'CLIENTE', 'Unnamed: 1': 'AREA_CAMPAÑA', 'Horas Soporte Merpes': 'HORAS_MERPES_ASIGNADAS', 'Unnamed: 3': 'HORAS_MERPES_CONSUMIDAS', 'Unnamed: 4': 'HORAS_MERPES_DISPONIBLES', 'Horas Soporte Zoftinium': 'HORAS_ZOFTINIUM_ASIGNADAS', 'Unnamed: 6': 'HORAS_ZOFTINIUM_CONSUMIDAS', 'Unnamed: 7': 'HORAS_ZOFTINIUM_DISPONIBLES', 'Piezas diseño': 'PIEZAS_DISEÑO_ASIGNADAS', 'Unnamed: 9': 'PIEZAS_DISEÑO_CONSUMIDAS', 'Unnamed: 10': 'PIEZAS_DISEÑO_DISPONIBLES', 'Correos': 'CORREOS'}
2025-11-24 16:58:36,412 - INFO - Columna 'HORAS_MERPES_ASIGNADAS' convertida a numérica
2025-11-24 16:58:36,413 - INFO - Columna 'HORAS_MERPES_CONSUMIDAS' convertida a numérica
2025-11-24 16:58:36,413 - INFO - Columna 'HORAS_ZOFTINIUM_ASIGNADAS' convertida a numérica
2025-11-24 16:58:36,414 - INFO - Columna 'HORAS_ZOFTINIUM_CONSUMIDAS' convertida a numérica
2025-11-24 16:58:36,415 - INFO - Columna 'PIEZAS_DISEÑO_ASIGNADAS' convertida a numérica
2025-11-24 16:58:36,415 - INFO - Columna 'PIEZAS_DISEÑO_CONSUMIDAS' convertida a numérica
2025-11-24 16:58:36,418 - INFO - Datos leídos exitosamente. Total clientes: 43
2025-11-24 16:58:36,420 - INFO - Mapeo de correos cargado: 34 clientes con correos definidos
2025-11-24 16:58:36,420 - INFO -   • Apex CO: a.sosa@grupomerpes.com, asistentecomercial16@grupomerpes.com, c.calderon@grupomerpes.com
2025-11-24 16:58:36,421 - INFO -   • Apex MX: v.zamudio@grupomerpes.com, j.corrales@grupomerpes.com
2025-11-24 16:58:36,421 - INFO -   • Beiersdorf CO: l.rojas@grupomerpes.com, l.castaneda@grupomerpes.com, desarrolloweb@grupomerpes.com
2025-11-24 16:58:36,421 - INFO -   • Black & Decker CO: a.sosa@grupomerpes.com, asistentecomercial16@grupomerpes.com, c.calderon@grupomerpes.com
2025-11-24 16:58:36,421 - INFO -   • Coca Cola CO: l.castro@grupomerpes.com, c.calderon@grupomerpes.com, asistentecomercial13@grupomerpes.com
2025-11-24 16:58:36,421 - INFO -   • Coca Cola CR: comercialcr@grupomerpes.com, operacionescr@grupomerpes.com, kupaa@grupomerpes.com
2025-11-24 16:58:36,422 - INFO -   • Coca Cola GU: j.corrales@grupomerpes.com, v.zamudio@grupomerpes.com, comercialgt@grupomerpes.com, operaciones.gt@grupomerpes.com
2025-11-24 16:58:36,422 - INFO -   • Coca Cola PA: l.ortega@grupomerpes.com, v.zamudio@grupomerpes.com
2025-11-24 16:58:36,422 - INFO -   • Diageo CA: v.zamudio@grupomerpes.com, j.corrales@grupomerpes.com
2025-11-24 16:58:36,422 - INFO -   • Diageo CO: ks.gualdron@grupomerpes.com, asistentecomercial10@grupomerpes.com, l.castaneda@grupomerpes.com
2025-11-24 16:58:36,422 - INFO -   • Diversey CO: c.calderon@grupomerpes.com, v.zamudio@grupomerpes.com
2025-11-24 16:58:36,422 - INFO -   • Dos Pinos CR: comercialcr@grupomerpes.com, operacionescr@grupomerpes.com
2025-11-24 16:58:36,422 - INFO -   • Gases del oriente CO: c.calderon@grupomerpes.com, v.zamudio@grupomerpes.com
2025-11-24 16:58:36,422 - INFO -   • Gloria CO: e.munoz@grupomerpes.com, w.valbuena@grupomerpes.com, asistentecomercial23@grupomerpes.com, jefediseno@grupomerpes.com
2025-11-24 16:58:36,422 - INFO -   • Grupo Diana CO: e.munoz@grupomerpes.com, w.valbuena@grupomerpes.com, asistentecomercial23@grupomerpes.com
2025-11-24 16:58:36,423 - INFO -   • Impocali CO: a.sosa@grupomerpes.com, asistentecomercial16@grupomerpes.com, c.calderon@grupomerpes.com
2025-11-24 16:58:36,423 - INFO -   • Juan Valdez CO: l.castro@grupomerpes.com, c.calderon@grupomerpes.com, asistentecomercial13@grupomerpes.com
2025-11-24 16:58:36,423 - INFO -   • Kimberly Clark CO: c.bejarano@grupomerpes.com, l.castaneda@grupomerpes.com
2025-11-24 16:58:36,423 - INFO -   • Kimberly Clark PE: ejecutivo.b2b@grupomerpes.com.pe, ejecutivo.fidelizacion@grupomerpes.com.pe
2025-11-24 16:58:36,423 - INFO -   • Mabe CO: m.zamudio@grupomerpes.com, asistentecomercial22@grupomerpes.com, w.valbuena@grupomerpes.com
2025-11-24 16:58:36,423 - INFO -   • Mabe EC: i.garcia@grupomerpes.com, asistentecomercial6@grupomerpes.com, w.valbuena@grupomerpes.com
2025-11-24 16:58:36,423 - INFO -   • Mabe PE: ejecutivo.b2b@grupomerpes.com.pe, w.valbuena@grupomerpes.com
2025-11-24 16:58:36,423 - INFO -   • Newell CO: c.calderon@grupomerpes.com, p.moreno@grupomerpes.com, asistentecomercial16@grupomerpes.com
2025-11-24 16:58:36,423 - INFO -   • Opella CO: l.chala@grupomerpes.com, asistentecomercial11@grupomerpes.com, l.castaneda@grupomerpes.com
2025-11-24 16:58:36,423 - INFO -   • Papeles Nacionales: c.calderon@grupomerpes.com, v.zamudio@grupomerpes.com
2025-11-24 16:58:36,423 - INFO -   • Reckitt CO: l.rojas@grupomerpes.com, l.castaneda@grupomerpes.com
2025-11-24 16:58:36,424 - INFO -   • Softys CO: e.munoz@grupomerpes.com, w.valbuena@grupomerpes.com, asistentecomercial23@grupomerpes.com
2025-11-24 16:58:36,424 - INFO -   • Splenda CO: ks.gualdron@grupomerpes.com, asistentecomercial10@grupomerpes.com, l.castaneda@grupomerpes.com
2025-11-24 16:58:36,424 - INFO -   • Team Foods CO: i.garcia@grupomerpes.com, asistentecomercial6@grupomerpes.com, w.valbuena@grupomerpes.com
2025-11-24 16:58:36,424 - INFO -   • Vanti CO: i.garcia@grupomerpes.com, asistentecomercial6@grupomerpes.com, w.valbuena@grupomerpes.com
2025-11-24 16:58:36,424 - INFO -   • Wavin Pavco CO: c.bejarano@grupomerpes.com, l.castaneda@grupomerpes.com
2025-11-24 16:58:36,424 - INFO -   • Bavaria CO: j.moreno@grupomerpes.com, d.grisales@grupomerpes.com
2025-11-24 16:58:36,424 - INFO -   • Casa Luker CO: j.triana@grupomerpes.com, d.grisales@grupomerpes.com
2025-11-24 16:58:36,424 - INFO -   • Terpel CO: j.triana@grupomerpes.com, d.grisales@grupomerpes.com
2025-11-24 16:58:36,426 - INFO - Reporte generado para Apex CO: Merpes 3.2/10h (32.0%), Zoftinium 0.0/3h (0.0%), Diseño 10/14 piezas (71.4%)
2025-11-24 16:58:36,426 - INFO - Reporte generado para Apex MX: Merpes 2.8/6h (46.7%), Zoftinium 0.0/3h (0.0%), Diseño 3/14 piezas (21.4%)
2025-11-24 16:58:36,427 - INFO - Reporte generado para Beiersdorf CO: Merpes 0.0/3h (0.0%), Zoftinium 0.0/2h (0.0%), Diseño 5/10 piezas (50.0%)
2025-11-24 16:58:36,428 - INFO - Reporte generado para Black & Decker CO: Merpes 0.6/11h (5.5%), Zoftinium 0.0/6h (0.0%), Diseño 2/9 piezas (22.2%)
2025-11-24 16:58:36,429 - INFO - Reporte generado para Coca Cola CO: Merpes 0.8/8h (10.0%), Zoftinium 1.4/4h (35.0%), Diseño 1/8 piezas (12.5%)
2025-11-24 16:58:36,430 - INFO - Reporte generado para Coca Cola CR: Merpes 0.0/7h (0.0%), Zoftinium 0.0/3h (0.0%), Diseño 0/15 piezas (0.0%)
2025-11-24 16:58:36,430 - INFO - Reporte generado para Coca Cola GU: Merpes 4.3/27h (15.9%), Zoftinium 2.5/14h (17.9%), Diseño 7/31 piezas (22.6%)
2025-11-24 16:58:36,431 - INFO - Reporte generado para Coca Cola PA: Merpes 5.3/15h (35.3%), Zoftinium 0.0/6h (0.0%), Diseño 1/8 piezas (12.5%)
2025-11-24 16:58:36,431 - INFO - Reporte generado para Diageo CA: Merpes 3.0/8h (37.5%), Zoftinium 0.0/3h (0.0%), Diseño 1/12 piezas (8.3%)
2025-11-24 16:58:36,432 - INFO - Reporte generado para Diageo CO: Merpes 0.5/10h (5.0%), Zoftinium 0.0/5h (0.0%), Diseño 6/14 piezas (42.9%)
2025-11-24 16:58:36,433 - INFO - Reporte generado para Diversey CO: Merpes 0.0/3h (0.0%), Zoftinium 0.0/3h (0.0%), Diseño 0/6 piezas (0.0%)
2025-11-24 16:58:36,433 - INFO - Reporte generado para Dos Pinos CR: Merpes 5.8/10h (58.0%), Zoftinium 0.0/4h (0.0%), Diseño 12/15 piezas (80.0%)
2025-11-24 16:58:36,434 - INFO - Reporte generado para Gases del oriente CO: Merpes 0.3/8h (3.8%), Zoftinium 0.0/5h (0.0%), Diseño 0/10 piezas (0.0%)
2025-11-24 16:58:36,435 - INFO - Reporte generado para Gloria CO: Merpes 0.0/15h (0.0%), Zoftinium 0.0/5h (0.0%), Diseño 5/20 piezas (25.0%)
2025-11-24 16:58:36,436 - INFO - Reporte generado para Grupo Diana CO: Merpes 1.3/8h (16.2%), Zoftinium 2.25/4h (56.2%), Diseño 3/7 piezas (42.9%)
2025-11-24 16:58:36,436 - INFO - Reporte generado para Impocali CO: Merpes 0.0/8h (0.0%), Zoftinium 0.0/4h (0.0%), Diseño 4/8 piezas (50.0%)
2025-11-24 16:58:36,437 - INFO - Reporte generado para Juan Valdez CO: Merpes 0.3/8h (3.8%), Zoftinium 0.0/3h (0.0%), Diseño 0/0 piezas (0.0%)
2025-11-24 16:58:36,438 - INFO - Reporte generado para Kimberly Clark CO: Merpes 0.0/6h (0.0%), Zoftinium 0.0/4h (0.0%), Diseño 3/8 piezas (37.5%)
2025-11-24 16:58:36,438 - INFO - Reporte generado para Kimberly Clark PE: Merpes 0.0/2h (0.0%), Zoftinium 0.0/2h (0.0%), Diseño 3/7 piezas (42.9%)
2025-11-24 16:58:36,439 - INFO - Reporte generado para Mabe CO: Merpes 7.5/25h (30.0%), Zoftinium 1.0/8h (12.5%), Diseño 0/0 piezas (0.0%)
2025-11-24 16:58:36,439 - INFO - Reporte generado para Mabe EC: Merpes 1.8/15h (12.0%), Zoftinium 0.0/4h (0.0%), Diseño 0/0 piezas (0.0%)
2025-11-24 16:58:36,440 - INFO - Reporte generado para Mabe PE: Merpes 0.0/15h (0.0%), Zoftinium 0.0/4h (0.0%), Diseño 0/0 piezas (0.0%)
2025-11-24 16:58:36,441 - INFO - Reporte generado para Newell CO: Merpes 2.1/8h (26.2%), Zoftinium 0.0/4h (0.0%), Diseño 3/12 piezas (25.0%)
2025-11-24 16:58:36,442 - INFO - Reporte generado para Opella CO: Merpes 0.3/17h (1.8%), Zoftinium 0.0/8h (0.0%), Diseño 2/5 piezas (40.0%)
2025-11-24 16:58:36,443 - INFO - Reporte generado para Papeles Nacionales: Merpes 0.0/4h (0.0%), Zoftinium 0.0/8h (0.0%), Diseño 0/4 piezas (0.0%)
2025-11-24 16:58:36,444 - INFO - Reporte generado para Reckitt CO: Merpes 0.0/2h (0.0%), Zoftinium 0.0/4h (0.0%), Diseño 0/7 piezas (0.0%)
2025-11-24 16:58:36,446 - INFO - Reporte generado para Softys CO: Merpes 0.0/8h (0.0%), Zoftinium 0.0/3h (0.0%), Diseño 0/8 piezas (0.0%)
2025-11-24 16:58:36,447 - INFO - Reporte generado para Splenda CO: Merpes 0.5/40h (1.2%), Zoftinium 1.0/15h (6.7%), Diseño 0/7 piezas (0.0%)
2025-11-24 16:58:36,447 - INFO - Reporte generado para Team Foods CO: Merpes 0.0/0h (0.0%), Zoftinium 0.0/0h (0.0%), Diseño 0/0 piezas (0.0%)
2025-11-24 16:58:36,448 - INFO - Reporte generado para Vanti CO: Merpes 0.0/4h (0.0%), Zoftinium 0.0/3h (0.0%), Diseño 10/14 piezas (71.4%)
2025-11-24 16:58:36,449 - INFO - Reporte generado para Wavin Pavco CO: Merpes 3.1/5h (62.0%), Zoftinium 0.0/4h (0.0%), Diseño 8/9 piezas (88.9%)
2025-11-24 16:58:36,449 - INFO - Reporte generado para Bavaria CO: Merpes 6.4/20h (32.0%), Zoftinium 0.0/12h (0.0%), Diseño 0/10 piezas (0.0%)
2025-11-24 16:58:36,450 - INFO - Reporte generado para Casa Luker CO: Merpes 0.8/2h (40.0%), Zoftinium 0.0/2h (0.0%), Diseño 0/0 piezas (0.0%)
2025-11-24 16:58:36,451 - INFO - Reporte generado para Terpel CO: Merpes 0.6/9h (6.7%), Zoftinium 1.5/9h (16.7%), Diseño 0/0 piezas (0.0%)
2025-11-24 16:58:36,451 - INFO - Se generaron 34 reportes mensuales
2025-11-24 16:58:36,468 - WARNING - Imagen no encontrada: MAIL-REPORTE_06.png
2025-11-24 16:58:38,567 - INFO - Email enviado exitosamente a: a.sosa@grupomerpes.com, asistentecomercial16@grupomerpes.com, c.calderon@grupomerpes.com
2025-11-24 16:58:39,569 - WARNING - Imagen no encontrada: MAIL-REPORTE_06.png
2025-11-24 16:58:41,572 - INFO - Email enviado exitosamente a: v.zamudio@grupomerpes.com, j.corrales@grupomerpes.com
2025-11-24 16:58:42,574 - WARNING - Imagen no encontrada: MAIL-REPORTE_06.png
2025-11-24 16:58:44,802 - INFO - Email enviado exitosamente a: l.rojas@grupomerpes.com, l.castaneda@grupomerpes.com, desarrolloweb@grupomerpes.com
2025-11-24 16:58:45,805 - WARNING - Imagen no encontrada: MAIL-REPORTE_06.png
2025-11-24 16:58:47,609 - INFO - Email enviado exitosamente a: a.sosa@grupomerpes.com, asistentecomercial16@grupomerpes.com, c.calderon@grupomerpes.com
2025-11-24 16:58:48,612 - WARNING - Imagen no encontrada: MAIL-REPORTE_06.png
2025-11-24 16:58:50,859 - INFO - Email enviado exitosamente a: l.castro@grupomerpes.com, c.calderon@grupomerpes.com, asistentecomercial13@grupomerpes.com
2025-11-24 16:58:51,862 - WARNING - Imagen no encontrada: MAIL-REPORTE_06.png
2025-11-24 16:58:54,059 - INFO - Email enviado exitosamente a: comercialcr@grupomerpes.com, operacionescr@grupomerpes.com, kupaa@grupomerpes.com
2025-11-24 16:58:55,061 - WARNING - Imagen no encontrada: MAIL-REPORTE_06.png
2025-11-24 16:58:57,160 - INFO - Email enviado exitosamente a: j.corrales@grupomerpes.com, v.zamudio@grupomerpes.com, comercialgt@grupomerpes.com, operaciones.gt@grupomerpes.com
2025-11-24 16:58:58,162 - WARNING - Imagen no encontrada: MAIL-REPORTE_06.png
2025-11-24 16:59:00,002 - INFO - Email enviado exitosamente a: l.ortega@grupomerpes.com, v.zamudio@grupomerpes.com
2025-11-24 16:59:01,004 - WARNING - Imagen no encontrada: MAIL-REPORTE_06.png
2025-11-24 16:59:02,880 - INFO - Email enviado exitosamente a: v.zamudio@grupomerpes.com, j.corrales@grupomerpes.com
2025-11-24 16:59:03,883 - WARNING - Imagen no encontrada: MAIL-REPORTE_06.png
2025-11-24 16:59:05,929 - INFO - Email enviado exitosamente a: ks.gualdron@grupomerpes.com, asistentecomercial10@grupomerpes.com, l.castaneda@grupomerpes.com
2025-11-24 16:59:06,932 - WARNING - Imagen no encontrada: MAIL-REPORTE_06.png
2025-11-24 16:59:08,784 - INFO - Email enviado exitosamente a: c.calderon@grupomerpes.com, v.zamudio@grupomerpes.com
2025-11-24 16:59:09,787 - WARNING - Imagen no encontrada: MAIL-REPORTE_06.png
2025-11-24 16:59:11,629 - INFO - Email enviado exitosamente a: comercialcr@grupomerpes.com, operacionescr@grupomerpes.com
2025-11-24 16:59:12,633 - WARNING - Imagen no encontrada: MAIL-REPORTE_06.png
2025-11-24 16:59:14,540 - INFO - Email enviado exitosamente a: c.calderon@grupomerpes.com, v.zamudio@grupomerpes.com
2025-11-24 16:59:15,543 - WARNING - Imagen no encontrada: MAIL-REPORTE_06.png
2025-11-24 16:59:17,545 - INFO - Email enviado exitosamente a: e.munoz@grupomerpes.com, w.valbuena@grupomerpes.com, asistentecomercial23@grupomerpes.com, jefediseno@grupomerpes.com
2025-11-24 16:59:18,548 - WARNING - Imagen no encontrada: MAIL-REPORTE_06.png
2025-11-24 16:59:20,417 - INFO - Email enviado exitosamente a: e.munoz@grupomerpes.com, w.valbuena@grupomerpes.com, asistentecomercial23@grupomerpes.com
2025-11-24 16:59:21,419 - WARNING - Imagen no encontrada: MAIL-REPORTE_06.png
2025-11-24 16:59:23,388 - INFO - Email enviado exitosamente a: a.sosa@grupomerpes.com, asistentecomercial16@grupomerpes.com, c.calderon@grupomerpes.com
2025-11-24 16:59:24,390 - WARNING - Imagen no encontrada: MAIL-REPORTE_06.png
2025-11-24 16:59:26,597 - INFO - Email enviado exitosamente a: l.castro@grupomerpes.com, c.calderon@grupomerpes.com, asistentecomercial13@grupomerpes.com
2025-11-24 16:59:27,601 - WARNING - Imagen no encontrada: MAIL-REPORTE_06.png
2025-11-24 16:59:29,722 - INFO - Email enviado exitosamente a: c.bejarano@grupomerpes.com, l.castaneda@grupomerpes.com
2025-11-24 16:59:30,724 - WARNING - Imagen no encontrada: MAIL-REPORTE_06.png
2025-11-24 16:59:32,656 - INFO - Email enviado exitosamente a: ejecutivo.b2b@grupomerpes.com.pe, ejecutivo.fidelizacion@grupomerpes.com.pe
2025-11-24 16:59:33,658 - WARNING - Imagen no encontrada: MAIL-REPORTE_06.png
2025-11-24 16:59:35,693 - INFO - Email enviado exitosamente a: m.zamudio@grupomerpes.com, asistentecomercial22@grupomerpes.com, w.valbuena@grupomerpes.com
2025-11-24 16:59:36,695 - WARNING - Imagen no encontrada: MAIL-REPORTE_06.png
2025-11-24 16:59:38,774 - INFO - Email enviado exitosamente a: i.garcia@grupomerpes.com, asistentecomercial6@grupomerpes.com, w.valbuena@grupomerpes.com
2025-11-24 16:59:39,776 - WARNING - Imagen no encontrada: MAIL-REPORTE_06.png
2025-11-24 16:59:41,608 - INFO - Email enviado exitosamente a: ejecutivo.b2b@grupomerpes.com.pe, w.valbuena@grupomerpes.com
2025-11-24 16:59:42,610 - WARNING - Imagen no encontrada: MAIL-REPORTE_06.png
2025-11-24 16:59:44,741 - INFO - Email enviado exitosamente a: c.calderon@grupomerpes.com, p.moreno@grupomerpes.com, asistentecomercial16@grupomerpes.com
2025-11-24 16:59:45,743 - WARNING - Imagen no encontrada: MAIL-REPORTE_06.png
2025-11-24 16:59:47,883 - INFO - Email enviado exitosamente a: l.chala@grupomerpes.com, asistentecomercial11@grupomerpes.com, l.castaneda@grupomerpes.com
2025-11-24 16:59:48,885 - WARNING - Imagen no encontrada: MAIL-REPORTE_06.png
2025-11-24 16:59:50,782 - INFO - Email enviado exitosamente a: c.calderon@grupomerpes.com, v.zamudio@grupomerpes.com
2025-11-24 16:59:51,786 - WARNING - Imagen no encontrada: MAIL-REPORTE_06.png
2025-11-24 16:59:53,822 - INFO - Email enviado exitosamente a: l.rojas@grupomerpes.com, l.castaneda@grupomerpes.com
2025-11-24 16:59:54,825 - WARNING - Imagen no encontrada: MAIL-REPORTE_06.png
2025-11-24 16:59:56,927 - INFO - Email enviado exitosamente a: e.munoz@grupomerpes.com, w.valbuena@grupomerpes.com, asistentecomercial23@grupomerpes.com
2025-11-24 16:59:57,930 - WARNING - Imagen no encontrada: MAIL-REPORTE_06.png
2025-11-24 17:00:00,104 - INFO - Email enviado exitosamente a: ks.gualdron@grupomerpes.com, asistentecomercial10@grupomerpes.com, l.castaneda@grupomerpes.com
2025-11-24 17:00:01,107 - WARNING - Imagen no encontrada: MAIL-REPORTE_06.png
2025-11-24 17:00:03,208 - INFO - Email enviado exitosamente a: i.garcia@grupomerpes.com, asistentecomercial6@grupomerpes.com, w.valbuena@grupomerpes.com
2025-11-24 17:00:04,210 - WARNING - Imagen no encontrada: MAIL-REPORTE_06.png
2025-11-24 17:00:06,133 - INFO - Email enviado exitosamente a: i.garcia@grupomerpes.com, asistentecomercial6@grupomerpes.com, w.valbuena@grupomerpes.com
2025-11-24 17:00:07,134 - WARNING - Imagen no encontrada: MAIL-REPORTE_06.png
2025-11-24 17:00:09,285 - INFO - Email enviado exitosamente a: c.bejarano@grupomerpes.com, l.castaneda@grupomerpes.com
2025-11-24 17:00:10,287 - WARNING - Imagen no encontrada: MAIL-REPORTE_06.png
2025-11-24 17:00:12,132 - INFO - Email enviado exitosamente a: j.moreno@grupomerpes.com, d.grisales@grupomerpes.com
2025-11-24 17:00:13,134 - WARNING - Imagen no encontrada: MAIL-REPORTE_06.png
2025-11-24 17:00:15,120 - INFO - Email enviado exitosamente a: j.triana@grupomerpes.com, d.grisales@grupomerpes.com
2025-11-24 17:00:16,122 - WARNING - Imagen no encontrada: MAIL-REPORTE_06.png
2025-11-24 17:00:18,406 - INFO - Email enviado exitosamente a: j.triana@grupomerpes.com, d.grisales@grupomerpes.com
2025-11-24 17:00:19,407 - INFO - === RESUMEN DE EJECUCIÓN ===
2025-11-24 17:00:19,407 - INFO - Total de reportes generados: 34
2025-11-24 17:00:19,408 - INFO - Emails enviados exitosamente: 34
2025-11-24 17:00:19,408 - INFO - Errores en envío: 0
2025-11-24 17:00:19,409 - INFO - Clientes procesados: Apex CO, Apex MX, Beiersdorf CO, Black & Decker CO, Coca Cola CO, Coca Cola CR, Coca Cola GU, Coca Cola PA, Diageo CA, Diageo CO, Diversey CO, Dos Pinos CR, Gases del oriente CO, Gloria CO, Grupo Diana CO, Impocali CO, Juan Valdez CO, Kimberly Clark CO, Kimberly Clark PE, Mabe CO, Mabe EC, Mabe PE, Newell CO, Opella CO, Papeles Nacionales, Reckitt CO, Softys CO, Splenda CO, Team Foods CO, Vanti CO, Wavin Pavco CO, Bavaria CO, Casa Luker CO, Terpel CO
2025-11-24 17:00:19,410 - INFO - Archivo temporal eliminado
2025-12-02 16:02:54,422 - INFO - === INICIANDO MONITOREO DE CAMPAÑAS ===
2025-12-02 16:02:54,425 - INFO - Leyendo datos del archivo consolidado de horas soporte
2025-12-02 16:02:54,437 - INFO - Columnas mapeadas: {'Unnamed: 1': 'AREA_CAMPAÑA', 'Horas Soporte Merpes': 'HORAS_MERPES_ASIGNADAS', 'Unnamed: 3': 'HORAS_MERPES_CONSUMIDAS', 'Unnamed: 4': 'HORAS_MERPES_DISPONIBLES', 'Horas Soporte Zoftinium': 'HORAS_ZOFTINIUM_ASIGNADAS', 'Unnamed: 6': 'HORAS_ZOFTINIUM_CONSUMIDAS', 'Unnamed: 7': 'HORAS_ZOFTINIUM_DISPONIBLES', 'Piezas diseño': 'PIEZAS_DISEÑO_ASIGNADAS', 'Unnamed: 9': 'PIEZAS_DISEÑO_CONSUMIDAS', 'Unnamed: 10': 'PIEZAS_DISEÑO_DISPONIBLES', 'Correos': 'CORREOS'}
2025-12-02 16:02:54,438 - ERROR - Error al leer los datos de consumo: 'CLIENTE'
2025-12-02 16:02:54,438 - ERROR - Error en la ejecución del monitoreo: 'CLIENTE'
2025-12-02 16:04:09,116 - INFO - === INICIANDO MONITOREO DE CAMPAÑAS ===
2025-12-02 16:04:09,117 - INFO - Leyendo datos del archivo consolidado de horas soporte
2025-12-02 16:04:09,128 - INFO - Columnas mapeadas: {'Unnamed: 1': 'AREA_CAMPAÑA', 'Horas Soporte Merpes': 'HORAS_MERPES_ASIGNADAS', 'Unnamed: 3': 'HORAS_MERPES_CONSUMIDAS', 'Unnamed: 4': 'HORAS_MERPES_DISPONIBLES', 'Horas Soporte Zoftinium': 'HORAS_ZOFTINIUM_ASIGNADAS', 'Unnamed: 6': 'HORAS_ZOFTINIUM_CONSUMIDAS', 'Unnamed: 7': 'HORAS_ZOFTINIUM_DISPONIBLES', 'Piezas diseño': 'PIEZAS_DISEÑO_ASIGNADAS', 'Unnamed: 9': 'PIEZAS_DISEÑO_CONSUMIDAS', 'Unnamed: 10': 'PIEZAS_DISEÑO_DISPONIBLES', 'Correos': 'CORREOS'}
2025-12-02 16:04:09,129 - ERROR - Error al leer los datos de consumo: 'CLIENTE'
2025-12-02 16:04:09,129 - ERROR - Error en la ejecución del monitoreo: 'CLIENTE'
2025-12-02 16:07:46,795 - INFO - === INICIANDO MONITOREO DE CAMPAÑAS ===
2025-12-02 16:07:46,795 - INFO - Leyendo datos del archivo consolidado de horas soporte
2025-12-02 16:07:46,806 - INFO - Columnas mapeadas: {'Unnamed: 1': 'AREA_CAMPAÑA', 'Horas Soporte Merpes': 'HORAS_MERPES_ASIGNADAS', 'Unnamed: 3': 'HORAS_MERPES_CONSUMIDAS', 'Unnamed: 4': 'HORAS_MERPES_DISPONIBLES', 'Horas Soporte Zoftinium': 'HORAS_ZOFTINIUM_ASIGNADAS', 'Unnamed: 6': 'HORAS_ZOFTINIUM_CONSUMIDAS', 'Unnamed: 7': 'HORAS_ZOFTINIUM_DISPONIBLES', 'Piezas diseño': 'PIEZAS_DISEÑO_ASIGNADAS', 'Unnamed: 9': 'PIEZAS_DISEÑO_CONSUMIDAS', 'Unnamed: 10': 'PIEZAS_DISEÑO_DISPONIBLES', 'Correos': 'CORREOS'}
2025-12-02 16:07:46,807 - ERROR - Error al leer los datos de consumo: 'CLIENTE'
2025-12-02 16:07:46,807 - ERROR - Error en la ejecución del monitoreo: 'CLIENTE'
2025-12-02 16:18:07,008 - INFO - === INICIANDO MONITOREO DE CAMPAÑAS ===
2025-12-02 16:18:07,009 - INFO - Leyendo datos del archivo consolidado de horas soporte
2025-12-02 16:18:07,019 - INFO - Columnas mapeadas: {'SEPTIEMBRE': 'CLIENTE', 'Unnamed: 1': 'AREA_CAMPAÑA', 'Horas Soporte Merpes': 'HORAS_MERPES_ASIGNADAS', 'Unnamed: 3': 'HORAS_MERPES_CONSUMIDAS', 'Unnamed: 4': 'HORAS_MERPES_DISPONIBLES', 'Horas Soporte Zoftinium': 'HORAS_ZOFTINIUM_ASIGNADAS', 'Unnamed: 6': 'HORAS_ZOFTINIUM_CONSUMIDAS', 'Unnamed: 7': 'HORAS_ZOFTINIUM_DISPONIBLES', 'Piezas diseño': 'PIEZAS_DISEÑO_ASIGNADAS', 'Unnamed: 9': 'PIEZAS_DISEÑO_CONSUMIDAS', 'Unnamed: 10': 'PIEZAS_DISEÑO_DISPONIBLES', 'Correos': 'CORREOS'}
2025-12-02 16:18:07,024 - INFO - Columna 'HORAS_MERPES_ASIGNADAS' convertida a numérica
2025-12-02 16:18:07,025 - INFO - Columna 'HORAS_MERPES_CONSUMIDAS' convertida a numérica
2025-12-02 16:18:07,025 - INFO - Columna 'HORAS_ZOFTINIUM_ASIGNADAS' convertida a numérica
2025-12-02 16:18:07,026 - INFO - Columna 'HORAS_ZOFTINIUM_CONSUMIDAS' convertida a numérica
2025-12-02 16:18:07,026 - INFO - Columna 'PIEZAS_DISEÑO_ASIGNADAS' convertida a numérica
2025-12-02 16:18:07,026 - INFO - Columna 'PIEZAS_DISEÑO_CONSUMIDAS' convertida a numérica
2025-12-02 16:18:07,028 - INFO - Datos leídos exitosamente. Total clientes: 43
2025-12-02 16:18:07,030 - INFO - Mapeo de correos cargado: 34 clientes con correos definidos
2025-12-02 16:18:07,030 - INFO -   • Apex CO: a.sosa@grupomerpes.com, asistentecomercial16@grupomerpes.com, c.calderon@grupomerpes.com
2025-12-02 16:18:07,031 - INFO -   • Apex MX: v.zamudio@grupomerpes.com, j.corrales@grupomerpes.com
2025-12-02 16:18:07,031 - INFO -   • Beiersdorf CO: l.rojas@grupomerpes.com, l.castaneda@grupomerpes.com
2025-12-02 16:18:07,031 - INFO -   • Black & Decker CO: a.sosa@grupomerpes.com, asistentecomercial16@grupomerpes.com, c.calderon@grupomerpes.com
2025-12-02 16:18:07,031 - INFO -   • Coca Cola CO: l.castro@grupomerpes.com, c.calderon@grupomerpes.com, asistentecomercial13@grupomerpes.com
2025-12-02 16:18:07,031 - INFO -   • Coca Cola CR: comercialcr@grupomerpes.com, operacionescr@grupomerpes.com
2025-12-02 16:18:07,031 - INFO -   • Coca Cola GU: j.corrales@grupomerpes.com, v.zamudio@grupomerpes.com, comercialgt@grupomerpes.com, operaciones.gt@grupomerpes.com
2025-12-02 16:18:07,031 - INFO -   • Coca Cola PA: l.ortega@grupomerpes.com, v.zamudio@grupomerpes.com, jefediseno@grupomerpes.com
2025-12-02 16:18:07,031 - INFO -   • Diageo CA: v.zamudio@grupomerpes.com, j.corrales@grupomerpes.com
2025-12-02 16:18:07,031 - INFO -   • Diageo CO: ks.gualdron@grupomerpes.com, asistentecomercial10@grupomerpes.com, l.castaneda@grupomerpes.com
2025-12-02 16:18:07,032 - INFO -   • Diversey CO: c.calderon@grupomerpes.com, v.zamudio@grupomerpes.com
2025-12-02 16:18:07,032 - INFO -   • Dos Pinos CR: comercialcr@grupomerpes.com, operacionescr@grupomerpes.com, kupaa@grupomerpes.com
2025-12-02 16:18:07,032 - INFO -   • Gases del oriente CO: c.calderon@grupomerpes.com, v.zamudio@grupomerpes.com
2025-12-02 16:18:07,032 - INFO -   • Gloria CO: e.munoz@grupomerpes.com, w.valbuena@grupomerpes.com, asistentecomercial23@grupomerpes.com
2025-12-02 16:18:07,032 - INFO -   • Grupo Diana CO: e.munoz@grupomerpes.com, w.valbuena@grupomerpes.com, asistentecomercial23@grupomerpes.com
2025-12-02 16:18:07,032 - INFO -   • Impocali CO: a.sosa@grupomerpes.com, asistentecomercial16@grupomerpes.com, c.calderon@grupomerpes.com
2025-12-02 16:18:07,032 - INFO -   • Juan Valdez CO: l.castro@grupomerpes.com, c.calderon@grupomerpes.com, asistentecomercial13@grupomerpes.com
2025-12-02 16:18:07,032 - INFO -   • Kimberly Clark CO: c.bejarano@grupomerpes.com, l.castaneda@grupomerpes.com
2025-12-02 16:18:07,032 - INFO -   • Kimberly Clark PE: ejecutivo.b2b@grupomerpes.com.pe, ejecutivo.fidelizacion@grupomerpes.com.pe
2025-12-02 16:18:07,033 - INFO -   • Mabe CO: m.zamudio@grupomerpes.com, asistentecomercial22@grupomerpes.com, w.valbuena@grupomerpes.com
2025-12-02 16:18:07,033 - INFO -   • Mabe EC: i.garcia@grupomerpes.com, asistentecomercial6@grupomerpes.com, w.valbuena@grupomerpes.com
2025-12-02 16:18:07,033 - INFO -   • Mabe PE: ejecutivo.b2b@grupomerpes.com.pe, w.valbuena@grupomerpes.com
2025-12-02 16:18:07,033 - INFO -   • Newell CO: c.calderon@grupomerpes.com, p.moreno@grupomerpes.com, asistentecomercial16@grupomerpes.com
2025-12-02 16:18:07,033 - INFO -   • Opella CO: l.chala@grupomerpes.com, asistentecomercial11@grupomerpes.com, l.castaneda@grupomerpes.com
2025-12-02 16:18:07,033 - INFO -   • Papeles Nacionales: c.calderon@grupomerpes.com, v.zamudio@grupomerpes.com
2025-12-02 16:18:07,033 - INFO -   • Reckitt CO: l.rojas@grupomerpes.com, l.castaneda@grupomerpes.com
2025-12-02 16:18:07,033 - INFO -   • Softys CO: e.munoz@grupomerpes.com, w.valbuena@grupomerpes.com, asistentecomercial23@grupomerpes.com
2025-12-02 16:18:07,034 - INFO -   • Splenda CO: ks.gualdron@grupomerpes.com, asistentecomercial10@grupomerpes.com, l.castaneda@grupomerpes.com
2025-12-02 16:18:07,034 - INFO -   • Team Foods CO: i.garcia@grupomerpes.com, asistentecomercial6@grupomerpes.com, w.valbuena@grupomerpes.com
2025-12-02 16:18:07,034 - INFO -   • Vanti CO: i.garcia@grupomerpes.com, asistentecomercial6@grupomerpes.com, w.valbuena@grupomerpes.com
2025-12-02 16:18:07,034 - INFO -   • Wavin Pavco CO: c.bejarano@grupomerpes.com, l.castaneda@grupomerpes.com
2025-12-02 16:18:07,034 - INFO -   • Bavaria CO: j.moreno@grupomerpes.com, d.grisales@grupomerpes.com
2025-12-02 16:18:07,034 - INFO -   • Casa Luker CO: j.triana@grupomerpes.com, d.grisales@grupomerpes.com
2025-12-02 16:18:07,034 - INFO -   • Terpel CO: j.triana@grupomerpes.com, d.grisales@grupomerpes.com
2025-12-02 16:18:07,036 - INFO - Reporte generado para Apex CO: Merpes 3.5/10h (35.0%), Zoftinium 0.0/3h (0.0%), Diseño 10/14 piezas (71.4%)
2025-12-02 16:18:07,037 - INFO - Reporte generado para Apex MX: Merpes 6.6/6h (110.0%), Zoftinium 2.75/3h (91.7%), Diseño 8/14 piezas (57.1%)
2025-12-02 16:18:07,038 - INFO - Reporte generado para Beiersdorf CO: Merpes 0.0/3h (0.0%), Zoftinium 0.0/2h (0.0%), Diseño 5/10 piezas (50.0%)
2025-12-02 16:18:07,038 - INFO - Reporte generado para Black & Decker CO: Merpes 0.6/11h (5.5%), Zoftinium 0.0/6h (0.0%), Diseño 2/9 piezas (22.2%)
2025-12-02 16:18:07,039 - INFO - Reporte generado para Coca Cola CO: Merpes 0.8/8h (10.0%), Zoftinium 0.7/4h (17.5%), Diseño 5/8 piezas (62.5%)
2025-12-02 16:18:07,040 - INFO - Reporte generado para Coca Cola CR: Merpes 0.0/7h (0.0%), Zoftinium 0.0/3h (0.0%), Diseño 0/15 piezas (0.0%)
2025-12-02 16:18:07,040 - INFO - Reporte generado para Coca Cola GU: Merpes 4.8/27h (17.8%), Zoftinium 15.0/14h (107.1%), Diseño 9/31 piezas (29.0%)
2025-12-02 16:18:07,041 - INFO - Reporte generado para Coca Cola PA: Merpes 5.3/15h (35.3%), Zoftinium 3.0/6h (50.0%), Diseño 1/8 piezas (12.5%)
2025-12-02 16:18:07,042 - INFO - Reporte generado para Diageo CA: Merpes 3.0/8h (37.5%), Zoftinium 0.0/3h (0.0%), Diseño 1/12 piezas (8.3%)
2025-12-02 16:18:07,043 - INFO - Reporte generado para Diageo CO: Merpes 0.5/10h (5.0%), Zoftinium 0.0/5h (0.0%), Diseño 6/14 piezas (42.9%)
2025-12-02 16:18:07,043 - INFO - Reporte generado para Diversey CO: Merpes 0.0/3h (0.0%), Zoftinium 0.0/3h (0.0%), Diseño 0/6 piezas (0.0%)
2025-12-02 16:18:07,044 - INFO - Reporte generado para Dos Pinos CR: Merpes 5.8/10h (58.0%), Zoftinium 0.0/4h (0.0%), Diseño 17/15 piezas (113.3%)
2025-12-02 16:18:07,045 - INFO - Reporte generado para Gases del oriente CO: Merpes 1.1/8h (13.8%), Zoftinium 0.0/5h (0.0%), Diseño 5/10 piezas (50.0%)
2025-12-02 16:18:07,045 - INFO - Reporte generado para Gloria CO: Merpes 0.0/15h (0.0%), Zoftinium 0.0/5h (0.0%), Diseño 5/20 piezas (25.0%)
2025-12-02 16:18:07,046 - INFO - Reporte generado para Grupo Diana CO: Merpes 3.8/8h (47.5%), Zoftinium 4.25/4h (106.2%), Diseño 3/7 piezas (42.9%)
2025-12-02 16:18:07,046 - INFO - Reporte generado para Impocali CO: Merpes 0.0/8h (0.0%), Zoftinium 0.0/4h (0.0%), Diseño 8/8 piezas (100.0%)
2025-12-02 16:18:07,047 - INFO - Reporte generado para Juan Valdez CO: Merpes 0.3/8h (3.8%), Zoftinium 0.0/3h (0.0%), Diseño 0/0 piezas (0.0%)
2025-12-02 16:18:07,047 - INFO - Reporte generado para Kimberly Clark CO: Merpes 0.0/6h (0.0%), Zoftinium 0.0/4h (0.0%), Diseño 3/8 piezas (37.5%)
2025-12-02 16:18:07,048 - INFO - Reporte generado para Kimberly Clark PE: Merpes 0.0/2h (0.0%), Zoftinium 0.0/2h (0.0%), Diseño 3/7 piezas (42.9%)
2025-12-02 16:18:07,048 - INFO - Reporte generado para Mabe CO: Merpes 8.8/25h (35.2%), Zoftinium 1.8/8h (22.5%), Diseño 0/0 piezas (0.0%)
2025-12-02 16:18:07,049 - INFO - Reporte generado para Mabe EC: Merpes 3.1/15h (20.7%), Zoftinium 3.0/4h (75.0%), Diseño 0/0 piezas (0.0%)
2025-12-02 16:18:07,050 - INFO - Reporte generado para Mabe PE: Merpes 0.0/15h (0.0%), Zoftinium 0.0/4h (0.0%), Diseño 0/0 piezas (0.0%)
2025-12-02 16:18:07,050 - INFO - Reporte generado para Newell CO: Merpes 2.1/8h (26.2%), Zoftinium 0.0/4h (0.0%), Diseño 11/12 piezas (91.7%)
2025-12-02 16:18:07,051 - INFO - Reporte generado para Opella CO: Merpes 0.3/17h (1.8%), Zoftinium 0.0/8h (0.0%), Diseño 3/5 piezas (60.0%)
2025-12-02 16:18:07,051 - INFO - Reporte generado para Papeles Nacionales: Merpes 0.0/4h (0.0%), Zoftinium 0.0/8h (0.0%), Diseño 0/4 piezas (0.0%)
2025-12-02 16:18:07,052 - INFO - Reporte generado para Reckitt CO: Merpes 0.0/2h (0.0%), Zoftinium 0.0/4h (0.0%), Diseño 0/7 piezas (0.0%)
2025-12-02 16:18:07,053 - INFO - Reporte generado para Softys CO: Merpes 0.0/8h (0.0%), Zoftinium 0.0/3h (0.0%), Diseño 0/8 piezas (0.0%)
2025-12-02 16:18:07,053 - INFO - Reporte generado para Splenda CO: Merpes 0.5/40h (1.2%), Zoftinium 1.0/15h (6.7%), Diseño 0/7 piezas (0.0%)
2025-12-02 16:18:07,054 - INFO - Reporte generado para Team Foods CO: Merpes 0.0/0h (0.0%), Zoftinium 0.0/0h (0.0%), Diseño 0/0 piezas (0.0%)
2025-12-02 16:18:07,055 - INFO - Reporte generado para Vanti CO: Merpes 0.0/4h (0.0%), Zoftinium 0.0/3h (0.0%), Diseño 10/14 piezas (71.4%)
2025-12-02 16:18:07,055 - INFO - Reporte generado para Wavin Pavco CO: Merpes 3.7/5h (74.0%), Zoftinium 1.3/4h (32.5%), Diseño 8/9 piezas (88.9%)
2025-12-02 16:18:07,056 - INFO - Reporte generado para Bavaria CO: Merpes 6.4/20h (32.0%), Zoftinium 8.0/12h (66.7%), Diseño 0/10 piezas (0.0%)
2025-12-02 16:18:07,056 - INFO - Reporte generado para Casa Luker CO: Merpes 3.6/2h (180.0%), Zoftinium 6.0/2h (300.0%), Diseño 0/0 piezas (0.0%)
2025-12-02 16:18:07,057 - INFO - Reporte generado para Terpel CO: Merpes 1.4000000000000001/9h (15.6%), Zoftinium 2.25/9h (25.0%), Diseño 0/0 piezas (0.0%)
2025-12-02 16:18:07,057 - INFO - Se generaron 34 reportes mensuales
2025-12-02 16:18:07,068 - WARNING - Imagen no encontrada: MAIL-REPORTE_06.png
2025-12-02 16:18:08,351 - ERROR - Error al enviar email a ['a.sosa@grupomerpes.com', 'asistentecomercial16@grupomerpes.com', 'c.calderon@grupomerpes.com']: (535, b'5.7.8 Username and Password not accepted. For more information, go to\n5.7.8  https://support.google.com/mail/?p=BadCredentials 00721157ae682-78ad102d7ecsm67152027b3.45 - gsmtp')
2025-12-02 16:18:09,353 - WARNING - Imagen no encontrada: MAIL-REPORTE_06.png
2025-12-02 16:18:10,400 - ERROR - Error al enviar email a ['v.zamudio@grupomerpes.com', 'j.corrales@grupomerpes.com']: (535, b'5.7.8 Username and Password not accepted. For more information, go to\n5.7.8  https://support.google.com/mail/?p=BadCredentials 00721157ae682-78ad0c25ae5sm67415237b3.0 - gsmtp')
2025-12-02 16:18:11,402 - WARNING - Imagen no encontrada: MAIL-REPORTE_06.png
2025-12-02 16:18:12,412 - ERROR - Error al enviar email a ['l.rojas@grupomerpes.com', 'l.castaneda@grupomerpes.com']: (535, b'5.7.8 Username and Password not accepted. For more information, go to\n5.7.8  https://support.google.com/mail/?p=BadCredentials 00721157ae682-78ad0d3f5d3sm67650927b3.6 - gsmtp')
2025-12-02 16:18:13,414 - WARNING - Imagen no encontrada: MAIL-REPORTE_06.png
2025-12-02 16:18:14,582 - ERROR - Error al enviar email a ['a.sosa@grupomerpes.com', 'asistentecomercial16@grupomerpes.com', 'c.calderon@grupomerpes.com']: (535, b'5.7.8 Username and Password not accepted. For more information, go to\n5.7.8  https://support.google.com/mail/?p=BadCredentials 00721157ae682-78ad0d5fe10sm66598717b3.14 - gsmtp')
2025-12-02 16:18:15,584 - WARNING - Imagen no encontrada: MAIL-REPORTE_06.png
2025-12-02 16:18:16,691 - ERROR - Error al enviar email a ['l.castro@grupomerpes.com', 'c.calderon@grupomerpes.com', 'asistentecomercial13@grupomerpes.com']: (535, b'5.7.8 Username and Password not accepted. For more information, go to\n5.7.8  https://support.google.com/mail/?p=BadCredentials 956f58d0204a3-6433c497707sm6565966d50.24 - gsmtp')
2025-12-02 16:18:17,693 - WARNING - Imagen no encontrada: MAIL-REPORTE_06.png
2025-12-02 16:18:18,792 - ERROR - Error al enviar email a ['comercialcr@grupomerpes.com', 'operacionescr@grupomerpes.com']: (535, b'5.7.8 Username and Password not accepted. For more information, go to\n5.7.8  https://support.google.com/mail/?p=BadCredentials 00721157ae682-78ad0d5fe10sm66599497b3.14 - gsmtp')
2025-12-02 16:18:19,794 - WARNING - Imagen no encontrada: MAIL-REPORTE_06.png
2025-12-02 16:18:20,884 - ERROR - Error al enviar email a ['j.corrales@grupomerpes.com', 'v.zamudio@grupomerpes.com', 'comercialgt@grupomerpes.com', 'operaciones.gt@grupomerpes.com']: (535, b'5.7.8 Username and Password not accepted. For more information, go to\n5.7.8  https://support.google.com/mail/?p=BadCredentials 956f58d0204a3-6433c443d2dsm6641444d50.16 - gsmtp')
2025-12-02 16:18:21,885 - WARNING - Imagen no encontrada: MAIL-REPORTE_06.png
2025-12-02 16:18:22,910 - ERROR - Error al enviar email a ['l.ortega@grupomerpes.com', 'v.zamudio@grupomerpes.com', 'jefediseno@grupomerpes.com']: (535, b'5.7.8 Username and Password not accepted. For more information, go to\n5.7.8  https://support.google.com/mail/?p=BadCredentials 00721157ae682-78ad0d603f5sm66939517b3.19 - gsmtp')
2025-12-02 16:18:23,912 - WARNING - Imagen no encontrada: MAIL-REPORTE_06.png
2025-12-02 16:18:25,028 - ERROR - Error al enviar email a ['v.zamudio@grupomerpes.com', 'j.corrales@grupomerpes.com']: (535, b'5.7.8 Username and Password not accepted. For more information, go to\n5.7.8  https://support.google.com/mail/?p=BadCredentials 00721157ae682-78ad10292f6sm66385437b3.41 - gsmtp')
2025-12-02 16:18:26,030 - WARNING - Imagen no encontrada: MAIL-REPORTE_06.png
2025-12-02 16:18:27,100 - ERROR - Error al enviar email a ['ks.gualdron@grupomerpes.com', 'asistentecomercial10@grupomerpes.com', 'l.castaneda@grupomerpes.com']: (535, b'5.7.8 Username and Password not accepted. For more information, go to\n5.7.8  https://support.google.com/mail/?p=BadCredentials 00721157ae682-78ad1045914sm66995717b3.53 - gsmtp')
2025-12-02 16:18:28,102 - WARNING - Imagen no encontrada: MAIL-REPORTE_06.png
2025-12-02 16:18:29,195 - ERROR - Error al enviar email a ['c.calderon@grupomerpes.com', 'v.zamudio@grupomerpes.com']: (535, b'5.7.8 Username and Password not accepted. For more information, go to\n5.7.8  https://support.google.com/mail/?p=BadCredentials 956f58d0204a3-6433c078297sm6552480d50.9 - gsmtp')
2025-12-02 16:18:30,197 - WARNING - Imagen no encontrada: MAIL-REPORTE_06.png
2025-12-02 16:18:31,311 - ERROR - Error al enviar email a ['comercialcr@grupomerpes.com', 'operacionescr@grupomerpes.com', 'kupaa@grupomerpes.com']: (535, b'5.7.8 Username and Password not accepted. For more information, go to\n5.7.8  https://support.google.com/mail/?p=BadCredentials 956f58d0204a3-6433c481d55sm6632582d50.21 - gsmtp')
2025-12-02 16:18:32,313 - WARNING - Imagen no encontrada: MAIL-REPORTE_06.png
2025-12-02 16:18:33,488 - ERROR - Error al enviar email a ['c.calderon@grupomerpes.com', 'v.zamudio@grupomerpes.com']: (535, b'5.7.8 Username and Password not accepted. For more information, go to\n5.7.8  https://support.google.com/mail/?p=BadCredentials 00721157ae682-78ad10292f6sm66386807b3.41 - gsmtp')
2025-12-02 16:18:34,490 - WARNING - Imagen no encontrada: MAIL-REPORTE_06.png
2025-12-02 16:18:35,650 - ERROR - Error al enviar email a ['e.munoz@grupomerpes.com', 'w.valbuena@grupomerpes.com', 'asistentecomercial23@grupomerpes.com']: (535, b'5.7.8 Username and Password not accepted. For more information, go to\n5.7.8  https://support.google.com/mail/?p=BadCredentials 956f58d0204a3-6433c48472dsm6570884d50.22 - gsmtp')
2025-12-02 16:18:36,651 - WARNING - Imagen no encontrada: MAIL-REPORTE_06.png
2025-12-02 16:18:37,801 - ERROR - Error al enviar email a ['e.munoz@grupomerpes.com', 'w.valbuena@grupomerpes.com', 'asistentecomercial23@grupomerpes.com']: (535, b'5.7.8 Username and Password not accepted. For more information, go to\n5.7.8  https://support.google.com/mail/?p=BadCredentials 956f58d0204a3-6433c48472dsm6570926d50.22 - gsmtp')
2025-12-02 16:18:38,803 - WARNING - Imagen no encontrada: MAIL-REPORTE_06.png
2025-12-02 16:18:39,916 - ERROR - Error al enviar email a ['a.sosa@grupomerpes.com', 'asistentecomercial16@grupomerpes.com', 'c.calderon@grupomerpes.com']: (535, b'5.7.8 Username and Password not accepted. For more information, go to\n5.7.8  https://support.google.com/mail/?p=BadCredentials 00721157ae682-78ad100d343sm67258017b3.35 - gsmtp')
2025-12-02 16:18:40,918 - WARNING - Imagen no encontrada: MAIL-REPORTE_06.png
2025-12-02 16:18:41,946 - ERROR - Error al enviar email a ['l.castro@grupomerpes.com', 'c.calderon@grupomerpes.com', 'asistentecomercial13@grupomerpes.com']: (535, b'5.7.8 Username and Password not accepted. For more information, go to\n5.7.8  https://support.google.com/mail/?p=BadCredentials 00721157ae682-78bf9feb483sm20118377b3.33 - gsmtp')
2025-12-02 16:18:42,948 - WARNING - Imagen no encontrada: MAIL-REPORTE_06.png
2025-12-02 16:18:44,067 - ERROR - Error al enviar email a ['c.bejarano@grupomerpes.com', 'l.castaneda@grupomerpes.com']: (535, b'5.7.8 Username and Password not accepted. For more information, go to\n5.7.8  https://support.google.com/mail/?p=BadCredentials 956f58d0204a3-6433c497707sm6566416d50.24 - gsmtp')
2025-12-02 16:18:45,069 - WARNING - Imagen no encontrada: MAIL-REPORTE_06.png
2025-12-02 16:18:46,183 - ERROR - Error al enviar email a ['ejecutivo.b2b@grupomerpes.com.pe', 'ejecutivo.fidelizacion@grupomerpes.com.pe']: (535, b'5.7.8 Username and Password not accepted. For more information, go to\n5.7.8  https://support.google.com/mail/?p=BadCredentials 00721157ae682-78ad0d5fe26sm66842337b3.18 - gsmtp')
2025-12-02 16:18:47,185 - WARNING - Imagen no encontrada: MAIL-REPORTE_06.png
2025-12-02 16:18:48,382 - ERROR - Error al enviar email a ['m.zamudio@grupomerpes.com', 'asistentecomercial22@grupomerpes.com', 'w.valbuena@grupomerpes.com']: (535, b'5.7.8 Username and Password not accepted. For more information, go to\n5.7.8  https://support.google.com/mail/?p=BadCredentials 956f58d0204a3-6433c48472dsm6571085d50.22 - gsmtp')
2025-12-02 16:18:49,384 - WARNING - Imagen no encontrada: MAIL-REPORTE_06.png
2025-12-02 16:18:50,480 - ERROR - Error al enviar email a ['i.garcia@grupomerpes.com', 'asistentecomercial6@grupomerpes.com', 'w.valbuena@grupomerpes.com']: (535, b'5.7.8 Username and Password not accepted. For more information, go to\n5.7.8  https://support.google.com/mail/?p=BadCredentials 956f58d0204a3-6433c481d55sm6632893d50.21 - gsmtp')
2025-12-02 16:18:51,482 - WARNING - Imagen no encontrada: MAIL-REPORTE_06.png
2025-12-02 16:18:52,597 - ERROR - Error al enviar email a ['ejecutivo.b2b@grupomerpes.com.pe', 'w.valbuena@grupomerpes.com']: (535, b'5.7.8 Username and Password not accepted. For more information, go to\n5.7.8  https://support.google.com/mail/?p=BadCredentials 00721157ae682-78ad0c25ae5sm67421687b3.0 - gsmtp')
2025-12-02 16:18:53,599 - WARNING - Imagen no encontrada: MAIL-REPORTE_06.png
2025-12-02 16:18:54,790 - ERROR - Error al enviar email a ['c.calderon@grupomerpes.com', 'p.moreno@grupomerpes.com', 'asistentecomercial16@grupomerpes.com']: (535, b'5.7.8 Username and Password not accepted. For more information, go to\n5.7.8  https://support.google.com/mail/?p=BadCredentials 00721157ae682-78ad0d603f5sm66944327b3.19 - gsmtp')
2025-12-02 16:18:55,792 - WARNING - Imagen no encontrada: MAIL-REPORTE_06.png
2025-12-02 16:18:56,894 - ERROR - Error al enviar email a ['l.chala@grupomerpes.com', 'asistentecomercial11@grupomerpes.com', 'l.castaneda@grupomerpes.com']: (535, b'5.7.8 Username and Password not accepted. For more information, go to\n5.7.8  https://support.google.com/mail/?p=BadCredentials 956f58d0204a3-6433c4445fasm6601298d50.15 - gsmtp')
2025-12-02 16:18:57,896 - WARNING - Imagen no encontrada: MAIL-REPORTE_06.png
2025-12-02 16:18:58,982 - ERROR - Error al enviar email a ['c.calderon@grupomerpes.com', 'v.zamudio@grupomerpes.com']: (535, b'5.7.8 Username and Password not accepted. For more information, go to\n5.7.8  https://support.google.com/mail/?p=BadCredentials 00721157ae682-78ad100d3a1sm66831497b3.37 - gsmtp')
2025-12-02 16:18:59,984 - WARNING - Imagen no encontrada: MAIL-REPORTE_06.png
2025-12-02 16:19:01,082 - ERROR - Error al enviar email a ['l.rojas@grupomerpes.com', 'l.castaneda@grupomerpes.com']: (535, b'5.7.8 Username and Password not accepted. For more information, go to\n5.7.8  https://support.google.com/mail/?p=BadCredentials 956f58d0204a3-6433c073a70sm6656483d50.8 - gsmtp')
2025-12-02 16:19:02,084 - WARNING - Imagen no encontrada: MAIL-REPORTE_06.png
2025-12-02 16:19:03,173 - ERROR - Error al enviar email a ['e.munoz@grupomerpes.com', 'w.valbuena@grupomerpes.com', 'asistentecomercial23@grupomerpes.com']: (535, b'5.7.8 Username and Password not accepted. For more information, go to\n5.7.8  https://support.google.com/mail/?p=BadCredentials 956f58d0204a3-6433c469061sm6601977d50.20 - gsmtp')
2025-12-02 16:19:04,175 - WARNING - Imagen no encontrada: MAIL-REPORTE_06.png
2025-12-02 16:19:05,255 - ERROR - Error al enviar email a ['ks.gualdron@grupomerpes.com', 'asistentecomercial10@grupomerpes.com', 'l.castaneda@grupomerpes.com']: (535, b'5.7.8 Username and Password not accepted. For more information, go to\n5.7.8  https://support.google.com/mail/?p=BadCredentials 956f58d0204a3-6433c073e07sm6586424d50.6 - gsmtp')
2025-12-02 16:19:06,257 - WARNING - Imagen no encontrada: MAIL-REPORTE_06.png
2025-12-02 16:19:07,370 - ERROR - Error al enviar email a ['i.garcia@grupomerpes.com', 'asistentecomercial6@grupomerpes.com', 'w.valbuena@grupomerpes.com']: (535, b'5.7.8 Username and Password not accepted. For more information, go to\n5.7.8  https://support.google.com/mail/?p=BadCredentials 00721157ae682-78ad102d785sm67219017b3.46 - gsmtp')
2025-12-02 16:19:08,371 - WARNING - Imagen no encontrada: MAIL-REPORTE_06.png
2025-12-02 16:19:09,470 - ERROR - Error al enviar email a ['i.garcia@grupomerpes.com', 'asistentecomercial6@grupomerpes.com', 'w.valbuena@grupomerpes.com']: (535, b'5.7.8 Username and Password not accepted. For more information, go to\n5.7.8  https://support.google.com/mail/?p=BadCredentials 00721157ae682-78ad1044f9esm66920737b3.56 - gsmtp')
2025-12-02 16:19:10,472 - WARNING - Imagen no encontrada: MAIL-REPORTE_06.png
2025-12-02 16:19:11,571 - ERROR - Error al enviar email a ['c.bejarano@grupomerpes.com', 'l.castaneda@grupomerpes.com']: (535, b'5.7.8 Username and Password not accepted. For more information, go to\n5.7.8  https://support.google.com/mail/?p=BadCredentials 00721157ae682-78ad102dd77sm67091067b3.47 - gsmtp')
2025-12-02 16:19:12,573 - WARNING - Imagen no encontrada: MAIL-REPORTE_06.png
2025-12-02 16:19:13,649 - ERROR - Error al enviar email a ['j.moreno@grupomerpes.com', 'd.grisales@grupomerpes.com']: (535, b'5.7.8 Username and Password not accepted. For more information, go to\n5.7.8  https://support.google.com/mail/?p=BadCredentials 00721157ae682-78ad102912bsm67028657b3.38 - gsmtp')
2025-12-02 16:19:14,651 - WARNING - Imagen no encontrada: MAIL-REPORTE_06.png
2025-12-02 16:19:15,782 - ERROR - Error al enviar email a ['j.triana@grupomerpes.com', 'd.grisales@grupomerpes.com']: (535, b'5.7.8 Username and Password not accepted. For more information, go to\n5.7.8  https://support.google.com/mail/?p=BadCredentials 956f58d0204a3-6433c050d98sm6660718d50.2 - gsmtp')
2025-12-02 16:19:16,783 - WARNING - Imagen no encontrada: MAIL-REPORTE_06.png
2025-12-02 16:19:17,900 - ERROR - Error al enviar email a ['j.triana@grupomerpes.com', 'd.grisales@grupomerpes.com']: (535, b'5.7.8 Username and Password not accepted. For more information, go to\n5.7.8  https://support.google.com/mail/?p=BadCredentials 956f58d0204a3-6433c497768sm6633928d50.25 - gsmtp')
2025-12-02 16:19:18,900 - INFO - === RESUMEN DE EJECUCIÓN ===
2025-12-02 16:19:18,900 - INFO - Total de reportes generados: 34
2025-12-02 16:19:18,901 - INFO - Emails enviados exitosamente: 0
2025-12-02 16:19:18,901 - INFO - Errores en envío: 34
2025-12-02 16:19:18,901 - INFO - Clientes procesados: 
2025-12-02 16:19:18,901 - INFO - Archivo temporal eliminado
2025-12-10 08:41:55,360 - INFO - === INICIANDO MONITOREO DE CAMPAÑAS ===
2025-12-10 08:41:55,364 - INFO - Leyendo datos del archivo consolidado de horas soporte
2025-12-10 08:41:55,374 - INFO - Columnas mapeadas: {'DICIEMBRE': 'CLIENTE', 'Unnamed: 1': 'AREA_CAMPAÑA', 'Horas Soporte Merpes': 'HORAS_MERPES_ASIGNADAS', 'Unnamed: 3': 'HORAS_MERPES_CONSUMIDAS', 'Unnamed: 4': 'HORAS_MERPES_DISPONIBLES', 'Horas Soporte Zoftinium': 'HORAS_ZOFTINIUM_ASIGNADAS', 'Unnamed: 6': 'HORAS_ZOFTINIUM_CONSUMIDAS', 'Unnamed: 7': 'HORAS_ZOFTINIUM_DISPONIBLES', 'Piezas diseño': 'PIEZAS_DISEÑO_ASIGNADAS', 'Unnamed: 9': 'PIEZAS_DISEÑO_CONSUMIDAS', 'Unnamed: 10': 'PIEZAS_DISEÑO_DISPONIBLES', 'Correos': 'CORREOS'}
2025-12-10 08:41:55,378 - INFO - Columna 'HORAS_MERPES_ASIGNADAS' convertida a numérica
2025-12-10 08:41:55,379 - INFO - Columna 'HORAS_MERPES_CONSUMIDAS' convertida a numérica
2025-12-10 08:41:55,380 - INFO - Columna 'HORAS_ZOFTINIUM_ASIGNADAS' convertida a numérica
2025-12-10 08:41:55,380 - INFO - Columna 'HORAS_ZOFTINIUM_CONSUMIDAS' convertida a numérica
2025-12-10 08:41:55,380 - INFO - Columna 'PIEZAS_DISEÑO_ASIGNADAS' convertida a numérica
2025-12-10 08:41:55,381 - INFO - Columna 'PIEZAS_DISEÑO_CONSUMIDAS' convertida a numérica
2025-12-10 08:41:55,383 - INFO - Datos leídos exitosamente. Total clientes: 43
2025-12-10 08:41:55,384 - INFO - Mapeo de correos cargado: 34 clientes con correos definidos
2025-12-10 08:41:55,385 - INFO -   • Apex CO: a.sosa@grupomerpes.com, asistentecomercial16@grupomerpes.com, c.calderon@grupomerpes.com
2025-12-10 08:41:55,385 - INFO -   • Apex MX: v.zamudio@grupomerpes.com, j.corrales@grupomerpes.com, desarrolloweb@grupomerpes.com
2025-12-10 08:41:55,385 - INFO -   • Beiersdorf CO: l.rojas@grupomerpes.com, l.castaneda@grupomerpes.com
2025-12-10 08:41:55,385 - INFO -   • Black & Decker CO: a.sosa@grupomerpes.com, asistentecomercial16@grupomerpes.com, c.calderon@grupomerpes.com
2025-12-10 08:41:55,385 - INFO -   • Coca Cola CO: l.castro@grupomerpes.com, c.calderon@grupomerpes.com, asistentecomercial13@grupomerpes.com, kupaa@grupomerpes.com
2025-12-10 08:41:55,386 - INFO -   • Coca Cola CR: comercialcr@grupomerpes.com, operacionescr@grupomerpes.com
2025-12-10 08:41:55,386 - INFO -   • Coca Cola GU: j.corrales@grupomerpes.com, v.zamudio@grupomerpes.com, comercialgt@grupomerpes.com, operaciones.gt@grupomerpes.com
2025-12-10 08:41:55,386 - INFO -   • Coca Cola PA: l.ortega@grupomerpes.com, v.zamudio@grupomerpes.com
2025-12-10 08:41:55,386 - INFO -   • Diageo CA: v.zamudio@grupomerpes.com, j.corrales@grupomerpes.com
2025-12-10 08:41:55,386 - INFO -   • Diageo CO: ks.gualdron@grupomerpes.com, asistentecomercial10@grupomerpes.com, l.castaneda@grupomerpes.com
2025-12-10 08:41:55,387 - INFO -   • Diversey CO: c.calderon@grupomerpes.com, v.zamudio@grupomerpes.com
2025-12-10 08:41:55,388 - INFO -   • Dos Pinos CR: comercialcr@grupomerpes.com, operacionescr@grupomerpes.com
2025-12-10 08:41:55,388 - INFO -   • Gases del oriente CO: c.calderon@grupomerpes.com, v.zamudio@grupomerpes.com
2025-12-10 08:41:55,388 - INFO -   • Gloria CO: e.munoz@grupomerpes.com, w.valbuena@grupomerpes.com, asistentecomercial23@grupomerpes.com
2025-12-10 08:41:55,388 - INFO -   • Grupo Diana CO: e.munoz@grupomerpes.com, w.valbuena@grupomerpes.com, asistentecomercial23@grupomerpes.com
2025-12-10 08:41:55,388 - INFO -   • Impocali CO: a.sosa@grupomerpes.com, asistentecomercial16@grupomerpes.com, c.calderon@grupomerpes.com
2025-12-10 08:41:55,388 - INFO -   • Juan Valdez CO: l.castro@grupomerpes.com, c.calderon@grupomerpes.com, asistentecomercial13@grupomerpes.com
2025-12-10 08:41:55,388 - INFO -   • Kimberly Clark CO: c.bejarano@grupomerpes.com, l.castaneda@grupomerpes.com, jefediseno@grupomerpes.com
2025-12-10 08:41:55,388 - INFO -   • Kimberly Clark PE: ejecutivo.b2b@grupomerpes.com.pe, ejecutivo.fidelizacion@grupomerpes.com.pe
2025-12-10 08:41:55,389 - INFO -   • Mabe CO: m.zamudio@grupomerpes.com, asistentecomercial22@grupomerpes.com, w.valbuena@grupomerpes.com
2025-12-10 08:41:55,389 - INFO -   • Mabe EC: i.garcia@grupomerpes.com, asistentecomercial6@grupomerpes.com, w.valbuena@grupomerpes.com
2025-12-10 08:41:55,389 - INFO -   • Mabe PE: ejecutivo.b2b@grupomerpes.com.pe, w.valbuena@grupomerpes.com
2025-12-10 08:41:55,389 - INFO -   • Newell CO: c.calderon@grupomerpes.com, p.moreno@grupomerpes.com, asistentecomercial16@grupomerpes.com
2025-12-10 08:41:55,389 - INFO -   • Opella CO: l.chala@grupomerpes.com, asistentecomercial11@grupomerpes.com, l.castaneda@grupomerpes.com
2025-12-10 08:41:55,389 - INFO -   • Papeles Nacionales: c.calderon@grupomerpes.com, v.zamudio@grupomerpes.com
2025-12-10 08:41:55,389 - INFO -   • Reckitt CO: l.rojas@grupomerpes.com, l.castaneda@grupomerpes.com
2025-12-10 08:41:55,389 - INFO -   • Softys CO: e.munoz@grupomerpes.com, w.valbuena@grupomerpes.com, asistentecomercial23@grupomerpes.com
2025-12-10 08:41:55,389 - INFO -   • Splenda CO: ks.gualdron@grupomerpes.com, asistentecomercial10@grupomerpes.com, l.castaneda@grupomerpes.com
2025-12-10 08:41:55,390 - INFO -   • Team Foods CO: i.garcia@grupomerpes.com, asistentecomercial6@grupomerpes.com, w.valbuena@grupomerpes.com
2025-12-10 08:41:55,390 - INFO -   • Vanti CO: i.garcia@grupomerpes.com, asistentecomercial6@grupomerpes.com, w.valbuena@grupomerpes.com
2025-12-10 08:41:55,390 - INFO -   • Wavin Pavco CO: c.bejarano@grupomerpes.com, l.castaneda@grupomerpes.com
2025-12-10 08:41:55,390 - INFO -   • Bavaria CO: j.moreno@grupomerpes.com, d.grisales@grupomerpes.com
2025-12-10 08:41:55,390 - INFO -   • Casa Luker CO: j.triana@grupomerpes.com, d.grisales@grupomerpes.com
2025-12-10 08:41:55,390 - INFO -   • Terpel CO: j.triana@grupomerpes.com, d.grisales@grupomerpes.com
2025-12-10 08:41:55,391 - INFO - Reporte generado para Apex CO: Merpes 1.0/10h (10.0%), Zoftinium 0.0/3h (0.0%), Diseño 0/14 piezas (0.0%)
2025-12-10 08:41:55,392 - INFO - Reporte generado para Apex MX: Merpes 0.0/6h (0.0%), Zoftinium 0.0/3h (0.0%), Diseño 0/14 piezas (0.0%)
2025-12-10 08:41:55,393 - INFO - Reporte generado para Beiersdorf CO: Merpes 0.0/3h (0.0%), Zoftinium 0.0/2h (0.0%), Diseño 0/10 piezas (0.0%)
2025-12-10 08:41:55,394 - INFO - Reporte generado para Black & Decker CO: Merpes 0.0/11h (0.0%), Zoftinium 0.0/6h (0.0%), Diseño 0/9 piezas (0.0%)
2025-12-10 08:41:55,394 - INFO - Reporte generado para Coca Cola CO: Merpes 0.0/8h (0.0%), Zoftinium 0.0/4h (0.0%), Diseño 0/8 piezas (0.0%)
2025-12-10 08:41:55,395 - INFO - Reporte generado para Coca Cola CR: Merpes 0.0/7h (0.0%), Zoftinium 0.0/3h (0.0%), Diseño 0/15 piezas (0.0%)
2025-12-10 08:41:55,396 - INFO - Reporte generado para Coca Cola GU: Merpes 0.5/27h (1.9%), Zoftinium 1.0/14h (7.1%), Diseño 6/31 piezas (19.4%)
2025-12-10 08:41:55,397 - INFO - Reporte generado para Coca Cola PA: Merpes 0.0/15h (0.0%), Zoftinium 0.0/6h (0.0%), Diseño 0/8 piezas (0.0%)
2025-12-10 08:41:55,398 - INFO - Reporte generado para Diageo CA: Merpes 0.0/8h (0.0%), Zoftinium 0.0/3h (0.0%), Diseño 0/12 piezas (0.0%)
2025-12-10 08:41:55,400 - INFO - Reporte generado para Diageo CO: Merpes 0.5/10h (5.0%), Zoftinium 0.0/5h (0.0%), Diseño 1/14 piezas (7.1%)
2025-12-10 08:41:55,400 - INFO - Reporte generado para Diversey CO: Merpes 0.0/3h (0.0%), Zoftinium 0.0/3h (0.0%), Diseño 0/6 piezas (0.0%)
2025-12-10 08:41:55,401 - INFO - Reporte generado para Dos Pinos CR: Merpes 0.3/10h (3.0%), Zoftinium 1.0/4h (25.0%), Diseño 0/15 piezas (0.0%)
2025-12-10 08:41:55,402 - INFO - Reporte generado para Gases del oriente CO: Merpes 0.5/8h (6.2%), Zoftinium 0.7/5h (14.0%), Diseño 0/10 piezas (0.0%)
2025-12-10 08:41:55,403 - INFO - Reporte generado para Gloria CO: Merpes 0.0/15h (0.0%), Zoftinium 0.0/5h (0.0%), Diseño 0/20 piezas (0.0%)
2025-12-10 08:41:55,403 - INFO - Reporte generado para Grupo Diana CO: Merpes 0.0/8h (0.0%), Zoftinium 0.8/4h (20.0%), Diseño 0/7 piezas (0.0%)
2025-12-10 08:41:55,404 - INFO - Reporte generado para Impocali CO: Merpes 0.0/8h (0.0%), Zoftinium 0.0/4h (0.0%), Diseño 0/8 piezas (0.0%)
2025-12-10 08:41:55,405 - INFO - Reporte generado para Juan Valdez CO: Merpes 0.0/8h (0.0%), Zoftinium 0.0/3h (0.0%), Diseño 0/0 piezas (0.0%)
2025-12-10 08:41:55,405 - INFO - Reporte generado para Kimberly Clark CO: Merpes 0.0/6h (0.0%), Zoftinium 0.0/4h (0.0%), Diseño 3/8 piezas (37.5%)
2025-12-10 08:41:55,406 - INFO - Reporte generado para Kimberly Clark PE: Merpes 0.0/2h (0.0%), Zoftinium 0.0/2h (0.0%), Diseño 0/7 piezas (0.0%)
2025-12-10 08:41:55,407 - INFO - Reporte generado para Mabe CO: Merpes 2.0/25h (8.0%), Zoftinium 2.1/8h (26.2%), Diseño 0/0 piezas (0.0%)
2025-12-10 08:41:55,407 - INFO - Reporte generado para Mabe EC: Merpes 1.5/15h (10.0%), Zoftinium 3.0/4h (75.0%), Diseño 0/0 piezas (0.0%)
2025-12-10 08:41:55,409 - INFO - Reporte generado para Mabe PE: Merpes 0.0/15h (0.0%), Zoftinium 0.0/4h (0.0%), Diseño 0/0 piezas (0.0%)
2025-12-10 08:41:55,410 - INFO - Reporte generado para Newell CO: Merpes 0.3/8h (3.8%), Zoftinium 0.0/4h (0.0%), Diseño 5/12 piezas (41.7%)
2025-12-10 08:41:55,411 - INFO - Reporte generado para Opella CO: Merpes 0.0/17h (0.0%), Zoftinium 0.0/8h (0.0%), Diseño 2/5 piezas (40.0%)
2025-12-10 08:41:55,412 - INFO - Reporte generado para Papeles Nacionales: Merpes 0.0/4h (0.0%), Zoftinium 0.0/8h (0.0%), Diseño 0/4 piezas (0.0%)
2025-12-10 08:41:55,414 - INFO - Reporte generado para Reckitt CO: Merpes 0.0/2h (0.0%), Zoftinium 0.0/4h (0.0%), Diseño 2/7 piezas (28.6%)
2025-12-10 08:41:55,415 - INFO - Reporte generado para Softys CO: Merpes 0.0/8h (0.0%), Zoftinium 0.0/3h (0.0%), Diseño 0/8 piezas (0.0%)
2025-12-10 08:41:55,416 - INFO - Reporte generado para Splenda CO: Merpes 0.0/40h (0.0%), Zoftinium 0.0/15h (0.0%), Diseño 0/7 piezas (0.0%)
2025-12-10 08:41:55,416 - INFO - Reporte generado para Team Foods CO: Merpes 0.0/0h (0.0%), Zoftinium 0.0/0h (0.0%), Diseño 0/0 piezas (0.0%)
2025-12-10 08:41:55,417 - INFO - Reporte generado para Vanti CO: Merpes 0.0/4h (0.0%), Zoftinium 0.0/3h (0.0%), Diseño 0/14 piezas (0.0%)
2025-12-10 08:41:55,418 - INFO - Reporte generado para Wavin Pavco CO: Merpes 0.6/5h (12.0%), Zoftinium 0.0/4h (0.0%), Diseño 7/9 piezas (77.8%)
2025-12-10 08:41:55,419 - INFO - Reporte generado para Bavaria CO: Merpes 2.5/20h (12.5%), Zoftinium 1.55/12h (12.9%), Diseño 0/10 piezas (0.0%)
2025-12-10 08:41:55,420 - INFO - Reporte generado para Casa Luker CO: Merpes 1.8/2h (90.0%), Zoftinium 0.0/2h (0.0%), Diseño 0/0 piezas (0.0%)
2025-12-10 08:41:55,420 - INFO - Reporte generado para Terpel CO: Merpes 0.0/9h (0.0%), Zoftinium 0.0/9h (0.0%), Diseño 0/0 piezas (0.0%)
2025-12-10 08:41:55,420 - INFO - Se generaron 34 reportes mensuales
2025-12-10 08:41:55,432 - WARNING - Imagen no encontrada: MAIL-REPORTE_06.png
2025-12-10 08:41:56,764 - ERROR - Error al enviar email a ['a.sosa@grupomerpes.com', 'asistentecomercial16@grupomerpes.com', 'c.calderon@grupomerpes.com']: (535, b'5.7.8 Username and Password not accepted. For more information, go to\n5.7.8  https://support.google.com/mail/?p=BadCredentials 956f58d0204a3-6443f2abcf8sm7581796d50.4 - gsmtp')
2025-12-10 08:41:57,767 - WARNING - Imagen no encontrada: MAIL-REPORTE_06.png
2025-12-10 08:41:59,132 - ERROR - Error al enviar email a ['v.zamudio@grupomerpes.com', 'j.corrales@grupomerpes.com', 'desarrolloweb@grupomerpes.com']: (535, b'5.7.8 Username and Password not accepted. For more information, go to\n5.7.8  https://support.google.com/mail/?p=BadCredentials 00721157ae682-78c1b4acfcesm71736957b3.1 - gsmtp')
2025-12-10 08:42:00,135 - WARNING - Imagen no encontrada: MAIL-REPORTE_06.png
2025-12-10 08:42:01,441 - ERROR - Error al enviar email a ['l.rojas@grupomerpes.com', 'l.castaneda@grupomerpes.com']: (535, b'5.7.8 Username and Password not accepted. For more information, go to\n5.7.8  https://support.google.com/mail/?p=BadCredentials 00721157ae682-78c1b7795a7sm70624547b3.34 - gsmtp')
2025-12-10 08:42:02,444 - WARNING - Imagen no encontrada: MAIL-REPORTE_06.png
2025-12-10 08:42:03,707 - ERROR - Error al enviar email a ['a.sosa@grupomerpes.com', 'asistentecomercial16@grupomerpes.com', 'c.calderon@grupomerpes.com']: (535, b'5.7.8 Username and Password not accepted. For more information, go to\n5.7.8  https://support.google.com/mail/?p=BadCredentials 00721157ae682-78c3a6d889esm45363337b3.25 - gsmtp')
2025-12-10 08:42:04,709 - WARNING - Imagen no encontrada: MAIL-REPORTE_06.png
2025-12-10 08:42:05,993 - ERROR - Error al enviar email a ['l.castro@grupomerpes.com', 'c.calderon@grupomerpes.com', 'asistentecomercial13@grupomerpes.com', 'kupaa@grupomerpes.com']: (535, b'5.7.8 Username and Password not accepted. For more information, go to\n5.7.8  https://support.google.com/mail/?p=BadCredentials 00721157ae682-78c666694absm11965467b3.22 - gsmtp')
2025-12-10 08:42:06,995 - WARNING - Imagen no encontrada: MAIL-REPORTE_06.png
2025-12-10 08:42:08,269 - ERROR - Error al enviar email a ['comercialcr@grupomerpes.com', 'operacionescr@grupomerpes.com']: (535, b'5.7.8 Username and Password not accepted. For more information, go to\n5.7.8  https://support.google.com/mail/?p=BadCredentials 00721157ae682-78c1b78e1d4sm70905537b3.39 - gsmtp')
2025-12-10 08:42:09,272 - WARNING - Imagen no encontrada: MAIL-REPORTE_06.png
2025-12-10 08:42:10,535 - ERROR - Error al enviar email a ['j.corrales@grupomerpes.com', 'v.zamudio@grupomerpes.com', 'comercialgt@grupomerpes.com', 'operaciones.gt@grupomerpes.com']: (535, b'5.7.8 Username and Password not accepted. For more information, go to\n5.7.8  https://support.google.com/mail/?p=BadCredentials 956f58d0204a3-6446dac4078sm952924d50.2 - gsmtp')
2025-12-10 08:42:11,539 - WARNING - Imagen no encontrada: MAIL-REPORTE_06.png
2025-12-10 08:42:12,729 - ERROR - Error al enviar email a ['l.ortega@grupomerpes.com', 'v.zamudio@grupomerpes.com']: (535, b'5.7.8 Username and Password not accepted. For more information, go to\n5.7.8  https://support.google.com/mail/?p=BadCredentials 00721157ae682-78c1b7980a3sm70689447b3.48 - gsmtp')
2025-12-10 08:42:13,731 - WARNING - Imagen no encontrada: MAIL-REPORTE_06.png
2025-12-10 08:42:14,993 - ERROR - Error al enviar email a ['v.zamudio@grupomerpes.com', 'j.corrales@grupomerpes.com']: (535, b'5.7.8 Username and Password not accepted. For more information, go to\n5.7.8  https://support.google.com/mail/?p=BadCredentials 956f58d0204a3-6443f2abfe0sm7693873d50.1 - gsmtp')
2025-12-10 08:42:15,996 - WARNING - Imagen no encontrada: MAIL-REPORTE_06.png
2025-12-10 08:42:17,326 - ERROR - Error al enviar email a ['ks.gualdron@grupomerpes.com', 'asistentecomercial10@grupomerpes.com', 'l.castaneda@grupomerpes.com']: (535, b'5.7.8 Username and Password not accepted. For more information, go to\n5.7.8  https://support.google.com/mail/?p=BadCredentials 00721157ae682-78c1b7a67bcsm70796117b3.56 - gsmtp')
2025-12-10 08:42:18,328 - WARNING - Imagen no encontrada: MAIL-REPORTE_06.png
2025-12-10 08:42:19,555 - ERROR - Error al enviar email a ['c.calderon@grupomerpes.com', 'v.zamudio@grupomerpes.com']: (535, b'5.7.8 Username and Password not accepted. For more information, go to\n5.7.8  https://support.google.com/mail/?p=BadCredentials 00721157ae682-78c1b79942dsm70297057b3.49 - gsmtp')
2025-12-10 08:42:20,557 - WARNING - Imagen no encontrada: MAIL-REPORTE_06.png
2025-12-10 08:42:21,746 - ERROR - Error al enviar email a ['comercialcr@grupomerpes.com', 'operacionescr@grupomerpes.com']: (535, b'5.7.8 Username and Password not accepted. For more information, go to\n5.7.8  https://support.google.com/mail/?p=BadCredentials 00721157ae682-78c2bc60288sm57384757b3.21 - gsmtp')
2025-12-10 08:42:22,749 - WARNING - Imagen no encontrada: MAIL-REPORTE_06.png
2025-12-10 08:42:23,973 - ERROR - Error al enviar email a ['c.calderon@grupomerpes.com', 'v.zamudio@grupomerpes.com']: (535, b'5.7.8 Username and Password not accepted. For more information, go to\n5.7.8  https://support.google.com/mail/?p=BadCredentials 00721157ae682-78c666694absm11968087b3.22 - gsmtp')
2025-12-10 08:42:24,975 - WARNING - Imagen no encontrada: MAIL-REPORTE_06.png
2025-12-10 08:42:26,478 - ERROR - Error al enviar email a ['e.munoz@grupomerpes.com', 'w.valbuena@grupomerpes.com', 'asistentecomercial23@grupomerpes.com']: (535, b'5.7.8 Username and Password not accepted. For more information, go to\n5.7.8  https://support.google.com/mail/?p=BadCredentials 00721157ae682-78c1b4ca7d4sm70086417b3.15 - gsmtp')
2025-12-10 08:42:27,480 - WARNING - Imagen no encontrada: MAIL-REPORTE_06.png
2025-12-10 08:42:28,771 - ERROR - Error al enviar email a ['e.munoz@grupomerpes.com', 'w.valbuena@grupomerpes.com', 'asistentecomercial23@grupomerpes.com']: (535, b'5.7.8 Username and Password not accepted. For more information, go to\n5.7.8  https://support.google.com/mail/?p=BadCredentials 00721157ae682-78c1b78e63bsm70337137b3.42 - gsmtp')
2025-12-10 08:42:29,774 - WARNING - Imagen no encontrada: MAIL-REPORTE_06.png
2025-12-10 08:42:31,147 - ERROR - Error al enviar email a ['a.sosa@grupomerpes.com', 'asistentecomercial16@grupomerpes.com', 'c.calderon@grupomerpes.com']: (535, b'5.7.8 Username and Password not accepted. For more information, go to\n5.7.8  https://support.google.com/mail/?p=BadCredentials 00721157ae682-78c1b78de56sm70968957b3.38 - gsmtp')
2025-12-10 08:42:32,149 - WARNING - Imagen no encontrada: MAIL-REPORTE_06.png
2025-12-10 08:42:33,408 - ERROR - Error al enviar email a ['l.castro@grupomerpes.com', 'c.calderon@grupomerpes.com', 'asistentecomercial13@grupomerpes.com']: (535, b'5.7.8 Username and Password not accepted. For more information, go to\n5.7.8  https://support.google.com/mail/?p=BadCredentials 956f58d0204a3-644752e0025sm223179d50.21 - gsmtp')
2025-12-10 08:42:34,410 - WARNING - Imagen no encontrada: MAIL-REPORTE_06.png
2025-12-10 08:42:35,637 - ERROR - Error al enviar email a ['c.bejarano@grupomerpes.com', 'l.castaneda@grupomerpes.com', 'jefediseno@grupomerpes.com']: (535, b'5.7.8 Username and Password not accepted. For more information, go to\n5.7.8  https://support.google.com/mail/?p=BadCredentials 956f58d0204a3-6447391303fsm334481d50.14 - gsmtp')
2025-12-10 08:42:36,639 - WARNING - Imagen no encontrada: MAIL-REPORTE_06.png
2025-12-10 08:42:37,881 - ERROR - Error al enviar email a ['ejecutivo.b2b@grupomerpes.com.pe', 'ejecutivo.fidelizacion@grupomerpes.com.pe']: (535, b'5.7.8 Username and Password not accepted. For more information, go to\n5.7.8  https://support.google.com/mail/?p=BadCredentials 956f58d0204a3-6443f2abfe0sm7694196d50.1 - gsmtp')
2025-12-10 08:42:38,882 - WARNING - Imagen no encontrada: MAIL-REPORTE_06.png
2025-12-10 08:42:40,163 - ERROR - Error al enviar email a ['m.zamudio@grupomerpes.com', 'asistentecomercial22@grupomerpes.com', 'w.valbuena@grupomerpes.com']: (535, b'5.7.8 Username and Password not accepted. For more information, go to\n5.7.8  https://support.google.com/mail/?p=BadCredentials 00721157ae682-78c1b7902e7sm70758437b3.46 - gsmtp')
2025-12-10 08:42:41,165 - WARNING - Imagen no encontrada: MAIL-REPORTE_06.png
2025-12-10 08:42:42,396 - ERROR - Error al enviar email a ['i.garcia@grupomerpes.com', 'asistentecomercial6@grupomerpes.com', 'w.valbuena@grupomerpes.com']: (535, b'5.7.8 Username and Password not accepted. For more information, go to\n5.7.8  https://support.google.com/mail/?p=BadCredentials 956f58d0204a3-6443f5bcbbesm7579176d50.23 - gsmtp')
2025-12-10 08:42:43,399 - WARNING - Imagen no encontrada: MAIL-REPORTE_06.png
2025-12-10 08:42:44,615 - ERROR - Error al enviar email a ['ejecutivo.b2b@grupomerpes.com.pe', 'w.valbuena@grupomerpes.com']: (535, b'5.7.8 Username and Password not accepted. For more information, go to\n5.7.8  https://support.google.com/mail/?p=BadCredentials 00721157ae682-78c1b7795a7sm70631257b3.34 - gsmtp')
2025-12-10 08:42:45,618 - WARNING - Imagen no encontrada: MAIL-REPORTE_06.png
2025-12-10 08:42:46,953 - ERROR - Error al enviar email a ['c.calderon@grupomerpes.com', 'p.moreno@grupomerpes.com', 'asistentecomercial16@grupomerpes.com']: (535, b'5.7.8 Username and Password not accepted. For more information, go to\n5.7.8  https://support.google.com/mail/?p=BadCredentials 956f58d0204a3-6443f5bca83sm7539887d50.25 - gsmtp')
2025-12-10 08:42:47,955 - WARNING - Imagen no encontrada: MAIL-REPORTE_06.png
2025-12-10 08:42:49,138 - ERROR - Error al enviar email a ['l.chala@grupomerpes.com', 'asistentecomercial11@grupomerpes.com', 'l.castaneda@grupomerpes.com']: (535, b'5.7.8 Username and Password not accepted. For more information, go to\n5.7.8  https://support.google.com/mail/?p=BadCredentials 00721157ae682-78c1b3978a5sm71646117b3.0 - gsmtp')
2025-12-10 08:42:50,140 - WARNING - Imagen no encontrada: MAIL-REPORTE_06.png
2025-12-10 08:42:51,420 - ERROR - Error al enviar email a ['c.calderon@grupomerpes.com', 'v.zamudio@grupomerpes.com']: (535, b'5.7.8 Username and Password not accepted. For more information, go to\n5.7.8  https://support.google.com/mail/?p=BadCredentials 00721157ae682-78c1b7a67bcsm70801007b3.56 - gsmtp')
2025-12-10 08:42:52,422 - WARNING - Imagen no encontrada: MAIL-REPORTE_06.png
2025-12-10 08:42:53,701 - ERROR - Error al enviar email a ['l.rojas@grupomerpes.com', 'l.castaneda@grupomerpes.com']: (535, b'5.7.8 Username and Password not accepted. For more information, go to\n5.7.8  https://support.google.com/mail/?p=BadCredentials 956f58d0204a3-6443f5a3ca0sm7602544d50.12 - gsmtp')
2025-12-10 08:42:54,703 - WARNING - Imagen no encontrada: MAIL-REPORTE_06.png
2025-12-10 08:42:55,940 - ERROR - Error al enviar email a ['e.munoz@grupomerpes.com', 'w.valbuena@grupomerpes.com', 'asistentecomercial23@grupomerpes.com']: (535, b'5.7.8 Username and Password not accepted. For more information, go to\n5.7.8  https://support.google.com/mail/?p=BadCredentials 956f58d0204a3-6443f5b0947sm7678049d50.18 - gsmtp')
2025-12-10 08:42:56,942 - WARNING - Imagen no encontrada: MAIL-REPORTE_06.png
2025-12-10 08:42:58,146 - ERROR - Error al enviar email a ['ks.gualdron@grupomerpes.com', 'asistentecomercial10@grupomerpes.com', 'l.castaneda@grupomerpes.com']: (535, b'5.7.8 Username and Password not accepted. For more information, go to\n5.7.8  https://support.google.com/mail/?p=BadCredentials 956f58d0204a3-6446dac4078sm953596d50.2 - gsmtp')
2025-12-10 08:42:59,148 - WARNING - Imagen no encontrada: MAIL-REPORTE_06.png
2025-12-10 08:43:00,412 - ERROR - Error al enviar email a ['i.garcia@grupomerpes.com', 'asistentecomercial6@grupomerpes.com', 'w.valbuena@grupomerpes.com']: (535, b'5.7.8 Username and Password not accepted. For more information, go to\n5.7.8  https://support.google.com/mail/?p=BadCredentials 00721157ae682-78c1b4ae62bsm70430157b3.12 - gsmtp')
2025-12-10 08:43:01,414 - WARNING - Imagen no encontrada: MAIL-REPORTE_06.png
2025-12-10 08:43:02,661 - ERROR - Error al enviar email a ['i.garcia@grupomerpes.com', 'asistentecomercial6@grupomerpes.com', 'w.valbuena@grupomerpes.com']: (535, b'5.7.8 Username and Password not accepted. For more information, go to\n5.7.8  https://support.google.com/mail/?p=BadCredentials 00721157ae682-78c1b78e5f5sm70583207b3.41 - gsmtp')
2025-12-10 08:43:03,663 - WARNING - Imagen no encontrada: MAIL-REPORTE_06.png
2025-12-10 08:43:05,007 - ERROR - Error al enviar email a ['c.bejarano@grupomerpes.com', 'l.castaneda@grupomerpes.com']: (535, b'5.7.8 Username and Password not accepted. For more information, go to\n5.7.8  https://support.google.com/mail/?p=BadCredentials 00721157ae682-78c1b790577sm70043307b3.47 - gsmtp')
2025-12-10 08:43:06,009 - WARNING - Imagen no encontrada: MAIL-REPORTE_06.png
2025-12-10 08:43:07,254 - ERROR - Error al enviar email a ['j.moreno@grupomerpes.com', 'd.grisales@grupomerpes.com']: (535, b'5.7.8 Username and Password not accepted. For more information, go to\n5.7.8  https://support.google.com/mail/?p=BadCredentials 00721157ae682-78c1b4ca6desm70779667b3.18 - gsmtp')
2025-12-10 08:43:08,257 - WARNING - Imagen no encontrada: MAIL-REPORTE_06.png
2025-12-10 08:43:09,645 - ERROR - Error al enviar email a ['j.triana@grupomerpes.com', 'd.grisales@grupomerpes.com']: (535, b'5.7.8 Username and Password not accepted. For more information, go to\n5.7.8  https://support.google.com/mail/?p=BadCredentials 00721157ae682-78c1b78e1d4sm70914537b3.39 - gsmtp')
2025-12-10 08:43:10,647 - WARNING - Imagen no encontrada: MAIL-REPORTE_06.png
2025-12-10 08:43:11,905 - ERROR - Error al enviar email a ['j.triana@grupomerpes.com', 'd.grisales@grupomerpes.com']: (535, b'5.7.8 Username and Password not accepted. For more information, go to\n5.7.8  https://support.google.com/mail/?p=BadCredentials 00721157ae682-78d55db0ddbsm4606047b3.55 - gsmtp')
2025-12-10 08:43:12,906 - INFO - === RESUMEN DE EJECUCIÓN ===
2025-12-10 08:43:12,907 - INFO - Total de reportes generados: 34
2025-12-10 08:43:12,907 - INFO - Emails enviados exitosamente: 0
2025-12-10 08:43:12,907 - INFO - Errores en envío: 34
2025-12-10 08:43:12,908 - INFO - Clientes procesados: 
2025-12-10 08:43:12,909 - INFO - Archivo temporal eliminado
2025-12-10 08:52:51,099 - INFO - === INICIANDO MONITOREO DE CAMPAÑAS ===
2025-12-10 08:52:51,100 - INFO - Leyendo datos del archivo consolidado de horas soporte
2025-12-10 08:52:51,109 - INFO - Columnas mapeadas: {'DICIEMBRE': 'CLIENTE', 'Unnamed: 1': 'AREA_CAMPAÑA', 'Horas Soporte Merpes': 'HORAS_MERPES_ASIGNADAS', 'Unnamed: 3': 'HORAS_MERPES_CONSUMIDAS', 'Unnamed: 4': 'HORAS_MERPES_DISPONIBLES', 'Horas Soporte Zoftinium': 'HORAS_ZOFTINIUM_ASIGNADAS', 'Unnamed: 6': 'HORAS_ZOFTINIUM_CONSUMIDAS', 'Unnamed: 7': 'HORAS_ZOFTINIUM_DISPONIBLES', 'Piezas diseño': 'PIEZAS_DISEÑO_ASIGNADAS', 'Unnamed: 9': 'PIEZAS_DISEÑO_CONSUMIDAS', 'Unnamed: 10': 'PIEZAS_DISEÑO_DISPONIBLES', 'Correos': 'CORREOS'}
2025-12-10 08:52:51,111 - INFO - Columna 'HORAS_MERPES_ASIGNADAS' convertida a numérica
2025-12-10 08:52:51,112 - INFO - Columna 'HORAS_MERPES_CONSUMIDAS' convertida a numérica
2025-12-10 08:52:51,112 - INFO - Columna 'HORAS_ZOFTINIUM_ASIGNADAS' convertida a numérica
2025-12-10 08:52:51,113 - INFO - Columna 'HORAS_ZOFTINIUM_CONSUMIDAS' convertida a numérica
2025-12-10 08:52:51,113 - INFO - Columna 'PIEZAS_DISEÑO_ASIGNADAS' convertida a numérica
2025-12-10 08:52:51,114 - INFO - Columna 'PIEZAS_DISEÑO_CONSUMIDAS' convertida a numérica
2025-12-10 08:52:51,115 - INFO - Datos leídos exitosamente. Total clientes: 43
2025-12-10 08:52:51,117 - INFO - Mapeo de correos cargado: 34 clientes con correos definidos
2025-12-10 08:52:51,117 - INFO -   • Apex CO: a.sosa@grupomerpes.com, asistentecomercial16@grupomerpes.com, c.calderon@grupomerpes.com
2025-12-10 08:52:51,118 - INFO -   • Apex MX: v.zamudio@grupomerpes.com, j.corrales@grupomerpes.com, desarrolloweb@grupomerpes.com
2025-12-10 08:52:51,118 - INFO -   • Beiersdorf CO: l.rojas@grupomerpes.com, l.castaneda@grupomerpes.com
2025-12-10 08:52:51,118 - INFO -   • Black & Decker CO: a.sosa@grupomerpes.com, asistentecomercial16@grupomerpes.com, c.calderon@grupomerpes.com
2025-12-10 08:52:51,118 - INFO -   • Coca Cola CO: l.castro@grupomerpes.com, c.calderon@grupomerpes.com, asistentecomercial13@grupomerpes.com, kupaa@grupomerpes.com
2025-12-10 08:52:51,119 - INFO -   • Coca Cola CR: comercialcr@grupomerpes.com, operacionescr@grupomerpes.com
2025-12-10 08:52:51,119 - INFO -   • Coca Cola GU: j.corrales@grupomerpes.com, v.zamudio@grupomerpes.com, comercialgt@grupomerpes.com, operaciones.gt@grupomerpes.com
2025-12-10 08:52:51,119 - INFO -   • Coca Cola PA: l.ortega@grupomerpes.com, v.zamudio@grupomerpes.com
2025-12-10 08:52:51,119 - INFO -   • Diageo CA: v.zamudio@grupomerpes.com, j.corrales@grupomerpes.com
2025-12-10 08:52:51,119 - INFO -   • Diageo CO: ks.gualdron@grupomerpes.com, asistentecomercial10@grupomerpes.com, l.castaneda@grupomerpes.com
2025-12-10 08:52:51,120 - INFO -   • Diversey CO: c.calderon@grupomerpes.com, v.zamudio@grupomerpes.com
2025-12-10 08:52:51,120 - INFO -   • Dos Pinos CR: comercialcr@grupomerpes.com, operacionescr@grupomerpes.com
2025-12-10 08:52:51,120 - INFO -   • Gases del oriente CO: c.calderon@grupomerpes.com, v.zamudio@grupomerpes.com
2025-12-10 08:52:51,120 - INFO -   • Gloria CO: e.munoz@grupomerpes.com, w.valbuena@grupomerpes.com, asistentecomercial23@grupomerpes.com
2025-12-10 08:52:51,120 - INFO -   • Grupo Diana CO: e.munoz@grupomerpes.com, w.valbuena@grupomerpes.com, asistentecomercial23@grupomerpes.com
2025-12-10 08:52:51,121 - INFO -   • Impocali CO: a.sosa@grupomerpes.com, asistentecomercial16@grupomerpes.com, c.calderon@grupomerpes.com
2025-12-10 08:52:51,121 - INFO -   • Juan Valdez CO: l.castro@grupomerpes.com, c.calderon@grupomerpes.com, asistentecomercial13@grupomerpes.com
2025-12-10 08:52:51,121 - INFO -   • Kimberly Clark CO: c.bejarano@grupomerpes.com, l.castaneda@grupomerpes.com, jefediseno@grupomerpes.com
2025-12-10 08:52:51,121 - INFO -   • Kimberly Clark PE: ejecutivo.b2b@grupomerpes.com.pe, ejecutivo.fidelizacion@grupomerpes.com.pe
2025-12-10 08:52:51,121 - INFO -   • Mabe CO: m.zamudio@grupomerpes.com, asistentecomercial22@grupomerpes.com, w.valbuena@grupomerpes.com
2025-12-10 08:52:51,122 - INFO -   • Mabe EC: i.garcia@grupomerpes.com, asistentecomercial6@grupomerpes.com, w.valbuena@grupomerpes.com
2025-12-10 08:52:51,122 - INFO -   • Mabe PE: ejecutivo.b2b@grupomerpes.com.pe, w.valbuena@grupomerpes.com
2025-12-10 08:52:51,122 - INFO -   • Newell CO: c.calderon@grupomerpes.com, p.moreno@grupomerpes.com, asistentecomercial16@grupomerpes.com
2025-12-10 08:52:51,122 - INFO -   • Opella CO: l.chala@grupomerpes.com, asistentecomercial11@grupomerpes.com, l.castaneda@grupomerpes.com
2025-12-10 08:52:51,122 - INFO -   • Papeles Nacionales: c.calderon@grupomerpes.com, v.zamudio@grupomerpes.com
2025-12-10 08:52:51,122 - INFO -   • Reckitt CO: l.rojas@grupomerpes.com, l.castaneda@grupomerpes.com
2025-12-10 08:52:51,122 - INFO -   • Softys CO: e.munoz@grupomerpes.com, w.valbuena@grupomerpes.com, asistentecomercial23@grupomerpes.com
2025-12-10 08:52:51,122 - INFO -   • Splenda CO: ks.gualdron@grupomerpes.com, asistentecomercial10@grupomerpes.com, l.castaneda@grupomerpes.com
2025-12-10 08:52:51,122 - INFO -   • Team Foods CO: i.garcia@grupomerpes.com, asistentecomercial6@grupomerpes.com, w.valbuena@grupomerpes.com
2025-12-10 08:52:51,123 - INFO -   • Vanti CO: i.garcia@grupomerpes.com, asistentecomercial6@grupomerpes.com, w.valbuena@grupomerpes.com
2025-12-10 08:52:51,123 - INFO -   • Wavin Pavco CO: c.bejarano@grupomerpes.com, l.castaneda@grupomerpes.com
2025-12-10 08:52:51,123 - INFO -   • Bavaria CO: j.moreno@grupomerpes.com, d.grisales@grupomerpes.com
2025-12-10 08:52:51,123 - INFO -   • Casa Luker CO: j.triana@grupomerpes.com, d.grisales@grupomerpes.com
2025-12-10 08:52:51,123 - INFO -   • Terpel CO: j.triana@grupomerpes.com, d.grisales@grupomerpes.com
2025-12-10 08:52:51,124 - INFO - Reporte generado para Apex CO: Merpes 1.0/10h (10.0%), Zoftinium 0.0/3h (0.0%), Diseño 0/14 piezas (0.0%)
2025-12-10 08:52:51,125 - INFO - Reporte generado para Apex MX: Merpes 0.0/6h (0.0%), Zoftinium 0.0/3h (0.0%), Diseño 0/14 piezas (0.0%)
2025-12-10 08:52:51,126 - INFO - Reporte generado para Beiersdorf CO: Merpes 0.0/3h (0.0%), Zoftinium 0.0/2h (0.0%), Diseño 0/10 piezas (0.0%)
2025-12-10 08:52:51,126 - INFO - Reporte generado para Black & Decker CO: Merpes 0.0/11h (0.0%), Zoftinium 0.0/6h (0.0%), Diseño 0/9 piezas (0.0%)
2025-12-10 08:52:51,127 - INFO - Reporte generado para Coca Cola CO: Merpes 0.0/8h (0.0%), Zoftinium 0.0/4h (0.0%), Diseño 0/8 piezas (0.0%)
2025-12-10 08:52:51,128 - INFO - Reporte generado para Coca Cola CR: Merpes 0.0/7h (0.0%), Zoftinium 0.0/3h (0.0%), Diseño 0/15 piezas (0.0%)
2025-12-10 08:52:51,129 - INFO - Reporte generado para Coca Cola GU: Merpes 0.5/27h (1.9%), Zoftinium 1.0/14h (7.1%), Diseño 6/31 piezas (19.4%)
2025-12-10 08:52:51,129 - INFO - Reporte generado para Coca Cola PA: Merpes 0.0/15h (0.0%), Zoftinium 0.0/6h (0.0%), Diseño 0/8 piezas (0.0%)
2025-12-10 08:52:51,130 - INFO - Reporte generado para Diageo CA: Merpes 0.0/8h (0.0%), Zoftinium 0.0/3h (0.0%), Diseño 0/12 piezas (0.0%)
2025-12-10 08:52:51,130 - INFO - Reporte generado para Diageo CO: Merpes 0.5/10h (5.0%), Zoftinium 0.0/5h (0.0%), Diseño 1/14 piezas (7.1%)
2025-12-10 08:52:51,131 - INFO - Reporte generado para Diversey CO: Merpes 0.0/3h (0.0%), Zoftinium 0.0/3h (0.0%), Diseño 0/6 piezas (0.0%)
2025-12-10 08:52:51,132 - INFO - Reporte generado para Dos Pinos CR: Merpes 0.3/10h (3.0%), Zoftinium 1.0/4h (25.0%), Diseño 0/15 piezas (0.0%)
2025-12-10 08:52:51,132 - INFO - Reporte generado para Gases del oriente CO: Merpes 0.5/8h (6.2%), Zoftinium 0.7/5h (14.0%), Diseño 0/10 piezas (0.0%)
2025-12-10 08:52:51,133 - INFO - Reporte generado para Gloria CO: Merpes 0.0/15h (0.0%), Zoftinium 0.0/5h (0.0%), Diseño 0/20 piezas (0.0%)
2025-12-10 08:52:51,134 - INFO - Reporte generado para Grupo Diana CO: Merpes 0.0/8h (0.0%), Zoftinium 0.8/4h (20.0%), Diseño 0/7 piezas (0.0%)
2025-12-10 08:52:51,134 - INFO - Reporte generado para Impocali CO: Merpes 0.0/8h (0.0%), Zoftinium 0.0/4h (0.0%), Diseño 0/8 piezas (0.0%)
2025-12-10 08:52:51,135 - INFO - Reporte generado para Juan Valdez CO: Merpes 0.0/8h (0.0%), Zoftinium 0.0/3h (0.0%), Diseño 0/0 piezas (0.0%)
2025-12-10 08:52:51,136 - INFO - Reporte generado para Kimberly Clark CO: Merpes 0.0/6h (0.0%), Zoftinium 0.0/4h (0.0%), Diseño 3/8 piezas (37.5%)
2025-12-10 08:52:51,136 - INFO - Reporte generado para Kimberly Clark PE: Merpes 0.0/2h (0.0%), Zoftinium 0.0/2h (0.0%), Diseño 0/7 piezas (0.0%)
2025-12-10 08:52:51,137 - INFO - Reporte generado para Mabe CO: Merpes 2.0/25h (8.0%), Zoftinium 2.1/8h (26.2%), Diseño 0/0 piezas (0.0%)
2025-12-10 08:52:51,137 - INFO - Reporte generado para Mabe EC: Merpes 1.5/15h (10.0%), Zoftinium 3.0/4h (75.0%), Diseño 0/0 piezas (0.0%)
2025-12-10 08:52:51,138 - INFO - Reporte generado para Mabe PE: Merpes 0.0/15h (0.0%), Zoftinium 0.0/4h (0.0%), Diseño 0/0 piezas (0.0%)
2025-12-10 08:52:51,138 - INFO - Reporte generado para Newell CO: Merpes 0.3/8h (3.8%), Zoftinium 0.0/4h (0.0%), Diseño 5/12 piezas (41.7%)
2025-12-10 08:52:51,139 - INFO - Reporte generado para Opella CO: Merpes 0.0/17h (0.0%), Zoftinium 0.0/8h (0.0%), Diseño 2/5 piezas (40.0%)
2025-12-10 08:52:51,140 - INFO - Reporte generado para Papeles Nacionales: Merpes 0.0/4h (0.0%), Zoftinium 0.0/8h (0.0%), Diseño 0/4 piezas (0.0%)
2025-12-10 08:52:51,140 - INFO - Reporte generado para Reckitt CO: Merpes 0.0/2h (0.0%), Zoftinium 0.0/4h (0.0%), Diseño 2/7 piezas (28.6%)
2025-12-10 08:52:51,141 - INFO - Reporte generado para Softys CO: Merpes 0.0/8h (0.0%), Zoftinium 0.0/3h (0.0%), Diseño 0/8 piezas (0.0%)
2025-12-10 08:52:51,141 - INFO - Reporte generado para Splenda CO: Merpes 0.0/40h (0.0%), Zoftinium 0.0/15h (0.0%), Diseño 0/7 piezas (0.0%)
2025-12-10 08:52:51,142 - INFO - Reporte generado para Team Foods CO: Merpes 0.0/0h (0.0%), Zoftinium 0.0/0h (0.0%), Diseño 0/0 piezas (0.0%)
2025-12-10 08:52:51,142 - INFO - Reporte generado para Vanti CO: Merpes 0.0/4h (0.0%), Zoftinium 0.0/3h (0.0%), Diseño 0/14 piezas (0.0%)
2025-12-10 08:52:51,143 - INFO - Reporte generado para Wavin Pavco CO: Merpes 0.6/5h (12.0%), Zoftinium 0.0/4h (0.0%), Diseño 7/9 piezas (77.8%)
2025-12-10 08:52:51,144 - INFO - Reporte generado para Bavaria CO: Merpes 2.5/20h (12.5%), Zoftinium 1.55/12h (12.9%), Diseño 0/10 piezas (0.0%)
2025-12-10 08:52:51,144 - INFO - Reporte generado para Casa Luker CO: Merpes 1.8/2h (90.0%), Zoftinium 0.0/2h (0.0%), Diseño 0/0 piezas (0.0%)
2025-12-10 08:52:51,145 - INFO - Reporte generado para Terpel CO: Merpes 0.0/9h (0.0%), Zoftinium 0.0/9h (0.0%), Diseño 0/0 piezas (0.0%)
2025-12-10 08:52:51,145 - INFO - Se generaron 34 reportes mensuales
2025-12-10 08:52:51,146 - WARNING - Imagen no encontrada: MAIL-REPORTE_06.png
2025-12-10 08:52:53,656 - INFO - Email enviado exitosamente a: a.sosa@grupomerpes.com, asistentecomercial16@grupomerpes.com, c.calderon@grupomerpes.com
2025-12-10 08:52:54,658 - WARNING - Imagen no encontrada: MAIL-REPORTE_06.png
2025-12-10 08:52:56,680 - INFO - Email enviado exitosamente a: v.zamudio@grupomerpes.com, j.corrales@grupomerpes.com, desarrolloweb@grupomerpes.com
2025-12-10 08:52:57,683 - WARNING - Imagen no encontrada: MAIL-REPORTE_06.png
2025-12-10 08:53:00,132 - INFO - Email enviado exitosamente a: l.rojas@grupomerpes.com, l.castaneda@grupomerpes.com
2025-12-10 08:53:01,136 - WARNING - Imagen no encontrada: MAIL-REPORTE_06.png
2025-12-10 08:53:03,321 - INFO - Email enviado exitosamente a: a.sosa@grupomerpes.com, asistentecomercial16@grupomerpes.com, c.calderon@grupomerpes.com
2025-12-10 08:53:04,324 - WARNING - Imagen no encontrada: MAIL-REPORTE_06.png
2025-12-10 08:53:06,686 - INFO - Email enviado exitosamente a: l.castro@grupomerpes.com, c.calderon@grupomerpes.com, asistentecomercial13@grupomerpes.com, kupaa@grupomerpes.com
2025-12-10 08:53:07,690 - WARNING - Imagen no encontrada: MAIL-REPORTE_06.png
2025-12-10 08:53:09,597 - INFO - Email enviado exitosamente a: comercialcr@grupomerpes.com, operacionescr@grupomerpes.com
2025-12-10 08:53:10,601 - WARNING - Imagen no encontrada: MAIL-REPORTE_06.png
2025-12-10 08:53:12,858 - INFO - Email enviado exitosamente a: j.corrales@grupomerpes.com, v.zamudio@grupomerpes.com, comercialgt@grupomerpes.com, operaciones.gt@grupomerpes.com
2025-12-10 08:53:13,861 - WARNING - Imagen no encontrada: MAIL-REPORTE_06.png
2025-12-10 08:53:15,741 - INFO - Email enviado exitosamente a: l.ortega@grupomerpes.com, v.zamudio@grupomerpes.com
2025-12-10 08:53:16,744 - WARNING - Imagen no encontrada: MAIL-REPORTE_06.png
2025-12-10 08:53:18,687 - INFO - Email enviado exitosamente a: v.zamudio@grupomerpes.com, j.corrales@grupomerpes.com
2025-12-10 08:53:19,690 - WARNING - Imagen no encontrada: MAIL-REPORTE_06.png
2025-12-10 08:53:21,694 - INFO - Email enviado exitosamente a: ks.gualdron@grupomerpes.com, asistentecomercial10@grupomerpes.com, l.castaneda@grupomerpes.com
2025-12-10 08:53:22,697 - WARNING - Imagen no encontrada: MAIL-REPORTE_06.png
2025-12-10 08:53:24,823 - INFO - Email enviado exitosamente a: c.calderon@grupomerpes.com, v.zamudio@grupomerpes.com
2025-12-10 08:53:25,825 - WARNING - Imagen no encontrada: MAIL-REPORTE_06.png
2025-12-10 08:53:28,060 - INFO - Email enviado exitosamente a: comercialcr@grupomerpes.com, operacionescr@grupomerpes.com
2025-12-10 08:53:29,063 - WARNING - Imagen no encontrada: MAIL-REPORTE_06.png
2025-12-10 08:53:31,213 - INFO - Email enviado exitosamente a: c.calderon@grupomerpes.com, v.zamudio@grupomerpes.com
2025-12-10 08:53:32,217 - WARNING - Imagen no encontrada: MAIL-REPORTE_06.png
2025-12-10 08:53:34,352 - INFO - Email enviado exitosamente a: e.munoz@grupomerpes.com, w.valbuena@grupomerpes.com, asistentecomercial23@grupomerpes.com
2025-12-10 08:53:35,354 - WARNING - Imagen no encontrada: MAIL-REPORTE_06.png
2025-12-10 08:53:37,787 - INFO - Email enviado exitosamente a: e.munoz@grupomerpes.com, w.valbuena@grupomerpes.com, asistentecomercial23@grupomerpes.com
2025-12-10 08:53:38,791 - WARNING - Imagen no encontrada: MAIL-REPORTE_06.png
2025-12-10 08:53:41,487 - INFO - Email enviado exitosamente a: a.sosa@grupomerpes.com, asistentecomercial16@grupomerpes.com, c.calderon@grupomerpes.com
2025-12-10 08:53:42,491 - WARNING - Imagen no encontrada: MAIL-REPORTE_06.png
2025-12-10 08:53:44,720 - INFO - Email enviado exitosamente a: l.castro@grupomerpes.com, c.calderon@grupomerpes.com, asistentecomercial13@grupomerpes.com
2025-12-10 08:53:45,723 - WARNING - Imagen no encontrada: MAIL-REPORTE_06.png
2025-12-10 08:53:47,871 - INFO - Email enviado exitosamente a: c.bejarano@grupomerpes.com, l.castaneda@grupomerpes.com, jefediseno@grupomerpes.com
2025-12-10 08:53:48,873 - WARNING - Imagen no encontrada: MAIL-REPORTE_06.png
2025-12-10 08:53:51,316 - INFO - Email enviado exitosamente a: ejecutivo.b2b@grupomerpes.com.pe, ejecutivo.fidelizacion@grupomerpes.com.pe
2025-12-10 08:53:52,320 - WARNING - Imagen no encontrada: MAIL-REPORTE_06.png
2025-12-10 08:53:54,642 - INFO - Email enviado exitosamente a: m.zamudio@grupomerpes.com, asistentecomercial22@grupomerpes.com, w.valbuena@grupomerpes.com
2025-12-10 08:53:55,645 - WARNING - Imagen no encontrada: MAIL-REPORTE_06.png
2025-12-10 08:53:57,703 - INFO - Email enviado exitosamente a: i.garcia@grupomerpes.com, asistentecomercial6@grupomerpes.com, w.valbuena@grupomerpes.com
2025-12-10 08:53:58,706 - WARNING - Imagen no encontrada: MAIL-REPORTE_06.png
2025-12-10 08:54:00,698 - INFO - Email enviado exitosamente a: ejecutivo.b2b@grupomerpes.com.pe, w.valbuena@grupomerpes.com
2025-12-10 08:54:01,701 - WARNING - Imagen no encontrada: MAIL-REPORTE_06.png
2025-12-10 08:54:03,951 - INFO - Email enviado exitosamente a: c.calderon@grupomerpes.com, p.moreno@grupomerpes.com, asistentecomercial16@grupomerpes.com
2025-12-10 08:54:04,953 - WARNING - Imagen no encontrada: MAIL-REPORTE_06.png
2025-12-10 08:54:07,113 - INFO - Email enviado exitosamente a: l.chala@grupomerpes.com, asistentecomercial11@grupomerpes.com, l.castaneda@grupomerpes.com
2025-12-10 08:54:08,115 - WARNING - Imagen no encontrada: MAIL-REPORTE_06.png
2025-12-10 08:54:10,561 - INFO - Email enviado exitosamente a: c.calderon@grupomerpes.com, v.zamudio@grupomerpes.com
2025-12-10 08:54:11,564 - WARNING - Imagen no encontrada: MAIL-REPORTE_06.png
2025-12-10 08:54:13,875 - INFO - Email enviado exitosamente a: l.rojas@grupomerpes.com, l.castaneda@grupomerpes.com
2025-12-10 08:54:14,878 - WARNING - Imagen no encontrada: MAIL-REPORTE_06.png
2025-12-10 08:54:17,208 - INFO - Email enviado exitosamente a: e.munoz@grupomerpes.com, w.valbuena@grupomerpes.com, asistentecomercial23@grupomerpes.com
2025-12-10 08:54:18,212 - WARNING - Imagen no encontrada: MAIL-REPORTE_06.png
2025-12-10 08:54:20,404 - INFO - Email enviado exitosamente a: ks.gualdron@grupomerpes.com, asistentecomercial10@grupomerpes.com, l.castaneda@grupomerpes.com
2025-12-10 08:54:21,406 - WARNING - Imagen no encontrada: MAIL-REPORTE_06.png
2025-12-10 08:54:23,605 - INFO - Email enviado exitosamente a: i.garcia@grupomerpes.com, asistentecomercial6@grupomerpes.com, w.valbuena@grupomerpes.com
2025-12-10 08:54:24,608 - WARNING - Imagen no encontrada: MAIL-REPORTE_06.png
2025-12-10 08:54:26,891 - INFO - Email enviado exitosamente a: i.garcia@grupomerpes.com, asistentecomercial6@grupomerpes.com, w.valbuena@grupomerpes.com
2025-12-10 08:54:27,895 - WARNING - Imagen no encontrada: MAIL-REPORTE_06.png
2025-12-10 08:54:29,867 - INFO - Email enviado exitosamente a: c.bejarano@grupomerpes.com, l.castaneda@grupomerpes.com
2025-12-10 08:54:30,870 - WARNING - Imagen no encontrada: MAIL-REPORTE_06.png
2025-12-10 08:54:33,100 - INFO - Email enviado exitosamente a: j.moreno@grupomerpes.com, d.grisales@grupomerpes.com
2025-12-10 08:54:34,104 - WARNING - Imagen no encontrada: MAIL-REPORTE_06.png
2025-12-10 08:54:36,200 - INFO - Email enviado exitosamente a: j.triana@grupomerpes.com, d.grisales@grupomerpes.com
2025-12-10 08:54:37,204 - WARNING - Imagen no encontrada: MAIL-REPORTE_06.png
2025-12-10 08:54:39,272 - INFO - Email enviado exitosamente a: j.triana@grupomerpes.com, d.grisales@grupomerpes.com
2025-12-10 08:54:40,273 - INFO - === RESUMEN DE EJECUCIÓN ===
2025-12-10 08:54:40,274 - INFO - Total de reportes generados: 34
2025-12-10 08:54:40,274 - INFO - Emails enviados exitosamente: 34
2025-12-10 08:54:40,274 - INFO - Errores en envío: 0
2025-12-10 08:54:40,275 - INFO - Clientes procesados: Apex CO, Apex MX, Beiersdorf CO, Black & Decker CO, Coca Cola CO, Coca Cola CR, Coca Cola GU, Coca Cola PA, Diageo CA, Diageo CO, Diversey CO, Dos Pinos CR, Gases del oriente CO, Gloria CO, Grupo Diana CO, Impocali CO, Juan Valdez CO, Kimberly Clark CO, Kimberly Clark PE, Mabe CO, Mabe EC, Mabe PE, Newell CO, Opella CO, Papeles Nacionales, Reckitt CO, Softys CO, Splenda CO, Team Foods CO, Vanti CO, Wavin Pavco CO, Bavaria CO, Casa Luker CO, Terpel CO
2025-12-10 08:54:40,277 - INFO - Archivo temporal eliminado
2025-12-16 17:06:03,984 - INFO - === INICIANDO MONITOREO DE CAMPAÑAS ===
2025-12-16 17:06:03,986 - INFO - Leyendo datos del archivo consolidado de horas soporte
2025-12-16 17:06:03,997 - INFO - Columnas mapeadas: {'DICIEMBRE': 'CLIENTE', 'Unnamed: 1': 'AREA_CAMPAÑA', 'Horas Soporte Merpes': 'HORAS_MERPES_ASIGNADAS', 'Unnamed: 3': 'HORAS_MERPES_CONSUMIDAS', 'Unnamed: 4': 'HORAS_MERPES_DISPONIBLES', 'Horas Soporte Zoftinium': 'HORAS_ZOFTINIUM_ASIGNADAS', 'Unnamed: 6': 'HORAS_ZOFTINIUM_CONSUMIDAS', 'Unnamed: 7': 'HORAS_ZOFTINIUM_DISPONIBLES', 'Piezas diseño': 'PIEZAS_DISEÑO_ASIGNADAS', 'Unnamed: 9': 'PIEZAS_DISEÑO_CONSUMIDAS', 'Unnamed: 10': 'PIEZAS_DISEÑO_DISPONIBLES', 'Correos': 'CORREOS'}
2025-12-16 17:06:04,002 - INFO - Columna 'HORAS_MERPES_ASIGNADAS' convertida a numérica
2025-12-16 17:06:04,003 - INFO - Columna 'HORAS_MERPES_CONSUMIDAS' convertida a numérica
2025-12-16 17:06:04,004 - INFO - Columna 'HORAS_ZOFTINIUM_ASIGNADAS' convertida a numérica
2025-12-16 17:06:04,004 - INFO - Columna 'HORAS_ZOFTINIUM_CONSUMIDAS' convertida a numérica
2025-12-16 17:06:04,005 - INFO - Columna 'PIEZAS_DISEÑO_ASIGNADAS' convertida a numérica
2025-12-16 17:06:04,005 - INFO - Columna 'PIEZAS_DISEÑO_CONSUMIDAS' convertida a numérica
2025-12-16 17:06:04,007 - INFO - Datos leídos exitosamente. Total clientes: 43
2025-12-16 17:06:04,010 - INFO - Mapeo de correos cargado: 34 clientes con correos definidos
2025-12-16 17:06:04,010 - INFO -   • Apex CO: a.sosa@grupomerpes.com, asistentecomercial16@grupomerpes.com, c.calderon@grupomerpes.com
2025-12-16 17:06:04,010 - INFO -   • Apex MX: v.zamudio@grupomerpes.com, j.corrales@grupomerpes.com
2025-12-16 17:06:04,011 - INFO -   • Beiersdorf CO: l.rojas@grupomerpes.com, l.castaneda@grupomerpes.com
2025-12-16 17:06:04,011 - INFO -   • Black & Decker CO: a.sosa@grupomerpes.com, asistentecomercial16@grupomerpes.com, c.calderon@grupomerpes.com
2025-12-16 17:06:04,011 - INFO -   • Coca Cola CO: l.castro@grupomerpes.com, c.calderon@grupomerpes.com, asistentecomercial13@grupomerpes.com
2025-12-16 17:06:04,011 - INFO -   • Coca Cola CR: comercialcr@grupomerpes.com, operacionescr@grupomerpes.com
2025-12-16 17:06:04,011 - INFO -   • Coca Cola GU: j.corrales@grupomerpes.com, v.zamudio@grupomerpes.com, comercialgt@grupomerpes.com, operaciones.gt@grupomerpes.com
2025-12-16 17:06:04,011 - INFO -   • Coca Cola PA: l.ortega@grupomerpes.com, v.zamudio@grupomerpes.com
2025-12-16 17:06:04,011 - INFO -   • Diageo CA: v.zamudio@grupomerpes.com, j.corrales@grupomerpes.com
2025-12-16 17:06:04,011 - INFO -   • Diageo CO: ks.gualdron@grupomerpes.com, asistentecomercial10@grupomerpes.com, l.castaneda@grupomerpes.com
2025-12-16 17:06:04,012 - INFO -   • Diversey CO: c.calderon@grupomerpes.com, v.zamudio@grupomerpes.com
2025-12-16 17:06:04,012 - INFO -   • Dos Pinos CR: comercialcr@grupomerpes.com, operacionescr@grupomerpes.com
2025-12-16 17:06:04,012 - INFO -   • Gases del oriente CO: c.calderon@grupomerpes.com, v.zamudio@grupomerpes.com
2025-12-16 17:06:04,012 - INFO -   • Gloria CO: e.munoz@grupomerpes.com, w.valbuena@grupomerpes.com, asistentecomercial23@grupomerpes.com
2025-12-16 17:06:04,012 - INFO -   • Grupo Diana CO: e.munoz@grupomerpes.com, w.valbuena@grupomerpes.com, asistentecomercial23@grupomerpes.com
2025-12-16 17:06:04,012 - INFO -   • Impocali CO: a.sosa@grupomerpes.com, asistentecomercial16@grupomerpes.com, c.calderon@grupomerpes.com
2025-12-16 17:06:04,012 - INFO -   • Juan Valdez CO: l.castro@grupomerpes.com, c.calderon@grupomerpes.com, asistentecomercial13@grupomerpes.com
2025-12-16 17:06:04,012 - INFO -   • Kimberly Clark CO: c.bejarano@grupomerpes.com, l.castaneda@grupomerpes.com, desarrolloweb@grupomerpes.com
2025-12-16 17:06:04,012 - INFO -   • Kimberly Clark PE: ejecutivo.b2b@grupomerpes.com.pe, ejecutivo.fidelizacion@grupomerpes.com.pe
2025-12-16 17:06:04,012 - INFO -   • Mabe CO: m.zamudio@grupomerpes.com, asistentecomercial22@grupomerpes.com, w.valbuena@grupomerpes.com
2025-12-16 17:06:04,012 - INFO -   • Mabe EC: i.garcia@grupomerpes.com, asistentecomercial6@grupomerpes.com, w.valbuena@grupomerpes.com
2025-12-16 17:06:04,013 - INFO -   • Mabe PE: ejecutivo.b2b@grupomerpes.com.pe, w.valbuena@grupomerpes.com
2025-12-16 17:06:04,013 - INFO -   • Newell CO: c.calderon@grupomerpes.com, p.moreno@grupomerpes.com, asistentecomercial16@grupomerpes.com
2025-12-16 17:06:04,013 - INFO -   • Opella CO: l.chala@grupomerpes.com, asistentecomercial11@grupomerpes.com, l.castaneda@grupomerpes.com
2025-12-16 17:06:04,013 - INFO -   • Papeles Nacionales: c.calderon@grupomerpes.com, v.zamudio@grupomerpes.com
2025-12-16 17:06:04,013 - INFO -   • Reckitt CO: l.rojas@grupomerpes.com, l.castaneda@grupomerpes.com, jefediseno@grupomerpes.com
2025-12-16 17:06:04,013 - INFO -   • Softys CO: e.munoz@grupomerpes.com, w.valbuena@grupomerpes.com, asistentecomercial23@grupomerpes.com
2025-12-16 17:06:04,013 - INFO -   • Splenda CO: ks.gualdron@grupomerpes.com, asistentecomercial10@grupomerpes.com, l.castaneda@grupomerpes.com
2025-12-16 17:06:04,013 - INFO -   • Team Foods CO: i.garcia@grupomerpes.com, asistentecomercial6@grupomerpes.com, w.valbuena@grupomerpes.com
2025-12-16 17:06:04,013 - INFO -   • Vanti CO: i.garcia@grupomerpes.com, asistentecomercial6@grupomerpes.com, w.valbuena@grupomerpes.com
2025-12-16 17:06:04,013 - INFO -   • Wavin Pavco CO: c.bejarano@grupomerpes.com, l.castaneda@grupomerpes.com
2025-12-16 17:06:04,013 - INFO -   • Bavaria CO: j.moreno@grupomerpes.com, d.grisales@grupomerpes.com
2025-12-16 17:06:04,014 - INFO -   • Casa Luker CO: j.triana@grupomerpes.com, d.grisales@grupomerpes.com
2025-12-16 17:06:04,014 - INFO -   • Terpel CO: j.triana@grupomerpes.com, d.grisales@grupomerpes.com
2025-12-16 17:06:04,015 - INFO - Reporte generado para Apex CO: Merpes 0.0/10h (0.0%), Zoftinium 0.0/3h (0.0%), Diseño 0/14 piezas (0.0%)
2025-12-16 17:06:04,016 - INFO - Reporte generado para Apex MX: Merpes 1.0/6h (16.7%), Zoftinium 0.0/3h (0.0%), Diseño 0/14 piezas (0.0%)
2025-12-16 17:06:04,017 - INFO - Reporte generado para Beiersdorf CO: Merpes 0.0/3h (0.0%), Zoftinium 0.0/2h (0.0%), Diseño 8/10 piezas (80.0%)
2025-12-16 17:06:04,017 - INFO - Reporte generado para Black & Decker CO: Merpes 0.0/11h (0.0%), Zoftinium 0.0/6h (0.0%), Diseño 0/9 piezas (0.0%)
2025-12-16 17:06:04,018 - INFO - Reporte generado para Coca Cola CO: Merpes 0.0/8h (0.0%), Zoftinium 0.0/4h (0.0%), Diseño 0/8 piezas (0.0%)
2025-12-16 17:06:04,019 - INFO - Reporte generado para Coca Cola CR: Merpes 0.0/7h (0.0%), Zoftinium 0.0/3h (0.0%), Diseño 0/15 piezas (0.0%)
2025-12-16 17:06:04,020 - INFO - Reporte generado para Coca Cola GU: Merpes 1.5/27h (5.6%), Zoftinium 1.8/14h (12.9%), Diseño 6/31 piezas (19.4%)
2025-12-16 17:06:04,021 - INFO - Reporte generado para Coca Cola PA: Merpes 0.0/15h (0.0%), Zoftinium 0.0/6h (0.0%), Diseño 0/8 piezas (0.0%)
2025-12-16 17:06:04,022 - INFO - Reporte generado para Diageo CA: Merpes 0.0/8h (0.0%), Zoftinium 0.0/3h (0.0%), Diseño 0/12 piezas (0.0%)
2025-12-16 17:06:04,022 - INFO - Reporte generado para Diageo CO: Merpes 0.5/10h (5.0%), Zoftinium 0.0/5h (0.0%), Diseño 3/14 piezas (21.4%)
2025-12-16 17:06:04,023 - INFO - Reporte generado para Diversey CO: Merpes 0.0/3h (0.0%), Zoftinium 0.0/3h (0.0%), Diseño 0/6 piezas (0.0%)
2025-12-16 17:06:04,024 - INFO - Reporte generado para Dos Pinos CR: Merpes 0.6/10h (6.0%), Zoftinium 1.85/4h (46.2%), Diseño 0/15 piezas (0.0%)
2025-12-16 17:06:04,024 - INFO - Reporte generado para Gases del oriente CO: Merpes 0.5/8h (6.2%), Zoftinium 0.7/5h (14.0%), Diseño 0/10 piezas (0.0%)
2025-12-16 17:06:04,025 - INFO - Reporte generado para Gloria CO: Merpes 0.5/15h (3.3%), Zoftinium 0.0/5h (0.0%), Diseño 0/20 piezas (0.0%)
2025-12-16 17:06:04,025 - INFO - Reporte generado para Grupo Diana CO: Merpes 0.9/8h (11.2%), Zoftinium 3.55/4h (88.8%), Diseño 0/7 piezas (0.0%)
2025-12-16 17:06:04,026 - INFO - Reporte generado para Impocali CO: Merpes 0.0/8h (0.0%), Zoftinium 0.0/4h (0.0%), Diseño 0/8 piezas (0.0%)
2025-12-16 17:06:04,027 - INFO - Reporte generado para Juan Valdez CO: Merpes 0.0/8h (0.0%), Zoftinium 0.0/3h (0.0%), Diseño 0/0 piezas (0.0%)
2025-12-16 17:06:04,027 - INFO - Reporte generado para Kimberly Clark CO: Merpes 0.0/6h (0.0%), Zoftinium 0.65/4h (16.2%), Diseño 4/8 piezas (50.0%)
2025-12-16 17:06:04,028 - INFO - Reporte generado para Kimberly Clark PE: Merpes 0.0/2h (0.0%), Zoftinium 0.0/2h (0.0%), Diseño 0/7 piezas (0.0%)
2025-12-16 17:06:04,029 - INFO - Reporte generado para Mabe CO: Merpes 2.3/25h (9.2%), Zoftinium 2.1/8h (26.2%), Diseño 0/0 piezas (0.0%)
2025-12-16 17:06:04,029 - INFO - Reporte generado para Mabe EC: Merpes 1.5/15h (10.0%), Zoftinium 3.0/4h (75.0%), Diseño 0/0 piezas (0.0%)
2025-12-16 17:06:04,030 - INFO - Reporte generado para Mabe PE: Merpes 0.0/15h (0.0%), Zoftinium 0.0/4h (0.0%), Diseño 0/0 piezas (0.0%)
2025-12-16 17:06:04,031 - INFO - Reporte generado para Newell CO: Merpes 0.3/8h (3.8%), Zoftinium 0.75/4h (18.8%), Diseño 5/12 piezas (41.7%)
2025-12-16 17:06:04,031 - INFO - Reporte generado para Opella CO: Merpes 0.0/17h (0.0%), Zoftinium 0.0/8h (0.0%), Diseño 2/5 piezas (40.0%)
2025-12-16 17:06:04,032 - INFO - Reporte generado para Papeles Nacionales: Merpes 0.0/4h (0.0%), Zoftinium 0.0/8h (0.0%), Diseño 0/4 piezas (0.0%)
2025-12-16 17:06:04,033 - INFO - Reporte generado para Reckitt CO: Merpes 0.0/2h (0.0%), Zoftinium 0.0/4h (0.0%), Diseño 4/7 piezas (57.1%)
2025-12-16 17:06:04,033 - INFO - Reporte generado para Softys CO: Merpes 0.0/8h (0.0%), Zoftinium 0.0/3h (0.0%), Diseño 0/8 piezas (0.0%)
2025-12-16 17:06:04,034 - INFO - Reporte generado para Splenda CO: Merpes 0.0/40h (0.0%), Zoftinium 0.0/15h (0.0%), Diseño 0/7 piezas (0.0%)
2025-12-16 17:06:04,034 - INFO - Reporte generado para Team Foods CO: Merpes 0.0/0h (0.0%), Zoftinium 0.0/0h (0.0%), Diseño 0/0 piezas (0.0%)
2025-12-16 17:06:04,035 - INFO - Reporte generado para Vanti CO: Merpes 0.0/4h (0.0%), Zoftinium 0.0/3h (0.0%), Diseño 1/14 piezas (7.1%)
2025-12-16 17:06:04,036 - INFO - Reporte generado para Wavin Pavco CO: Merpes 0.6/5h (12.0%), Zoftinium 0.0/4h (0.0%), Diseño 7/9 piezas (77.8%)
2025-12-16 17:06:04,036 - INFO - Reporte generado para Bavaria CO: Merpes 2.8/20h (14.0%), Zoftinium 1.55/12h (12.9%), Diseño 5/10 piezas (50.0%)
2025-12-16 17:06:04,037 - INFO - Reporte generado para Casa Luker CO: Merpes 2.6/2h (130.0%), Zoftinium 0.0/2h (0.0%), Diseño 0/0 piezas (0.0%)
2025-12-16 17:06:04,038 - INFO - Reporte generado para Terpel CO: Merpes 3.0/9h (33.3%), Zoftinium 0.0/9h (0.0%), Diseño 0/0 piezas (0.0%)
2025-12-16 17:06:04,038 - INFO - Se generaron 34 reportes mensuales
2025-12-16 17:06:04,041 - WARNING - Imagen no encontrada: MAIL-REPORTE_06.png
2025-12-16 17:06:06,200 - INFO - Email enviado exitosamente a: a.sosa@grupomerpes.com, asistentecomercial16@grupomerpes.com, c.calderon@grupomerpes.com
2025-12-16 17:06:07,202 - WARNING - Imagen no encontrada: MAIL-REPORTE_06.png
2025-12-16 17:06:08,910 - INFO - Email enviado exitosamente a: v.zamudio@grupomerpes.com, j.corrales@grupomerpes.com
2025-12-16 17:06:09,912 - WARNING - Imagen no encontrada: MAIL-REPORTE_06.png
2025-12-16 17:06:12,104 - INFO - Email enviado exitosamente a: l.rojas@grupomerpes.com, l.castaneda@grupomerpes.com
2025-12-16 17:06:13,107 - WARNING - Imagen no encontrada: MAIL-REPORTE_06.png
2025-12-16 17:06:16,552 - INFO - Email enviado exitosamente a: a.sosa@grupomerpes.com, asistentecomercial16@grupomerpes.com, c.calderon@grupomerpes.com
2025-12-16 17:06:17,555 - WARNING - Imagen no encontrada: MAIL-REPORTE_06.png
2025-12-16 17:06:19,530 - INFO - Email enviado exitosamente a: l.castro@grupomerpes.com, c.calderon@grupomerpes.com, asistentecomercial13@grupomerpes.com
2025-12-16 17:06:20,533 - WARNING - Imagen no encontrada: MAIL-REPORTE_06.png
2025-12-16 17:06:22,283 - INFO - Email enviado exitosamente a: comercialcr@grupomerpes.com, operacionescr@grupomerpes.com
2025-12-16 17:06:23,285 - WARNING - Imagen no encontrada: MAIL-REPORTE_06.png
2025-12-16 17:06:26,042 - INFO - Email enviado exitosamente a: j.corrales@grupomerpes.com, v.zamudio@grupomerpes.com, comercialgt@grupomerpes.com, operaciones.gt@grupomerpes.com
2025-12-16 17:06:27,044 - WARNING - Imagen no encontrada: MAIL-REPORTE_06.png
2025-12-16 17:06:30,453 - INFO - Email enviado exitosamente a: l.ortega@grupomerpes.com, v.zamudio@grupomerpes.com
2025-12-16 17:06:31,455 - WARNING - Imagen no encontrada: MAIL-REPORTE_06.png
2025-12-16 17:06:33,129 - INFO - Email enviado exitosamente a: v.zamudio@grupomerpes.com, j.corrales@grupomerpes.com
2025-12-16 17:06:34,131 - WARNING - Imagen no encontrada: MAIL-REPORTE_06.png
2025-12-16 17:06:36,114 - INFO - Email enviado exitosamente a: ks.gualdron@grupomerpes.com, asistentecomercial10@grupomerpes.com, l.castaneda@grupomerpes.com
2025-12-16 17:06:37,117 - WARNING - Imagen no encontrada: MAIL-REPORTE_06.png
2025-12-16 17:06:38,806 - INFO - Email enviado exitosamente a: c.calderon@grupomerpes.com, v.zamudio@grupomerpes.com
2025-12-16 17:06:39,808 - WARNING - Imagen no encontrada: MAIL-REPORTE_06.png
2025-12-16 17:06:41,713 - INFO - Email enviado exitosamente a: comercialcr@grupomerpes.com, operacionescr@grupomerpes.com
2025-12-16 17:06:42,715 - WARNING - Imagen no encontrada: MAIL-REPORTE_06.png
2025-12-16 17:06:44,809 - INFO - Email enviado exitosamente a: c.calderon@grupomerpes.com, v.zamudio@grupomerpes.com
2025-12-16 17:06:45,812 - WARNING - Imagen no encontrada: MAIL-REPORTE_06.png
2025-12-16 17:06:47,640 - INFO - Email enviado exitosamente a: e.munoz@grupomerpes.com, w.valbuena@grupomerpes.com, asistentecomercial23@grupomerpes.com
2025-12-16 17:06:48,643 - WARNING - Imagen no encontrada: MAIL-REPORTE_06.png
2025-12-16 17:06:50,515 - INFO - Email enviado exitosamente a: e.munoz@grupomerpes.com, w.valbuena@grupomerpes.com, asistentecomercial23@grupomerpes.com
2025-12-16 17:06:51,517 - WARNING - Imagen no encontrada: MAIL-REPORTE_06.png
2025-12-16 17:06:53,486 - INFO - Email enviado exitosamente a: a.sosa@grupomerpes.com, asistentecomercial16@grupomerpes.com, c.calderon@grupomerpes.com
2025-12-16 17:06:54,489 - WARNING - Imagen no encontrada: MAIL-REPORTE_06.png
2025-12-16 17:06:56,461 - INFO - Email enviado exitosamente a: l.castro@grupomerpes.com, c.calderon@grupomerpes.com, asistentecomercial13@grupomerpes.com
2025-12-16 17:06:57,463 - WARNING - Imagen no encontrada: MAIL-REPORTE_06.png
2025-12-16 17:07:00,322 - INFO - Email enviado exitosamente a: c.bejarano@grupomerpes.com, l.castaneda@grupomerpes.com, desarrolloweb@grupomerpes.com
2025-12-16 17:07:01,324 - WARNING - Imagen no encontrada: MAIL-REPORTE_06.png
2025-12-16 17:07:03,572 - INFO - Email enviado exitosamente a: ejecutivo.b2b@grupomerpes.com.pe, ejecutivo.fidelizacion@grupomerpes.com.pe
2025-12-16 17:07:04,574 - WARNING - Imagen no encontrada: MAIL-REPORTE_06.png
2025-12-16 17:07:06,464 - INFO - Email enviado exitosamente a: m.zamudio@grupomerpes.com, asistentecomercial22@grupomerpes.com, w.valbuena@grupomerpes.com
2025-12-16 17:07:07,465 - WARNING - Imagen no encontrada: MAIL-REPORTE_06.png
2025-12-16 17:07:10,010 - INFO - Email enviado exitosamente a: i.garcia@grupomerpes.com, asistentecomercial6@grupomerpes.com, w.valbuena@grupomerpes.com
2025-12-16 17:07:11,012 - WARNING - Imagen no encontrada: MAIL-REPORTE_06.png
2025-12-16 17:07:13,503 - INFO - Email enviado exitosamente a: ejecutivo.b2b@grupomerpes.com.pe, w.valbuena@grupomerpes.com
2025-12-16 17:07:14,506 - WARNING - Imagen no encontrada: MAIL-REPORTE_06.png
2025-12-16 17:07:16,952 - INFO - Email enviado exitosamente a: c.calderon@grupomerpes.com, p.moreno@grupomerpes.com, asistentecomercial16@grupomerpes.com
2025-12-16 17:07:17,954 - WARNING - Imagen no encontrada: MAIL-REPORTE_06.png
2025-12-16 17:07:20,414 - INFO - Email enviado exitosamente a: l.chala@grupomerpes.com, asistentecomercial11@grupomerpes.com, l.castaneda@grupomerpes.com
2025-12-16 17:07:21,416 - WARNING - Imagen no encontrada: MAIL-REPORTE_06.png
2025-12-16 17:07:23,910 - INFO - Email enviado exitosamente a: c.calderon@grupomerpes.com, v.zamudio@grupomerpes.com
2025-12-16 17:07:24,912 - WARNING - Imagen no encontrada: MAIL-REPORTE_06.png
2025-12-16 17:07:27,370 - INFO - Email enviado exitosamente a: l.rojas@grupomerpes.com, l.castaneda@grupomerpes.com, jefediseno@grupomerpes.com
2025-12-16 17:07:28,372 - WARNING - Imagen no encontrada: MAIL-REPORTE_06.png
2025-12-16 17:07:30,653 - INFO - Email enviado exitosamente a: e.munoz@grupomerpes.com, w.valbuena@grupomerpes.com, asistentecomercial23@grupomerpes.com
2025-12-16 17:07:31,656 - WARNING - Imagen no encontrada: MAIL-REPORTE_06.png
2025-12-16 17:07:34,039 - INFO - Email enviado exitosamente a: ks.gualdron@grupomerpes.com, asistentecomercial10@grupomerpes.com, l.castaneda@grupomerpes.com
2025-12-16 17:07:35,040 - WARNING - Imagen no encontrada: MAIL-REPORTE_06.png
2025-12-16 17:07:37,511 - INFO - Email enviado exitosamente a: i.garcia@grupomerpes.com, asistentecomercial6@grupomerpes.com, w.valbuena@grupomerpes.com
2025-12-16 17:07:38,513 - WARNING - Imagen no encontrada: MAIL-REPORTE_06.png
2025-12-16 17:07:40,811 - INFO - Email enviado exitosamente a: i.garcia@grupomerpes.com, asistentecomercial6@grupomerpes.com, w.valbuena@grupomerpes.com
2025-12-16 17:07:41,812 - WARNING - Imagen no encontrada: MAIL-REPORTE_06.png
2025-12-16 17:07:43,975 - INFO - Email enviado exitosamente a: c.bejarano@grupomerpes.com, l.castaneda@grupomerpes.com
2025-12-16 17:07:44,977 - WARNING - Imagen no encontrada: MAIL-REPORTE_06.png
2025-12-16 17:07:47,175 - INFO - Email enviado exitosamente a: j.moreno@grupomerpes.com, d.grisales@grupomerpes.com
2025-12-16 17:07:48,178 - WARNING - Imagen no encontrada: MAIL-REPORTE_06.png
2025-12-16 17:07:50,344 - INFO - Email enviado exitosamente a: j.triana@grupomerpes.com, d.grisales@grupomerpes.com
2025-12-16 17:07:51,346 - WARNING - Imagen no encontrada: MAIL-REPORTE_06.png
2025-12-16 17:07:53,514 - INFO - Email enviado exitosamente a: j.triana@grupomerpes.com, d.grisales@grupomerpes.com
2025-12-16 17:07:54,515 - INFO - === RESUMEN DE EJECUCIÓN ===
2025-12-16 17:07:54,515 - INFO - Total de reportes generados: 34
2025-12-16 17:07:54,516 - INFO - Emails enviados exitosamente: 34
2025-12-16 17:07:54,516 - INFO - Errores en envío: 0
2025-12-16 17:07:54,516 - INFO - Clientes procesados: Apex CO, Apex MX, Beiersdorf CO, Black & Decker CO, Coca Cola CO, Coca Cola CR, Coca Cola GU, Coca Cola PA, Diageo CA, Diageo CO, Diversey CO, Dos Pinos CR, Gases del oriente CO, Gloria CO, Grupo Diana CO, Impocali CO, Juan Valdez CO, Kimberly Clark CO, Kimberly Clark PE, Mabe CO, Mabe EC, Mabe PE, Newell CO, Opella CO, Papeles Nacionales, Reckitt CO, Softys CO, Splenda CO, Team Foods CO, Vanti CO, Wavin Pavco CO, Bavaria CO, Casa Luker CO, Terpel CO
2025-12-16 17:07:54,517 - INFO - Archivo temporal eliminado
2026-01-05 08:28:03,886 - INFO - === INICIANDO MONITOREO DE CAMPAÑAS ===
2026-01-05 08:28:03,887 - INFO - Leyendo datos del archivo consolidado de horas soporte
2026-01-05 08:28:03,898 - INFO - Columnas mapeadas: {'DICIEMBRE': 'CLIENTE', 'Unnamed: 1': 'AREA_CAMPAÑA', 'Horas Soporte Merpes': 'HORAS_MERPES_ASIGNADAS', 'Unnamed: 3': 'HORAS_MERPES_CONSUMIDAS', 'Unnamed: 4': 'HORAS_MERPES_DISPONIBLES', 'Horas Soporte Zoftinium': 'HORAS_ZOFTINIUM_ASIGNADAS', 'Unnamed: 6': 'HORAS_ZOFTINIUM_CONSUMIDAS', 'Unnamed: 7': 'HORAS_ZOFTINIUM_DISPONIBLES', 'Piezas diseño': 'PIEZAS_DISEÑO_ASIGNADAS', 'Unnamed: 9': 'PIEZAS_DISEÑO_CONSUMIDAS', 'Unnamed: 10': 'PIEZAS_DISEÑO_DISPONIBLES', 'Correos': 'CORREOS'}
2026-01-05 08:28:03,902 - INFO - Columna 'HORAS_MERPES_ASIGNADAS' convertida a numérica
2026-01-05 08:28:03,903 - INFO - Columna 'HORAS_MERPES_CONSUMIDAS' convertida a numérica
2026-01-05 08:28:03,904 - INFO - Columna 'HORAS_ZOFTINIUM_ASIGNADAS' convertida a numérica
2026-01-05 08:28:03,904 - INFO - Columna 'HORAS_ZOFTINIUM_CONSUMIDAS' convertida a numérica
2026-01-05 08:28:03,905 - INFO - Columna 'PIEZAS_DISEÑO_ASIGNADAS' convertida a numérica
2026-01-05 08:28:03,905 - INFO - Columna 'PIEZAS_DISEÑO_CONSUMIDAS' convertida a numérica
2026-01-05 08:28:03,907 - INFO - Datos leídos exitosamente. Total clientes: 43
2026-01-05 08:28:03,910 - INFO - Mapeo de correos cargado: 34 clientes con correos definidos
2026-01-05 08:28:03,910 - INFO -   • Apex CO: a.sosa@grupomerpes.com, asistentecomercial16@grupomerpes.com, c.calderon@grupomerpes.com
2026-01-05 08:28:03,910 - INFO -   • Apex MX: v.zamudio@grupomerpes.com, j.corrales@grupomerpes.com
2026-01-05 08:28:03,911 - INFO -   • Beiersdorf CO: l.rojas@grupomerpes.com, l.castaneda@grupomerpes.com
2026-01-05 08:28:03,911 - INFO -   • Black & Decker CO: a.sosa@grupomerpes.com, asistentecomercial16@grupomerpes.com, c.calderon@grupomerpes.com
2026-01-05 08:28:03,911 - INFO -   • Coca Cola CO: l.castro@grupomerpes.com, c.calderon@grupomerpes.com, asistentecomercial13@grupomerpes.com
2026-01-05 08:28:03,912 - INFO -   • Coca Cola CR: comercialcr@grupomerpes.com, operacionescr@grupomerpes.com
2026-01-05 08:28:03,912 - INFO -   • Coca Cola GU: j.corrales@grupomerpes.com, v.zamudio@grupomerpes.com, comercialgt@grupomerpes.com, operaciones.gt@grupomerpes.com
2026-01-05 08:28:03,912 - INFO -   • Coca Cola PA: l.ortega@grupomerpes.com, v.zamudio@grupomerpes.com, desarrolloweb@grupomerpes.com
2026-01-05 08:28:03,912 - INFO -   • Diageo CA: v.zamudio@grupomerpes.com, j.corrales@grupomerpes.com
2026-01-05 08:28:03,912 - INFO -   • Diageo CO: ks.gualdron@grupomerpes.com, asistentecomercial10@grupomerpes.com, l.castaneda@grupomerpes.com
2026-01-05 08:28:03,913 - INFO -   • Diversey CO: c.calderon@grupomerpes.com, v.zamudio@grupomerpes.com
2026-01-05 08:28:03,913 - INFO -   • Dos Pinos CR: comercialcr@grupomerpes.com, operacionescr@grupomerpes.com
2026-01-05 08:28:03,913 - INFO -   • Gases del oriente CO: c.calderon@grupomerpes.com, v.zamudio@grupomerpes.com, jefediseno@grupomerpes.com
2026-01-05 08:28:03,913 - INFO -   • Gloria CO: e.munoz@grupomerpes.com, w.valbuena@grupomerpes.com, asistentecomercial23@grupomerpes.com
2026-01-05 08:28:03,913 - INFO -   • Grupo Diana CO: e.munoz@grupomerpes.com, w.valbuena@grupomerpes.com, asistentecomercial23@grupomerpes.com
2026-01-05 08:28:03,914 - INFO -   • Impocali CO: a.sosa@grupomerpes.com, asistentecomercial16@grupomerpes.com, c.calderon@grupomerpes.com
2026-01-05 08:28:03,914 - INFO -   • Juan Valdez CO: l.castro@grupomerpes.com, c.calderon@grupomerpes.com, asistentecomercial13@grupomerpes.com
2026-01-05 08:28:03,914 - INFO -   • Kimberly Clark CO: c.bejarano@grupomerpes.com, l.castaneda@grupomerpes.com
2026-01-05 08:28:03,914 - INFO -   • Kimberly Clark PE: ejecutivo.b2b@grupomerpes.com.pe, ejecutivo.fidelizacion@grupomerpes.com.pe
2026-01-05 08:28:03,914 - INFO -   • Mabe CO: m.zamudio@grupomerpes.com, asistentecomercial22@grupomerpes.com, w.valbuena@grupomerpes.com
2026-01-05 08:28:03,914 - INFO -   • Mabe EC: i.garcia@grupomerpes.com, asistentecomercial6@grupomerpes.com, w.valbuena@grupomerpes.com
2026-01-05 08:28:03,914 - INFO -   • Mabe PE: ejecutivo.b2b@grupomerpes.com.pe, w.valbuena@grupomerpes.com
2026-01-05 08:28:03,914 - INFO -   • Newell CO: c.calderon@grupomerpes.com, p.moreno@grupomerpes.com, asistentecomercial16@grupomerpes.com
2026-01-05 08:28:03,914 - INFO -   • Opella CO: l.chala@grupomerpes.com, asistentecomercial11@grupomerpes.com, l.castaneda@grupomerpes.com
2026-01-05 08:28:03,914 - INFO -   • Papeles Nacionales: c.calderon@grupomerpes.com, v.zamudio@grupomerpes.com
2026-01-05 08:28:03,915 - INFO -   • Reckitt CO: l.rojas@grupomerpes.com, l.castaneda@grupomerpes.com
2026-01-05 08:28:03,915 - INFO -   • Softys CO: e.munoz@grupomerpes.com, w.valbuena@grupomerpes.com, asistentecomercial23@grupomerpes.com
2026-01-05 08:28:03,915 - INFO -   • Splenda CO: ks.gualdron@grupomerpes.com, asistentecomercial10@grupomerpes.com, l.castaneda@grupomerpes.com
2026-01-05 08:28:03,915 - INFO -   • Team Foods CO: i.garcia@grupomerpes.com, asistentecomercial6@grupomerpes.com, w.valbuena@grupomerpes.com
2026-01-05 08:28:03,915 - INFO -   • Vanti CO: i.garcia@grupomerpes.com, asistentecomercial6@grupomerpes.com, w.valbuena@grupomerpes.com
2026-01-05 08:28:03,915 - INFO -   • Wavin Pavco CO: c.bejarano@grupomerpes.com, l.castaneda@grupomerpes.com
2026-01-05 08:28:03,915 - INFO -   • Bavaria CO: j.moreno@grupomerpes.com, d.grisales@grupomerpes.com
2026-01-05 08:28:03,915 - INFO -   • Casa Luker CO: j.triana@grupomerpes.com, d.grisales@grupomerpes.com
2026-01-05 08:28:03,915 - INFO -   • Terpel CO: j.triana@grupomerpes.com, d.grisales@grupomerpes.com
2026-01-05 08:28:03,917 - INFO - Reporte generado para Apex CO: Merpes 30.0/10h (300.0%), Zoftinium 4.35/3h (145.0%), Diseño 0/14 piezas (0.0%)
2026-01-05 08:28:03,918 - INFO - Reporte generado para Apex MX: Merpes 1.8/6h (30.0%), Zoftinium 0.0/3h (0.0%), Diseño 0/14 piezas (0.0%)
2026-01-05 08:28:03,918 - INFO - Reporte generado para Beiersdorf CO: Merpes 0.0/3h (0.0%), Zoftinium 0.0/2h (0.0%), Diseño 8/10 piezas (80.0%)
2026-01-05 08:28:03,919 - INFO - Reporte generado para Black & Decker CO: Merpes 0.3/11h (2.7%), Zoftinium 0.0/6h (0.0%), Diseño 0/9 piezas (0.0%)
2026-01-05 08:28:03,919 - INFO - Reporte generado para Coca Cola CO: Merpes 0.5/8h (6.2%), Zoftinium 0.0/4h (0.0%), Diseño 0/8 piezas (0.0%)
2026-01-05 08:28:03,920 - INFO - Reporte generado para Coca Cola CR: Merpes 0.0/7h (0.0%), Zoftinium 0.0/3h (0.0%), Diseño 0/15 piezas (0.0%)
2026-01-05 08:28:03,921 - INFO - Reporte generado para Coca Cola GU: Merpes 5.0/27h (18.5%), Zoftinium 3.8/14h (27.1%), Diseño 6/31 piezas (19.4%)
2026-01-05 08:28:03,921 - INFO - Reporte generado para Coca Cola PA: Merpes 0.0/15h (0.0%), Zoftinium 0.0/6h (0.0%), Diseño 0/8 piezas (0.0%)
2026-01-05 08:28:03,922 - INFO - Reporte generado para Diageo CA: Merpes 0.0/8h (0.0%), Zoftinium 0.0/3h (0.0%), Diseño 0/12 piezas (0.0%)
2026-01-05 08:28:03,923 - INFO - Reporte generado para Diageo CO: Merpes 1.0/10h (10.0%), Zoftinium 0.85/5h (17.0%), Diseño 3/14 piezas (21.4%)
2026-01-05 08:28:03,923 - INFO - Reporte generado para Diversey CO: Merpes 0.0/3h (0.0%), Zoftinium 0.0/3h (0.0%), Diseño 0/6 piezas (0.0%)
2026-01-05 08:28:03,924 - INFO - Reporte generado para Dos Pinos CR: Merpes 0.9/10h (9.0%), Zoftinium 2.7/4h (67.5%), Diseño 0/15 piezas (0.0%)
2026-01-05 08:28:03,925 - INFO - Reporte generado para Gases del oriente CO: Merpes 1.0/8h (12.5%), Zoftinium 2.9/5h (58.0%), Diseño 0/10 piezas (0.0%)
2026-01-05 08:28:03,925 - INFO - Reporte generado para Gloria CO: Merpes 2.1/15h (14.0%), Zoftinium 0.0/5h (0.0%), Diseño 0/20 piezas (0.0%)
2026-01-05 08:28:03,926 - INFO - Reporte generado para Grupo Diana CO: Merpes 2.8/8h (35.0%), Zoftinium 4.55/4h (113.8%), Diseño 0/7 piezas (0.0%)
2026-01-05 08:28:03,927 - INFO - Reporte generado para Impocali CO: Merpes 0.3/8h (3.8%), Zoftinium 0.0/4h (0.0%), Diseño 0/8 piezas (0.0%)
2026-01-05 08:28:03,927 - INFO - Reporte generado para Juan Valdez CO: Merpes 0.0/8h (0.0%), Zoftinium 0.0/3h (0.0%), Diseño 0/0 piezas (0.0%)
2026-01-05 08:28:03,928 - INFO - Reporte generado para Kimberly Clark CO: Merpes 0.6/6h (10.0%), Zoftinium 0.65/4h (16.2%), Diseño 4/8 piezas (50.0%)
2026-01-05 08:28:03,929 - INFO - Reporte generado para Kimberly Clark PE: Merpes 0.0/2h (0.0%), Zoftinium 0.0/2h (0.0%), Diseño 0/7 piezas (0.0%)
2026-01-05 08:28:03,930 - INFO - Reporte generado para Mabe CO: Merpes 3.8/25h (15.2%), Zoftinium 2.1/8h (26.2%), Diseño 0/0 piezas (0.0%)
2026-01-05 08:28:03,931 - INFO - Reporte generado para Mabe EC: Merpes 1.5/15h (10.0%), Zoftinium 3.0/4h (75.0%), Diseño 0/0 piezas (0.0%)
2026-01-05 08:28:03,931 - INFO - Reporte generado para Mabe PE: Merpes 0.0/15h (0.0%), Zoftinium 0.0/4h (0.0%), Diseño 0/0 piezas (0.0%)
2026-01-05 08:28:03,932 - INFO - Reporte generado para Newell CO: Merpes 0.8/8h (10.0%), Zoftinium 0.75/4h (18.8%), Diseño 5/12 piezas (41.7%)
2026-01-05 08:28:03,933 - INFO - Reporte generado para Opella CO: Merpes 1.3/17h (7.6%), Zoftinium 0.0/8h (0.0%), Diseño 2/5 piezas (40.0%)
2026-01-05 08:28:03,933 - INFO - Reporte generado para Papeles Nacionales: Merpes 0.0/4h (0.0%), Zoftinium 0.0/8h (0.0%), Diseño 0/4 piezas (0.0%)
2026-01-05 08:28:03,934 - INFO - Reporte generado para Reckitt CO: Merpes 0.0/2h (0.0%), Zoftinium 0.0/4h (0.0%), Diseño 4/7 piezas (57.1%)
2026-01-05 08:28:03,935 - INFO - Reporte generado para Softys CO: Merpes 0.3/8h (3.8%), Zoftinium 0.0/3h (0.0%), Diseño 0/8 piezas (0.0%)
2026-01-05 08:28:03,935 - INFO - Reporte generado para Splenda CO: Merpes 1.0/40h (2.5%), Zoftinium 0.0/15h (0.0%), Diseño 0/7 piezas (0.0%)
2026-01-05 08:28:03,936 - INFO - Reporte generado para Team Foods CO: Merpes 0.0/0h (0.0%), Zoftinium 0.0/0h (0.0%), Diseño 0/0 piezas (0.0%)
2026-01-05 08:28:03,937 - INFO - Reporte generado para Vanti CO: Merpes 0.0/4h (0.0%), Zoftinium 0.0/3h (0.0%), Diseño 1/14 piezas (7.1%)
2026-01-05 08:28:03,937 - INFO - Reporte generado para Wavin Pavco CO: Merpes 1.7/5h (34.0%), Zoftinium 0.0/4h (0.0%), Diseño 7/9 piezas (77.8%)
2026-01-05 08:28:03,938 - INFO - Reporte generado para Bavaria CO: Merpes 14.100000000000001/20h (70.5%), Zoftinium 2.55/12h (21.2%), Diseño 5/10 piezas (50.0%)
2026-01-05 08:28:03,938 - INFO - Reporte generado para Casa Luker CO: Merpes 2.6/2h (130.0%), Zoftinium 0.0/2h (0.0%), Diseño 0/0 piezas (0.0%)
2026-01-05 08:28:03,939 - INFO - Reporte generado para Terpel CO: Merpes 3.3/9h (36.7%), Zoftinium 0.0/9h (0.0%), Diseño 0/0 piezas (0.0%)
2026-01-05 08:28:03,939 - INFO - Se generaron 34 reportes mensuales
2026-01-05 08:28:03,950 - WARNING - Imagen no encontrada: MAIL-REPORTE_06.png
2026-01-05 08:28:07,572 - INFO - Email enviado exitosamente a: a.sosa@grupomerpes.com, asistentecomercial16@grupomerpes.com, c.calderon@grupomerpes.com
2026-01-05 08:28:08,574 - WARNING - Imagen no encontrada: MAIL-REPORTE_06.png
2026-01-05 08:28:12,444 - INFO - Email enviado exitosamente a: v.zamudio@grupomerpes.com, j.corrales@grupomerpes.com
2026-01-05 08:28:13,446 - WARNING - Imagen no encontrada: MAIL-REPORTE_06.png
2026-01-05 08:28:17,158 - INFO - Email enviado exitosamente a: l.rojas@grupomerpes.com, l.castaneda@grupomerpes.com
2026-01-05 08:28:18,161 - WARNING - Imagen no encontrada: MAIL-REPORTE_06.png
2026-01-05 08:28:21,076 - INFO - Email enviado exitosamente a: a.sosa@grupomerpes.com, asistentecomercial16@grupomerpes.com, c.calderon@grupomerpes.com
2026-01-05 08:28:22,078 - WARNING - Imagen no encontrada: MAIL-REPORTE_06.png
2026-01-05 08:28:24,361 - INFO - Email enviado exitosamente a: l.castro@grupomerpes.com, c.calderon@grupomerpes.com, asistentecomercial13@grupomerpes.com
2026-01-05 08:28:25,363 - WARNING - Imagen no encontrada: MAIL-REPORTE_06.png
2026-01-05 08:28:28,288 - INFO - Email enviado exitosamente a: comercialcr@grupomerpes.com, operacionescr@grupomerpes.com
2026-01-05 08:28:29,290 - WARNING - Imagen no encontrada: MAIL-REPORTE_06.png
2026-01-05 08:28:33,046 - INFO - Email enviado exitosamente a: j.corrales@grupomerpes.com, v.zamudio@grupomerpes.com, comercialgt@grupomerpes.com, operaciones.gt@grupomerpes.com
2026-01-05 08:28:34,048 - WARNING - Imagen no encontrada: MAIL-REPORTE_06.png
2026-01-05 08:28:36,993 - INFO - Email enviado exitosamente a: l.ortega@grupomerpes.com, v.zamudio@grupomerpes.com, desarrolloweb@grupomerpes.com
2026-01-05 08:28:37,996 - WARNING - Imagen no encontrada: MAIL-REPORTE_06.png
2026-01-05 08:28:41,561 - INFO - Email enviado exitosamente a: v.zamudio@grupomerpes.com, j.corrales@grupomerpes.com
2026-01-05 08:28:42,564 - WARNING - Imagen no encontrada: MAIL-REPORTE_06.png
2026-01-05 08:28:44,915 - INFO - Email enviado exitosamente a: ks.gualdron@grupomerpes.com, asistentecomercial10@grupomerpes.com, l.castaneda@grupomerpes.com
2026-01-05 08:28:45,917 - WARNING - Imagen no encontrada: MAIL-REPORTE_06.png
2026-01-05 08:28:49,890 - INFO - Email enviado exitosamente a: c.calderon@grupomerpes.com, v.zamudio@grupomerpes.com
2026-01-05 08:28:50,892 - WARNING - Imagen no encontrada: MAIL-REPORTE_06.png
2026-01-05 08:28:54,573 - INFO - Email enviado exitosamente a: comercialcr@grupomerpes.com, operacionescr@grupomerpes.com
2026-01-05 08:28:55,575 - WARNING - Imagen no encontrada: MAIL-REPORTE_06.png
2026-01-05 08:28:59,301 - INFO - Email enviado exitosamente a: c.calderon@grupomerpes.com, v.zamudio@grupomerpes.com, jefediseno@grupomerpes.com
2026-01-05 08:29:00,304 - WARNING - Imagen no encontrada: MAIL-REPORTE_06.png
2026-01-05 08:29:03,919 - INFO - Email enviado exitosamente a: e.munoz@grupomerpes.com, w.valbuena@grupomerpes.com, asistentecomercial23@grupomerpes.com
2026-01-05 08:29:04,922 - WARNING - Imagen no encontrada: MAIL-REPORTE_06.png
2026-01-05 08:29:07,225 - INFO - Email enviado exitosamente a: e.munoz@grupomerpes.com, w.valbuena@grupomerpes.com, asistentecomercial23@grupomerpes.com
2026-01-05 08:29:08,228 - WARNING - Imagen no encontrada: MAIL-REPORTE_06.png
2026-01-05 08:29:11,358 - INFO - Email enviado exitosamente a: a.sosa@grupomerpes.com, asistentecomercial16@grupomerpes.com, c.calderon@grupomerpes.com
2026-01-05 08:29:12,362 - WARNING - Imagen no encontrada: MAIL-REPORTE_06.png
2026-01-05 08:29:14,875 - INFO - Email enviado exitosamente a: l.castro@grupomerpes.com, c.calderon@grupomerpes.com, asistentecomercial13@grupomerpes.com
2026-01-05 08:29:15,879 - WARNING - Imagen no encontrada: MAIL-REPORTE_06.png
2026-01-05 08:29:18,892 - INFO - Email enviado exitosamente a: c.bejarano@grupomerpes.com, l.castaneda@grupomerpes.com
2026-01-05 08:29:19,895 - WARNING - Imagen no encontrada: MAIL-REPORTE_06.png
2026-01-05 08:29:22,207 - INFO - Email enviado exitosamente a: ejecutivo.b2b@grupomerpes.com.pe, ejecutivo.fidelizacion@grupomerpes.com.pe
2026-01-05 08:29:23,210 - WARNING - Imagen no encontrada: MAIL-REPORTE_06.png
2026-01-05 08:29:26,220 - INFO - Email enviado exitosamente a: m.zamudio@grupomerpes.com, asistentecomercial22@grupomerpes.com, w.valbuena@grupomerpes.com
2026-01-05 08:29:27,223 - WARNING - Imagen no encontrada: MAIL-REPORTE_06.png
2026-01-05 08:29:30,694 - INFO - Email enviado exitosamente a: i.garcia@grupomerpes.com, asistentecomercial6@grupomerpes.com, w.valbuena@grupomerpes.com
2026-01-05 08:29:31,696 - WARNING - Imagen no encontrada: MAIL-REPORTE_06.png
2026-01-05 08:29:35,265 - INFO - Email enviado exitosamente a: ejecutivo.b2b@grupomerpes.com.pe, w.valbuena@grupomerpes.com
2026-01-05 08:29:36,267 - WARNING - Imagen no encontrada: MAIL-REPORTE_06.png
2026-01-05 08:29:39,253 - INFO - Email enviado exitosamente a: c.calderon@grupomerpes.com, p.moreno@grupomerpes.com, asistentecomercial16@grupomerpes.com
2026-01-05 08:29:40,255 - WARNING - Imagen no encontrada: MAIL-REPORTE_06.png
2026-01-05 08:29:43,492 - INFO - Email enviado exitosamente a: l.chala@grupomerpes.com, asistentecomercial11@grupomerpes.com, l.castaneda@grupomerpes.com
2026-01-05 08:29:44,496 - WARNING - Imagen no encontrada: MAIL-REPORTE_06.png
2026-01-05 08:29:47,379 - INFO - Email enviado exitosamente a: c.calderon@grupomerpes.com, v.zamudio@grupomerpes.com
2026-01-05 08:29:48,382 - WARNING - Imagen no encontrada: MAIL-REPORTE_06.png
2026-01-05 08:29:52,004 - INFO - Email enviado exitosamente a: l.rojas@grupomerpes.com, l.castaneda@grupomerpes.com
2026-01-05 08:29:53,007 - WARNING - Imagen no encontrada: MAIL-REPORTE_06.png
2026-01-05 08:29:55,907 - INFO - Email enviado exitosamente a: e.munoz@grupomerpes.com, w.valbuena@grupomerpes.com, asistentecomercial23@grupomerpes.com
2026-01-05 08:29:56,910 - WARNING - Imagen no encontrada: MAIL-REPORTE_06.png
2026-01-05 08:30:00,516 - INFO - Email enviado exitosamente a: ks.gualdron@grupomerpes.com, asistentecomercial10@grupomerpes.com, l.castaneda@grupomerpes.com
2026-01-05 08:30:01,519 - WARNING - Imagen no encontrada: MAIL-REPORTE_06.png
2026-01-05 08:30:04,580 - INFO - Email enviado exitosamente a: i.garcia@grupomerpes.com, asistentecomercial6@grupomerpes.com, w.valbuena@grupomerpes.com
2026-01-05 08:30:05,584 - WARNING - Imagen no encontrada: MAIL-REPORTE_06.png
2026-01-05 08:30:09,281 - INFO - Email enviado exitosamente a: i.garcia@grupomerpes.com, asistentecomercial6@grupomerpes.com, w.valbuena@grupomerpes.com
2026-01-05 08:30:10,284 - WARNING - Imagen no encontrada: MAIL-REPORTE_06.png
2026-01-05 08:30:13,415 - INFO - Email enviado exitosamente a: c.bejarano@grupomerpes.com, l.castaneda@grupomerpes.com
2026-01-05 08:30:14,417 - WARNING - Imagen no encontrada: MAIL-REPORTE_06.png
2026-01-05 08:30:16,793 - INFO - Email enviado exitosamente a: j.moreno@grupomerpes.com, d.grisales@grupomerpes.com
2026-01-05 08:30:17,796 - WARNING - Imagen no encontrada: MAIL-REPORTE_06.png
2026-01-05 08:30:19,854 - INFO - Email enviado exitosamente a: j.triana@grupomerpes.com, d.grisales@grupomerpes.com
2026-01-05 08:30:20,857 - WARNING - Imagen no encontrada: MAIL-REPORTE_06.png
2026-01-05 08:30:24,703 - INFO - Email enviado exitosamente a: j.triana@grupomerpes.com, d.grisales@grupomerpes.com
2026-01-05 08:30:25,704 - INFO - === RESUMEN DE EJECUCIÓN ===
2026-01-05 08:30:25,705 - INFO - Total de reportes generados: 34
2026-01-05 08:30:25,705 - INFO - Emails enviados exitosamente: 34
2026-01-05 08:30:25,706 - INFO - Errores en envío: 0
2026-01-05 08:30:25,706 - INFO - Clientes procesados: Apex CO, Apex MX, Beiersdorf CO, Black & Decker CO, Coca Cola CO, Coca Cola CR, Coca Cola GU, Coca Cola PA, Diageo CA, Diageo CO, Diversey CO, Dos Pinos CR, Gases del oriente CO, Gloria CO, Grupo Diana CO, Impocali CO, Juan Valdez CO, Kimberly Clark CO, Kimberly Clark PE, Mabe CO, Mabe EC, Mabe PE, Newell CO, Opella CO, Papeles Nacionales, Reckitt CO, Softys CO, Splenda CO, Team Foods CO, Vanti CO, Wavin Pavco CO, Bavaria CO, Casa Luker CO, Terpel CO
2026-01-05 08:30:25,708 - INFO - Archivo temporal eliminado
2026-03-12 15:36:55,527 - INFO - === INICIANDO MONITOREO DE CAMPAÑAS ===
2026-03-12 15:36:55,529 - INFO - Leyendo datos del archivo consolidado de horas soporte
2026-03-12 15:36:55,540 - INFO - Columnas mapeadas: {'Unnamed: 1': 'AREA_CAMPAÑA', 'Horas Soporte Merpes': 'HORAS_MERPES_ASIGNADAS', 'Unnamed: 3': 'HORAS_MERPES_CONSUMIDAS', 'Unnamed: 4': 'HORAS_MERPES_DISPONIBLES', 'Horas Soporte Zoftinium': 'HORAS_ZOFTINIUM_ASIGNADAS', 'Unnamed: 6': 'HORAS_ZOFTINIUM_CONSUMIDAS', 'Unnamed: 7': 'HORAS_ZOFTINIUM_DISPONIBLES', 'Piezas diseño': 'PIEZAS_DISEÑO_ASIGNADAS', 'Unnamed: 9': 'PIEZAS_DISEÑO_CONSUMIDAS', 'Unnamed: 10': 'PIEZAS_DISEÑO_DISPONIBLES', 'Correos': 'CORREOS'}
2026-03-12 15:36:55,540 - ERROR - Error al leer los datos de consumo: 'CLIENTE'
2026-03-12 15:36:55,540 - ERROR - Error en la ejecución del monitoreo: 'CLIENTE'
2026-03-13 07:47:55,118 - INFO - === INICIANDO MONITOREO DE CAMPAÑAS ===
2026-03-13 07:47:55,120 - INFO - Leyendo datos del archivo consolidado de horas soporte
2026-03-13 07:47:55,131 - INFO - Columnas mapeadas: {'Unnamed: 1': 'AREA_CAMPAÑA', 'Horas Soporte Merpes': 'HORAS_MERPES_ASIGNADAS', 'Unnamed: 3': 'HORAS_MERPES_CONSUMIDAS', 'Unnamed: 4': 'HORAS_MERPES_DISPONIBLES', 'Horas Soporte Zoftinium': 'HORAS_ZOFTINIUM_ASIGNADAS', 'Unnamed: 6': 'HORAS_ZOFTINIUM_CONSUMIDAS', 'Unnamed: 7': 'HORAS_ZOFTINIUM_DISPONIBLES', 'Piezas diseño': 'PIEZAS_DISEÑO_ASIGNADAS', 'Unnamed: 9': 'PIEZAS_DISEÑO_CONSUMIDAS', 'Unnamed: 10': 'PIEZAS_DISEÑO_DISPONIBLES', 'Correos': 'CORREOS'}
2026-03-13 07:47:55,131 - ERROR - Error al leer los datos de consumo: 'CLIENTE'
2026-03-13 07:47:55,131 - ERROR - Error en la ejecución del monitoreo: 'CLIENTE'
2026-03-13 07:52:00,974 - INFO - === INICIANDO MONITOREO DE CAMPAÑAS ===
2026-03-13 07:52:00,974 - INFO - Leyendo datos del archivo consolidado de horas soporte
2026-03-13 07:52:00,984 - INFO - Columnas mapeadas: {'Unnamed: 1': 'AREA_CAMPAÑA', 'Horas Soporte Merpes': 'HORAS_MERPES_ASIGNADAS', 'Unnamed: 3': 'HORAS_MERPES_CONSUMIDAS', 'Unnamed: 4': 'HORAS_MERPES_DISPONIBLES', 'Horas Soporte Zoftinium': 'HORAS_ZOFTINIUM_ASIGNADAS', 'Unnamed: 6': 'HORAS_ZOFTINIUM_CONSUMIDAS', 'Unnamed: 7': 'HORAS_ZOFTINIUM_DISPONIBLES', 'Piezas diseño': 'PIEZAS_DISEÑO_ASIGNADAS', 'Unnamed: 9': 'PIEZAS_DISEÑO_CONSUMIDAS', 'Unnamed: 10': 'PIEZAS_DISEÑO_DISPONIBLES', 'Correos': 'CORREOS'}
2026-03-13 07:52:00,984 - ERROR - Error al leer los datos de consumo: 'CLIENTE'
2026-03-13 07:52:00,984 - ERROR - Error en la ejecución del monitoreo: 'CLIENTE'
2026-03-13 07:52:28,862 - INFO - === INICIANDO MONITOREO DE CAMPAÑAS ===
2026-03-13 07:52:28,862 - INFO - Leyendo datos del archivo consolidado de horas soporte
2026-03-13 07:52:28,871 - INFO - Columnas mapeadas: {'Unnamed: 1': 'AREA_CAMPAÑA', 'Horas Soporte Merpes': 'HORAS_MERPES_ASIGNADAS', 'Unnamed: 3': 'HORAS_MERPES_CONSUMIDAS', 'Unnamed: 4': 'HORAS_MERPES_DISPONIBLES', 'Horas Soporte Zoftinium': 'HORAS_ZOFTINIUM_ASIGNADAS', 'Unnamed: 6': 'HORAS_ZOFTINIUM_CONSUMIDAS', 'Unnamed: 7': 'HORAS_ZOFTINIUM_DISPONIBLES', 'Piezas diseño': 'PIEZAS_DISEÑO_ASIGNADAS', 'Unnamed: 9': 'PIEZAS_DISEÑO_CONSUMIDAS', 'Unnamed: 10': 'PIEZAS_DISEÑO_DISPONIBLES', 'Correos': 'CORREOS'}
2026-03-13 07:52:28,871 - ERROR - Error al leer los datos de consumo: 'CLIENTE'
2026-03-13 07:52:28,872 - ERROR - Error en la ejecución del monitoreo: 'CLIENTE'
2026-03-13 07:54:53,524 - INFO - === INICIANDO MONITOREO DE CAMPAÑAS ===
2026-03-13 07:54:53,525 - INFO - Leyendo datos del archivo consolidado de horas soporte
2026-03-13 07:54:53,535 - INFO - Columnas mapeadas: {}
2026-03-13 07:54:53,536 - INFO - Columna 'HORAS_MERPES_ASIGNADAS' creada con valor por defecto: 0
2026-03-13 07:54:53,537 - INFO - Columna 'HORAS_MERPES_CONSUMIDAS' creada con valor por defecto: 0
2026-03-13 07:54:53,537 - INFO - Columna 'HORAS_ZOFTINIUM_ASIGNADAS' creada con valor por defecto: 0
2026-03-13 07:54:53,537 - INFO - Columna 'HORAS_ZOFTINIUM_CONSUMIDAS' creada con valor por defecto: 0
2026-03-13 07:54:53,538 - INFO - Columna 'PIEZAS_DISEÑO_ASIGNADAS' creada con valor por defecto: 0
2026-03-13 07:54:53,538 - INFO - Columna 'PIEZAS_DISEÑO_CONSUMIDAS' creada con valor por defecto: 0
2026-03-13 07:54:53,539 - INFO - Datos leídos exitosamente. Total Clientes: 44
2026-03-13 07:54:53,539 - ERROR - Error al cargar mapeo de correos: 'CORREOS'
2026-03-13 07:54:53,539 - INFO - Se generaron 0 reportes mensuales
2026-03-13 07:54:53,539 - INFO - No se encontraron Clientes con correos definidos para generar reportes
2026-03-13 10:42:52,249 - INFO - === INICIANDO MONITOREO DE CAMPAÑAS ===
2026-03-13 10:42:52,249 - INFO - Leyendo datos del archivo consolidado de horas soporte
2026-03-13 10:42:52,259 - INFO - Columnas mapeadas: {}
2026-03-13 10:42:52,261 - INFO - Columna 'HORAS_MERPES_ASIGNADAS' creada con valor por defecto: 0
2026-03-13 10:42:52,261 - INFO - Columna 'HORAS_MERPES_CONSUMIDAS' creada con valor por defecto: 0
2026-03-13 10:42:52,261 - INFO - Columna 'HORAS_ZOFTINIUM_ASIGNADAS' creada con valor por defecto: 0
2026-03-13 10:42:52,261 - INFO - Columna 'HORAS_ZOFTINIUM_CONSUMIDAS' creada con valor por defecto: 0
2026-03-13 10:42:52,262 - INFO - Columna 'PIEZAS_DISEÑO_ASIGNADAS' creada con valor por defecto: 0
2026-03-13 10:42:52,262 - INFO - Columna 'PIEZAS_DISEÑO_CONSUMIDAS' creada con valor por defecto: 0
2026-03-13 10:42:52,263 - INFO - Datos leídos exitosamente. Total Clientes: 44
2026-03-13 10:42:52,263 - ERROR - Error al cargar mapeo de correos: 'CORREOS'
2026-03-13 10:42:52,263 - INFO - Se generaron 0 reportes mensuales
2026-03-13 10:42:52,263 - INFO - No se encontraron Clientes con correos definidos para generar reportes
2026-03-13 10:59:06,507 - INFO - === INICIANDO MONITOREO DE CAMPAÑAS ===
2026-03-13 10:59:06,508 - INFO - Leyendo datos del archivo consolidado de horas soporte
2026-03-13 10:59:06,516 - INFO - Columnas mapeadas: {}
2026-03-13 10:59:06,517 - INFO - Columna 'HORAS_MERPES_ASIGNADAS' creada con valor por defecto: 0
2026-03-13 10:59:06,518 - INFO - Columna 'HORAS_MERPES_CONSUMIDAS' creada con valor por defecto: 0
2026-03-13 10:59:06,518 - INFO - Columna 'HORAS_ZOFTINIUM_ASIGNADAS' creada con valor por defecto: 0
2026-03-13 10:59:06,519 - INFO - Columna 'HORAS_ZOFTINIUM_CONSUMIDAS' creada con valor por defecto: 0
2026-03-13 10:59:06,519 - INFO - Columna 'PIEZAS_DISEÑO_ASIGNADAS' creada con valor por defecto: 0
2026-03-13 10:59:06,519 - INFO - Columna 'PIEZAS_DISEÑO_CONSUMIDAS' creada con valor por defecto: 0
2026-03-13 10:59:06,521 - INFO - Datos leídos exitosamente. Total Clientes: 44
2026-03-13 10:59:06,521 - ERROR - Error al cargar mapeo de correos: 'CORREOS'
2026-03-13 10:59:06,521 - INFO - Se generaron 0 reportes mensuales
2026-03-13 10:59:06,521 - INFO - No se encontraron Clientes con correos definidos para generar reportes
2026-03-13 16:49:27,675 - INFO - === INICIANDO MONITOREO DE CAMPAÑAS ===
2026-03-13 16:49:27,675 - INFO - Leyendo datos del archivo consolidado de horas soporte
2026-03-13 16:49:27,685 - INFO - Columnas mapeadas: {}
2026-03-13 16:49:27,686 - INFO - Columna 'HORAS_MERPES_ASIGNADAS' creada con valor por defecto: 0
2026-03-13 16:49:27,687 - INFO - Columna 'HORAS_MERPES_CONSUMIDAS' creada con valor por defecto: 0
2026-03-13 16:49:27,687 - INFO - Columna 'HORAS_ZOFTINIUM_ASIGNADAS' creada con valor por defecto: 0
2026-03-13 16:49:27,688 - INFO - Columna 'HORAS_ZOFTINIUM_CONSUMIDAS' creada con valor por defecto: 0
2026-03-13 16:49:27,688 - INFO - Columna 'PIEZAS_DISEÑO_ASIGNADAS' creada con valor por defecto: 0
2026-03-13 16:49:27,688 - INFO - Columna 'PIEZAS_DISEÑO_CONSUMIDAS' creada con valor por defecto: 0
2026-03-13 16:49:27,690 - INFO - Datos leídos exitosamente. Total Clientes: 44
2026-03-13 16:49:27,690 - ERROR - Error al cargar mapeo de correos: 'CORREOS'
2026-03-13 16:49:27,690 - INFO - Se generaron 0 reportes mensuales
2026-03-13 16:49:27,691 - INFO - No se encontraron Clientes con correos definidos para generar reportes
2026-03-13 16:52:52,103 - INFO - === INICIANDO MONITOREO DE CAMPAÑAS ===
2026-03-13 16:52:52,103 - INFO - Leyendo datos del archivo consolidado de horas soporte
2026-03-13 16:52:52,113 - INFO - Columnas mapeadas: {}
2026-03-13 16:52:52,115 - INFO - Columna 'HORAS_MERPES_ASIGNADAS' creada con valor por defecto: 0
2026-03-13 16:52:52,115 - INFO - Columna 'HORAS_MERPES_CONSUMIDAS' creada con valor por defecto: 0
2026-03-13 16:52:52,116 - INFO - Columna 'HORAS_ZOFTINIUM_ASIGNADAS' creada con valor por defecto: 0
2026-03-13 16:52:52,116 - INFO - Columna 'HORAS_ZOFTINIUM_CONSUMIDAS' creada con valor por defecto: 0
2026-03-13 16:52:52,117 - INFO - Columna 'PIEZAS_DISEÑO_ASIGNADAS' creada con valor por defecto: 0
2026-03-13 16:52:52,117 - INFO - Columna 'PIEZAS_DISEÑO_CONSUMIDAS' creada con valor por defecto: 0
2026-03-13 16:52:52,119 - INFO - Datos leídos exitosamente. Total Clientes: 44
2026-03-13 16:52:52,120 - ERROR - Error al cargar mapeo de correos: 'CORREOS'
2026-03-13 16:52:52,120 - INFO - Se generaron 0 reportes mensuales
2026-03-13 16:52:52,120 - INFO - No se encontraron Clientes con correos definidos para generar reportes
2026-03-13 16:54:07,271 - INFO - === INICIANDO MONITOREO DE CAMPAÑAS ===
2026-03-13 16:54:07,271 - INFO - Leyendo datos del archivo consolidado de horas soporte
2026-03-13 16:54:07,280 - INFO - Columnas mapeadas: {}
2026-03-13 16:54:07,281 - INFO - Columna 'HORAS_MERPES_ASIGNADAS' creada con valor por defecto: 0
2026-03-13 16:54:07,282 - INFO - Columna 'HORAS_MERPES_CONSUMIDAS' creada con valor por defecto: 0
2026-03-13 16:54:07,282 - INFO - Columna 'HORAS_ZOFTINIUM_ASIGNADAS' creada con valor por defecto: 0
2026-03-13 16:54:07,282 - INFO - Columna 'HORAS_ZOFTINIUM_CONSUMIDAS' creada con valor por defecto: 0
2026-03-13 16:54:07,283 - INFO - Columna 'PIEZAS_DISEÑO_ASIGNADAS' creada con valor por defecto: 0
2026-03-13 16:54:07,283 - INFO - Columna 'PIEZAS_DISEÑO_CONSUMIDAS' creada con valor por defecto: 0
2026-03-13 16:54:07,284 - INFO - Datos leídos exitosamente. Total Clientes: 44
2026-03-13 16:54:07,285 - ERROR - Error al cargar mapeo de correos: 'CORREOS'
2026-03-13 16:54:07,285 - INFO - Se generaron 0 reportes mensuales
2026-03-13 16:54:07,285 - INFO - No se encontraron Clientes con correos definidos para generar reportes
2026-03-13 16:54:45,661 - INFO - === INICIANDO MONITOREO DE CAMPAÑAS ===
2026-03-13 16:54:45,661 - INFO - Leyendo datos del archivo consolidado de horas soporte
2026-03-13 16:54:45,670 - INFO - Columnas mapeadas: {}
2026-03-13 16:54:45,671 - INFO - Columna 'HORAS_MERPES_ASIGNADAS' creada con valor por defecto: 0
2026-03-13 16:54:45,672 - INFO - Columna 'HORAS_MERPES_CONSUMIDAS' creada con valor por defecto: 0
2026-03-13 16:54:45,672 - INFO - Columna 'HORAS_ZOFTINIUM_ASIGNADAS' creada con valor por defecto: 0
2026-03-13 16:54:45,673 - INFO - Columna 'HORAS_ZOFTINIUM_CONSUMIDAS' creada con valor por defecto: 0
2026-03-13 16:54:45,673 - INFO - Columna 'PIEZAS_DISEÑO_ASIGNADAS' creada con valor por defecto: 0
2026-03-13 16:54:45,674 - INFO - Columna 'PIEZAS_DISEÑO_CONSUMIDAS' creada con valor por defecto: 0
2026-03-13 16:54:45,675 - INFO - Datos leídos exitosamente. Total Clientes: 44
2026-03-13 16:54:45,675 - ERROR - Error al cargar mapeo de correos: 'Correos'
2026-03-13 16:54:45,676 - INFO - Se generaron 0 reportes mensuales
2026-03-13 16:54:45,676 - INFO - No se encontraron Clientes con correos definidos para generar reportes
2026-03-13 16:55:16,839 - INFO - === INICIANDO MONITOREO DE CAMPAÑAS ===
2026-03-13 16:55:16,840 - INFO - Leyendo datos del archivo consolidado de horas soporte
2026-03-13 16:55:16,853 - INFO - Columnas mapeadas: {}
2026-03-13 16:55:16,855 - INFO - Columna 'HORAS_MERPES_ASIGNADAS' creada con valor por defecto: 0
2026-03-13 16:55:16,855 - INFO - Columna 'HORAS_MERPES_CONSUMIDAS' creada con valor por defecto: 0
2026-03-13 16:55:16,856 - INFO - Columna 'HORAS_ZOFTINIUM_ASIGNADAS' creada con valor por defecto: 0
2026-03-13 16:55:16,856 - INFO - Columna 'HORAS_ZOFTINIUM_CONSUMIDAS' creada con valor por defecto: 0
2026-03-13 16:55:16,857 - INFO - Columna 'PIEZAS_DISEÑO_ASIGNADAS' creada con valor por defecto: 0
2026-03-13 16:55:16,857 - INFO - Columna 'PIEZAS_DISEÑO_CONSUMIDAS' creada con valor por defecto: 0
2026-03-13 16:55:16,859 - INFO - Datos leídos exitosamente. Total Clientes: 44
2026-03-13 16:55:16,859 - ERROR - Error al cargar mapeo de correos: 'Correos'
2026-03-13 16:55:16,859 - INFO - Se generaron 0 reportes mensuales
2026-03-13 16:55:16,860 - INFO - No se encontraron Clientes con correos definidos para generar reportes
2026-03-15 20:28:28,617 - INFO - === INICIANDO MONITOREO DE CAMPAÃ‘AS ===
2026-03-15 20:28:28,617 - INFO - Leyendo datos del archivo consolidado de horas soporte
2026-03-15 20:28:28,637 - INFO - Columnas mapeadas: {}
2026-03-15 20:28:28,639 - INFO - Columna 'HORAS_MERPES_ASIGNADAS' creada con valor por defecto: 0
2026-03-15 20:28:28,639 - INFO - Columna 'HORAS_MERPES_CONSUMIDAS' creada con valor por defecto: 0
2026-03-15 20:28:28,639 - INFO - Columna 'HORAS_ZOFTINIUM_ASIGNADAS' creada con valor por defecto: 0
2026-03-15 20:28:28,640 - INFO - Columna 'HORAS_ZOFTINIUM_CONSUMIDAS' creada con valor por defecto: 0
2026-03-15 20:28:28,640 - INFO - Columna 'PIEZAS_DISEÃ‘O_ASIGNADAS' creada con valor por defecto: 0
2026-03-15 20:28:28,641 - INFO - Columna 'PIEZAS_DISEÃ‘O_CONSUMIDAS' creada con valor por defecto: 0
2026-03-15 20:28:28,643 - INFO - Datos leÃ­dos exitosamente. Total Clientes: 44
2026-03-15 20:28:28,643 - ERROR - Error al cargar mapeo de correos: 'Correos'
2026-03-15 20:28:28,643 - INFO - Se generaron 0 reportes mensuales
2026-03-15 20:28:28,643 - INFO - No se encontraron Clientes con correos definidos para generar reportes
2026-03-15 20:34:11,025 - INFO - Iniciando lectura de datos...
2026-03-15 20:34:11,051 - INFO - Procesados 43 clientes exitosamente.
2026-03-15 20:34:11,052 - INFO - Cargados 1 destinatarios.
2026-03-15 20:34:11,053 - INFO - Enviando reporte a Apex CO (11.0% consumo Merpes)
2026-03-15 20:39:29,773 - INFO - Iniciando lectura de datos...
2026-03-15 20:39:29,799 - INFO - Procesados 43 clientes exitosamente.
2026-03-15 20:39:29,801 - INFO - Cargados 2 destinatarios.
2026-03-15 20:39:29,802 - INFO - Enviando reporte a Apex CO (11.0% consumo Merpes)
2026-03-15 20:39:29,802 - INFO - Enviando reporte a Apex MX (23.3% consumo Merpes)
2026-03-15 20:44:06,351 - INFO - Intentando enviar email real a Apex CO...
2026-03-15 20:44:09,521 - INFO - âœ… Email enviado correctamente a Apex CO
2026-03-15 20:44:09,523 - INFO - Intentando enviar email real a Apex MX...
2026-03-15 20:44:12,707 - INFO - âœ… Email enviado correctamente a Apex MX
2026-03-16 10:46:23,234 - INFO - Enviando reporte a Coca Cola GU...
2026-03-16 10:47:30,021 - INFO - Enviando reporte a Coca Cola GU...
2026-03-16 10:47:32,419 - INFO - Enviando reporte a Coca Cola PA...
2026-03-16 10:51:20,912 - INFO - Enviando reporte a Coca Cola GU...
2026-03-16 10:53:22,968 - INFO - Enviando reporte a Coca Cola GU...
2026-03-16 10:53:25,308 - INFO - Enviando reporte a Diageo CO...
2026-03-16 10:57:41,070 - INFO - Enviando reporte a Coca Cola GU...
2026-03-16 10:57:43,822 - INFO - Enviando reporte a Diageo CO...
2026-03-16 10:58:48,578 - INFO - Enviando reporte a Coca Cola GU...
2026-03-16 11:01:00,683 - INFO - Enviando reporte a Coca Cola GU...
2026-03-16 11:01:03,686 - INFO - Enviando reporte a Coca Cola PA...
2026-03-16 11:08:04,058 - INFO - Enviando reporte a Coca Cola GU...
2026-03-16 11:08:04,090 - ERROR - Error generando HTML: name 'merpes_pct' is not defined
2026-03-16 11:08:04,090 - ERROR - Fallo envío a Coca Cola GU: 'NoneType' object has no attribute 'encode'
2026-03-16 11:09:17,121 - INFO - Enviando reporte a Coca Cola GU...
2026-03-16 11:10:35,747 - INFO - Enviando reporte a Coca Cola GU...
2026-03-16 11:11:16,036 - INFO - Enviando reporte a Coca Cola GU...
2026-03-16 11:11:19,793 - INFO - Enviando reporte a Coca Cola PA...
2026-03-16 11:11:21,855 - INFO - Enviando reporte a Diageo CA...
2026-03-16 11:18:21,757 - INFO - Enviando reporte a Coca Cola GU...
2026-03-16 11:19:45,942 - INFO - Enviando reporte a Coca Cola GU...
2026-03-16 11:22:17,759 - INFO - Enviando reporte a Coca Cola GU...
2026-03-16 11:22:36,360 - INFO - Enviando reporte a Coca Cola GU...
2026-03-16 11:22:59,023 - INFO - Enviando reporte a Coca Cola GU...
2026-03-16 11:24:17,367 - INFO - Enviando reporte a Coca Cola GU...
2026-03-16 11:25:42,447 - INFO - Enviando reporte a Coca Cola GU...
2026-03-16 11:27:32,005 - INFO - Enviando reporte a Coca Cola GU...
2026-03-16 11:33:57,282 - INFO - Enviando reporte a Coca Cola GU...
2026-03-16 11:35:37,385 - INFO - Enviando reporte a Coca Cola GU...
2026-03-16 11:36:12,913 - INFO - Enviando reporte a Coca Cola GU...
2026-03-16 11:39:52,266 - INFO - Enviando reporte a Coca Cola GU...
2026-03-16 11:40:38,843 - INFO - Enviando reporte a Coca Cola GU...
2026-03-16 11:40:41,647 - INFO - Enviando reporte a Diageo CA...
2026-03-16 11:47:53,467 - INFO - Enviando reporte a Coca Cola GU...
2026-03-16 11:49:56,364 - INFO - Enviando reporte a Coca Cola GU...
2026-03-16 11:50:56,107 - INFO - Enviando reporte a Coca Cola GU...
2026-03-16 11:51:16,963 - INFO - Enviando reporte a Coca Cola GU...
2026-03-16 11:51:37,716 - INFO - Enviando reporte a Coca Cola GU...
2026-03-16 11:52:35,679 - INFO - Enviando reporte a Coca Cola GU...
2026-03-16 11:54:21,476 - INFO - Enviando reporte a Coca Cola GU...
2026-03-16 11:57:01,708 - INFO - Enviando reporte a Coca Cola GU...
2026-03-16 11:57:52,980 - INFO - Enviando reporte a Coca Cola GU...
2026-03-16 11:58:26,460 - INFO - Enviando reporte a Coca Cola GU...
2026-03-16 11:59:59,781 - INFO - Enviando reporte a Coca Cola GU...
2026-03-16 12:01:01,133 - INFO - Enviando reporte a Coca Cola GU...
2026-03-16 12:05:04,279 - INFO - Enviando reporte a Coca Cola GU...
2026-03-16 12:05:37,972 - INFO - Enviando reporte a Coca Cola GU...
2026-03-16 12:06:27,813 - INFO - Enviando reporte a Coca Cola GU...
2026-03-16 12:08:27,465 - INFO - Enviando reporte a Coca Cola GU...
2026-03-16 12:13:44,608 - INFO - Enviando reporte a Coca Cola GU...
2026-03-16 12:15:31,486 - INFO - Enviando reporte a Coca Cola GU...
2026-03-16 12:16:02,902 - INFO - Enviando reporte a Coca Cola GU...
2026-03-16 12:16:27,181 - INFO - Enviando reporte a Coca Cola GU...
2026-03-16 12:18:24,640 - INFO - Enviando reporte a Coca Cola GU...
2026-03-16 12:25:25,166 - INFO - Enviando reporte a Coca Cola GU...
2026-03-16 12:28:42,332 - INFO - Enviando reporte a Coca Cola GU...
2026-03-16 12:29:17,471 - INFO - Enviando reporte a Coca Cola GU...
2026-03-16 12:29:20,186 - INFO - Enviando reporte a Diageo CA...
2026-03-16 12:50:23,935 - INFO - Enviando reporte a Coca Cola GU - Premia juntos +...
2026-03-16 12:50:25,862 - INFO - Enviando reporte a Diageo CA - Legado de visionarios...
2026-03-16 12:54:23,775 - INFO - Enviando reporte a Coca Cola GU - Premia juntos +...
2026-03-16 12:55:18,158 - INFO - Enviando reporte a Coca Cola GU - Premia juntos +...
2026-03-16 12:58:40,238 - INFO - Enviando reporte a Coca Cola GU - Premia juntos +...
2026-03-16 12:59:02,935 - INFO - Enviando reporte a Coca Cola GU - Premia juntos +...
2026-03-16 12:59:05,669 - INFO - Enviando reporte a Diageo CA - Legado de visionarios...
2026-03-16 13:01:41,473 - INFO - Enviando reporte a Apex CO - Fuerza Apex...
2026-03-16 13:01:44,089 - INFO - Enviando reporte a Apex MX - Ganadores Apex...
2026-03-16 13:01:46,817 - INFO - Enviando reporte a Beiersdorf CO - Socios Sin Limites...
2026-03-16 13:01:49,705 - INFO - Enviando reporte a Black & Decker CO - Industrias imparables...
2026-03-16 13:01:53,562 - INFO - Enviando reporte a Black & Decker CO - Yellow Force...
2026-03-16 13:01:56,092 - INFO - Enviando reporte a Coca Cola CO - Sin límites...
2026-03-16 13:02:02,205 - INFO - Enviando reporte a Coca Cola CR - Kof United...
2026-03-16 13:02:04,691 - INFO - Enviando reporte a Coca Cola GU - Juntos +...
2026-03-16 13:02:07,583 - INFO - Enviando reporte a Coca Cola GU - Premia juntos +...
2026-03-16 13:02:11,098 - INFO - Enviando reporte a Coca Cola PA - Plan Fren...
2026-03-16 13:02:16,301 - INFO - Enviando reporte a Diageo CA - Legado de visionarios...
2026-03-16 13:02:18,834 - INFO - Enviando reporte a Diageo CO - Legado de ganadores...
2026-03-16 13:02:21,586 - INFO - Enviando reporte a Diageo CR - Dream Team...
2026-03-16 13:02:23,955 - INFO - Enviando reporte a Diversey CO - Juntos más fuertes...
2026-03-16 13:02:26,643 - INFO - Enviando reporte a Dos Pinos CR - Liga de campeones...
2026-03-16 13:02:29,372 - INFO - Enviando reporte a Gases del oriente CO - Brilla en tu corazón...
2026-03-16 13:02:31,984 - INFO - Enviando reporte a Gloria CO - La liga que sabe a Gloria...
2026-03-16 13:02:34,906 - INFO - Enviando reporte a Grupo Diana CO - Creyentes Diana...
2026-03-16 13:02:38,005 - INFO - Enviando reporte a Impocali CO - Redes de fidelización...
2026-03-16 13:02:41,125 - INFO - Enviando reporte a Juan Valdez CO - Exhibe y gana...
2026-03-16 13:02:43,980 - INFO - Enviando reporte a Kimberly Clark CO - Titanes...
2026-03-16 13:02:46,821 - INFO - Enviando reporte a Kimberly Clark PE - Escuadrón farma...
2026-03-16 13:02:49,197 - INFO - Enviando reporte a Mabe CO - Titanes Mabe...
2026-03-16 13:02:52,377 - INFO - Enviando reporte a Mabe CO - Titanes Mabe HE...
2026-03-16 13:02:55,265 - INFO - Enviando reporte a Mabe EC - Titanes Mabe...
2026-03-16 13:02:57,933 - INFO - Enviando reporte a Mabe PE - Titanes Mabe...
2026-03-16 13:03:00,299 - INFO - Enviando reporte a Newell CO - La venta de oro...
2026-03-16 13:03:02,794 - INFO - Enviando reporte a Opella CO - Valientes de corazón...
2026-03-16 13:03:05,806 - INFO - Enviando reporte a Papeles Nacionales - Jugada Maestra...
2026-03-16 13:03:08,361 - INFO - Enviando reporte a Reckitt CO - Don Rebueno...
2026-03-16 13:03:11,131 - INFO - Enviando reporte a Softys CO - Heroes Élite...
2026-03-16 13:03:13,627 - INFO - Enviando reporte a Splenda CO - Copa mundial Splendida...
2026-03-16 13:03:17,130 - INFO - Enviando reporte a Super Ricas CO - Suma y gana...
2026-03-16 13:03:20,009 - INFO - Enviando reporte a Team Foods CO - La fuerza aliada...
2026-03-16 13:03:22,444 - INFO - Enviando reporte a Vanti CO - Full Servicio...
2026-03-16 13:03:24,962 - INFO - Enviando reporte a Vanti CO - Vanti amigos GNV...
2026-03-16 13:03:27,668 - INFO - Enviando reporte a Wavin Pavco CO - Wavin Pavco Recargados...
2026-03-16 13:03:30,876 - INFO - Enviando reporte a Bavaria CO - Invencibles...
2026-03-16 13:03:34,069 - INFO - Enviando reporte a Bavaria CO - Visionarios...
2026-03-16 13:03:36,407 - INFO - Enviando reporte a Casa Luker CO - Guerreros de la casa...
2026-03-16 13:03:38,682 - INFO - Enviando reporte a Terpel CO - Lubricantes...
2026-03-16 13:03:42,011 - INFO - Enviando reporte a Terpel CO - Vive Pits...
2026-03-16 13:06:35,048 - INFO - Enviando reporte a Mabe CO - Titanes Mabe HE...
2026-03-30 10:37:19,253 - INFO - Enviando reporte a Apex CO - Fuerza Apex...
2026-03-30 10:37:21,917 - INFO - Enviando reporte a Apex MX - Ganadores Apex...
2026-03-30 10:37:45,073 - INFO - Enviando reporte a Apex CO - Fuerza Apex...
2026-03-30 10:37:47,107 - INFO - Enviando reporte a Apex MX - Ganadores Apex...
2026-03-30 10:37:49,061 - INFO - Enviando reporte a Beiersdorf CO - Socios Sin Limites...
2026-03-30 10:37:51,023 - INFO - Enviando reporte a Black & Decker CO - Industrias imparables...
2026-03-30 10:37:52,997 - INFO - Enviando reporte a Black & Decker CO - Yellow Force...
2026-03-30 10:37:54,975 - INFO - Enviando reporte a Coca Cola CO - Sin límites...
2026-03-30 10:37:56,817 - INFO - Enviando reporte a Coca Cola CR - Kof United...
2026-03-30 10:37:58,712 - INFO - Enviando reporte a Coca Cola GU - Juntos +...
2026-03-30 10:38:00,630 - INFO - Enviando reporte a Coca Cola GU - Premia juntos +...
2026-03-30 10:38:02,706 - INFO - Enviando reporte a Coca Cola PA - Plan Fren...
2026-03-30 10:38:04,613 - INFO - Enviando reporte a Diageo CA - Legado de visionarios...
2026-03-30 10:38:06,284 - INFO - Enviando reporte a Diageo CO - Legado de ganadores...
2026-03-30 10:39:19,574 - INFO - Enviando reporte a Coca Cola PA - Plan Fren...
2026-03-30 10:39:21,395 - INFO - Enviando reporte a Diageo CO - Legado de ganadores...
2026-03-30 10:39:23,163 - INFO - Enviando reporte a Dos Pinos CR - Liga de campeones...
2026-03-30 10:50:53,149 - INFO - Enviando reporte a Apex MX - Ganadores Apex...
2026-03-30 10:50:55,309 - INFO - Enviando reporte a Beiersdorf CO - Socios Sin Limites...
2026-03-30 10:50:58,850 - INFO - Enviando reporte a Black & Decker CO - Industrias imparables...
2026-03-30 10:51:00,740 - INFO - Enviando reporte a Black & Decker CO - Yellow Force...
2026-03-30 10:51:02,751 - INFO - Enviando reporte a Coca Cola CO - Sin límites...
2026-03-30 10:51:04,658 - INFO - Enviando reporte a Coca Cola CR - Kof United...
2026-03-30 10:51:06,709 - INFO - Enviando reporte a Coca Cola GU - Juntos +...
2026-03-30 10:51:08,492 - INFO - Enviando reporte a Coca Cola GU - Premia juntos +...
2026-03-30 10:51:10,285 - INFO - Enviando reporte a Coca Cola PA - Plan Fren...
2026-03-30 10:51:12,178 - INFO - Enviando reporte a Diageo CA - Legado de visionarios...
2026-03-30 10:51:14,852 - INFO - Enviando reporte a Diageo CO - Legado de ganadores...
2026-03-30 10:51:16,597 - INFO - Enviando reporte a Diageo CR - Dream Team...
2026-03-30 10:51:18,589 - INFO - Enviando reporte a Diversey CO - Juntos más fuertes...
2026-03-30 10:51:20,715 - INFO - Enviando reporte a Dos Pinos CR - Liga de campeones...
2026-03-30 10:51:22,580 - INFO - Enviando reporte a Gases del oriente CO - Brilla en tu corazón...
2026-03-30 10:51:24,607 - INFO - Enviando reporte a Gloria CO - La liga que sabe a Gloria...
2026-03-30 10:51:27,360 - INFO - Enviando reporte a Grupo Diana CO - Creyentes Diana...
2026-03-30 10:51:29,221 - INFO - Enviando reporte a Impocali CO - Redes de fidelización...
2026-03-30 10:51:31,095 - INFO - Enviando reporte a Juan Valdez CO - Exhibe y gana...
2026-03-30 10:51:33,107 - INFO - Enviando reporte a Kimberly Clark CO - Titanes...
2026-03-30 10:51:35,045 - INFO - Enviando reporte a Kimberly Clark PE - Escuadrón farma...
2026-03-30 10:51:36,786 - INFO - Enviando reporte a Mabe CO - Titanes Mabe...
2026-03-30 10:51:38,721 - INFO - Enviando reporte a Mabe CO - Titanes Mabe HE...
2026-03-30 10:51:40,555 - INFO - Enviando reporte a Mabe EC - Titanes Mabe...
2026-03-30 10:51:42,311 - INFO - Enviando reporte a Mabe PE - Titanes Mabe...
2026-03-30 10:51:44,403 - INFO - Enviando reporte a Newell CO - La venta de oro...
2026-03-30 10:51:46,324 - INFO - Enviando reporte a Opella CO - Valientes de corazón...
2026-03-30 10:51:48,237 - INFO - Enviando reporte a Papeles Nacionales - Jugada Maestra...
2026-03-30 10:51:50,245 - INFO - Enviando reporte a Reckitt CO - Don Rebueno...
2026-03-30 10:51:52,009 - INFO - Enviando reporte a Softys CO - Heroes Élite...
2026-03-30 10:51:55,437 - INFO - Enviando reporte a Splenda CO - Copa mundial Splendida...
2026-03-30 10:51:57,526 - INFO - Enviando reporte a Super Ricas CO - Suma y gana...
2026-03-30 10:51:59,358 - INFO - Enviando reporte a Team Foods CO - La fuerza aliada...
2026-03-30 10:52:01,158 - INFO - Enviando reporte a Valvoline CO - Valvoline CO...
2026-03-30 10:52:03,209 - INFO - Enviando reporte a Vanti CO - Vanti amigos GNV...
2026-03-30 10:52:05,027 - INFO - Enviando reporte a Wavin Pavco CO - Wavin Pavco Recargados...
2026-03-30 10:52:06,923 - INFO - Enviando reporte a Bavaria CO - Invencibles...
2026-03-30 10:52:08,865 - INFO - Enviando reporte a Bavaria CO - Visionarios...
2026-03-30 10:52:10,668 - INFO - Enviando reporte a Casa Luker CO - Guerreros de la casa...
2026-03-30 10:52:12,449 - INFO - Enviando reporte a Terpel CO - Lubricantes...
2026-03-30 10:52:14,149 - INFO - Enviando reporte a Terpel CO - Vive Pits...
2026-03-30 10:52:15,952 - INFO - Enviando reporte a TOTAL - ...
2026-04-13 12:29:20,359 - INFO - Enviando reporte a Kimberly Clark PE - Escuadrón farma...
2026-04-13 12:29:22,537 - INFO - Enviando reporte a Mabe CO - Titanes Mabe...
2026-04-13 12:36:49,691 - INFO - Enviando reporte a Kimberly Clark PE - Escuadrón farma...
2026-04-13 12:36:51,626 - INFO - Enviando reporte a Mabe CO - Titanes Mabe...
2026-04-13 12:40:22,806 - INFO - Enviando reporte a Apex CO - Fuerza Apex...
2026-04-13 12:40:24,955 - INFO - Enviando reporte a Apex MX - Ganadores Apex...
2026-04-13 12:40:26,868 - INFO - Enviando reporte a Beiersdorf CO - Socios Sin Limites...
2026-04-13 12:40:28,685 - INFO - Enviando reporte a Black & Decker CO - Industrias imparables...
2026-04-13 12:40:30,673 - INFO - Enviando reporte a Black & Decker CO - Yellow Force...
2026-04-13 12:40:32,504 - INFO - Enviando reporte a Coca Cola CO - Sin límites...
2026-04-13 12:40:34,270 - INFO - Enviando reporte a Coca Cola CR - Kof United...
2026-04-13 12:40:36,074 - INFO - Enviando reporte a Coca Cola GU - Juntos +...
2026-04-13 12:40:37,921 - INFO - Enviando reporte a Coca Cola GU - Premia juntos +...
2026-04-13 12:40:40,621 - INFO - Enviando reporte a Coca Cola PA - Plan Fren...
2026-04-13 12:40:42,833 - INFO - Enviando reporte a Diageo CA - Legado de visionarios...
2026-04-13 12:40:44,804 - INFO - Enviando reporte a Diageo CO - Legado de ganadores...
2026-04-13 12:40:46,713 - INFO - Enviando reporte a Diageo CR - Dream Team...
2026-04-13 12:40:48,514 - INFO - Enviando reporte a Diversey CO - Juntos más fuertes...
2026-04-13 12:40:50,272 - INFO - Enviando reporte a Dos Pinos CR - Liga de campeones...
2026-04-13 12:40:52,237 - INFO - Enviando reporte a Gases del oriente CO - Brilla en tu corazón...
2026-04-13 12:40:54,062 - INFO - Enviando reporte a Gloria CO - La liga que sabe a Gloria...
2026-04-13 12:40:55,744 - INFO - Enviando reporte a Grupo Diana CO - Creyentes Diana...
2026-04-13 12:40:57,600 - INFO - Enviando reporte a Impocali CO - Redes de fidelización...
2026-04-13 12:40:59,293 - INFO - Enviando reporte a Juan Valdez CO - Exhibe y gana...
2026-04-13 12:41:01,116 - INFO - Enviando reporte a Kimberly Clark CO - Titanes...
2026-04-13 12:41:03,285 - INFO - Enviando reporte a Kimberly Clark PE - Escuadrón farma...
2026-04-13 12:41:05,196 - INFO - Enviando reporte a Mabe CO - Titanes Mabe...
2026-04-13 12:41:07,020 - INFO - Enviando reporte a Mabe CO - Titanes Mabe HE...
2026-04-13 12:41:09,275 - INFO - Enviando reporte a Mabe EC - Titanes Mabe...
2026-04-13 12:41:11,140 - INFO - Enviando reporte a Mabe PE - Titanes Mabe...
2026-04-13 12:41:13,372 - INFO - Enviando reporte a Newell CO - La venta de oro...
2026-04-13 12:41:15,337 - INFO - Enviando reporte a Opella CO - Valientes de corazón...
2026-04-13 12:41:17,227 - INFO - Enviando reporte a Papeles Nacionales - Jugada Maestra...
2026-04-13 12:41:18,961 - INFO - Enviando reporte a Reckitt CO - Don Rebueno...
2026-04-13 12:41:20,837 - INFO - Enviando reporte a Softys CO - Heroes Élite...
2026-04-13 12:41:22,700 - INFO - Enviando reporte a Splenda CO - Copa mundial Splendida...
2026-04-13 12:41:24,721 - INFO - Enviando reporte a Super Ricas CO - Suma y gana...
2026-04-13 12:41:26,652 - INFO - Enviando reporte a Team Foods CO - La fuerza aliada...
2026-04-13 12:41:28,350 - INFO - Enviando reporte a Valvoline CO - Valvoline CO...
2026-04-13 12:41:30,105 - INFO - Enviando reporte a Vanti CO - Full Servicio...
2026-04-13 12:41:31,837 - INFO - Enviando reporte a Vanti CO - Vanti amigos GNV...
2026-04-13 12:41:34,375 - INFO - Enviando reporte a Wavin Pavco CO - Wavin Pavco Recargados...
2026-04-13 12:41:36,134 - INFO - Enviando reporte a Bavaria CO - Invencibles...
2026-04-13 12:41:37,815 - INFO - Enviando reporte a Bavaria CO - Visionarios...
2026-04-13 12:41:39,439 - INFO - Enviando reporte a Casa Luker CO - Guerreros de la casa...
2026-04-21 14:49:06,136 - INFO - Enviando reporte a Apex CO - Fuerza Apex...
2026-04-21 14:49:10,994 - INFO - âœ… Email enviado correctamente a Apex CO (Fuerza Apex)
2026-04-21 14:49:10,996 - INFO - Enviando reporte a Apex MX - Ganadores Apex...
2026-04-21 14:49:14,169 - INFO - âœ… Email enviado correctamente a Apex MX (Ganadores Apex)
2026-04-21 14:49:14,171 - INFO - Enviando reporte a Beiersdorf CO - Socios Sin Limites...
2026-04-21 14:49:16,284 - INFO - âœ… Email enviado correctamente a Beiersdorf CO (Socios Sin Limites)
2026-04-21 14:57:53,667 - INFO - Enviando reporte a Apex CO - Fuerza Apex...
2026-04-21 14:57:55,948 - INFO - âœ… Email enviado correctamente a Apex CO (Fuerza Apex)
2026-04-21 14:58:35,055 - INFO - Enviando reporte a Apex CO - Fuerza Apex...
2026-04-21 14:58:37,528 - INFO - âœ… Email enviado correctamente a Apex CO (Fuerza Apex)
2026-04-21 14:59:18,516 - INFO - Enviando reporte a Apex CO - Fuerza Apex...
2026-04-21 14:59:21,180 - INFO - âœ… Email enviado correctamente a Apex CO (Fuerza Apex)
2026-04-21 14:59:21,182 - INFO - Enviando reporte a Apex MX - Ganadores Apex...
2026-04-21 14:59:24,462 - INFO - âœ… Email enviado correctamente a Apex MX (Ganadores Apex)
2026-04-21 14:59:24,464 - INFO - Enviando reporte a Beiersdorf CO - Socios Sin Limites...
2026-04-21 14:59:27,018 - INFO - âœ… Email enviado correctamente a Beiersdorf CO (Socios Sin Limites)
2026-04-21 14:59:27,021 - INFO - Enviando reporte a Black & Decker CO - Industrias imparables...
2026-04-21 14:59:29,267 - INFO - âœ… Email enviado correctamente a Black & Decker CO (Industrias imparables)
2026-04-21 14:59:29,269 - INFO - Enviando reporte a Black & Decker CO - Yellow Force...
2026-04-21 14:59:31,581 - INFO - âœ… Email enviado correctamente a Black & Decker CO (Yellow Force)
2026-04-21 14:59:31,582 - INFO - Enviando reporte a Coca Cola CO - Domina el juego...
2026-04-21 14:59:34,904 - INFO - âœ… Email enviado correctamente a Coca Cola CO (Domina el juego)
2026-04-21 14:59:34,906 - INFO - Enviando reporte a Coca Cola CR - Kof United...
2026-04-21 14:59:37,974 - INFO - âœ… Email enviado correctamente a Coca Cola CR (Kof United)
2026-04-21 14:59:37,976 - INFO - Enviando reporte a Coca Cola GU - Juntos +...
2026-04-21 14:59:41,022 - INFO - âœ… Email enviado correctamente a Coca Cola GU (Juntos +)
2026-04-21 14:59:41,024 - INFO - Enviando reporte a Coca Cola GU - Premia juntos +...
2026-04-21 14:59:45,296 - INFO - âœ… Email enviado correctamente a Coca Cola GU (Premia juntos +)
2026-04-21 14:59:45,298 - INFO - Enviando reporte a Coca Cola PA - Plan Fren...
2026-04-21 14:59:47,592 - INFO - âœ… Email enviado correctamente a Coca Cola PA (Plan Fren)
2026-04-21 14:59:47,592 - INFO - Enviando reporte a Diageo CA - Legado de visionarios...
2026-04-21 14:59:50,459 - INFO - âœ… Email enviado correctamente a Diageo CA (Legado de visionarios)
2026-04-21 14:59:50,461 - INFO - Enviando reporte a Diageo CO - Legado de ganadores...
2026-04-21 14:59:53,084 - INFO - âœ… Email enviado correctamente a Diageo CO (Legado de ganadores)
2026-04-21 14:59:53,087 - INFO - Enviando reporte a Diageo CR - Dream Team...
2026-04-21 14:59:55,241 - INFO - âœ… Email enviado correctamente a Diageo CR (Dream Team)
2026-04-21 14:59:55,243 - INFO - Enviando reporte a Diversey CO - Juntos mÃ¡s fuertes...
2026-04-21 14:59:57,470 - INFO - âœ… Email enviado correctamente a Diversey CO (Juntos mÃ¡s fuertes)
2026-04-21 14:59:57,471 - INFO - Enviando reporte a Dos Pinos CR - Liga de campeones...
2026-04-21 15:00:00,674 - INFO - âœ… Email enviado correctamente a Dos Pinos CR (Liga de campeones)
2026-04-21 15:00:00,676 - INFO - Enviando reporte a Gases del oriente CO - Brilla en tu corazÃ³n...
2026-04-21 15:00:03,089 - INFO - âœ… Email enviado correctamente a Gases del oriente CO (Brilla en tu corazÃ³n)
2026-04-21 15:00:03,090 - INFO - Enviando reporte a Gloria CO - La liga que sabe a Gloria...
2026-04-21 15:00:05,433 - INFO - âœ… Email enviado correctamente a Gloria CO (La liga que sabe a Gloria)
2026-04-21 15:00:05,436 - INFO - Enviando reporte a Grupo Diana CO - Creyentes Diana...
2026-04-21 15:00:09,598 - INFO - âœ… Email enviado correctamente a Grupo Diana CO (Creyentes Diana)
2026-04-21 15:00:09,600 - INFO - Enviando reporte a Impocali CO - Redes de fidelizaciÃ³n...
2026-04-21 15:00:13,200 - INFO - âœ… Email enviado correctamente a Impocali CO (Redes de fidelizaciÃ³n)
2026-04-21 15:00:13,201 - INFO - Enviando reporte a Juan Valdez CO - Exhibe y gana...
2026-04-21 15:00:16,923 - INFO - âœ… Email enviado correctamente a Juan Valdez CO (Exhibe y gana)
2026-04-21 15:00:16,925 - INFO - Enviando reporte a Kimberly Clark CO - Titanes...
2026-04-21 15:00:20,355 - INFO - âœ… Email enviado correctamente a Kimberly Clark CO (Titanes)
2026-04-21 15:00:20,356 - INFO - Enviando reporte a Kimberly Clark PE - EscuadrÃ³n farma...
2026-04-21 15:00:22,979 - INFO - âœ… Email enviado correctamente a Kimberly Clark PE (EscuadrÃ³n farma)
2026-04-21 15:00:22,981 - INFO - Enviando reporte a Mabe CO - Titanes Mabe...
2026-04-21 15:00:26,154 - INFO - âœ… Email enviado correctamente a Mabe CO (Titanes Mabe)
2026-04-21 15:00:26,156 - INFO - Enviando reporte a Mabe CO - Titanes Mabe HE...
2026-04-21 15:00:28,881 - INFO - âœ… Email enviado correctamente a Mabe CO (Titanes Mabe HE)
2026-04-21 15:00:28,883 - INFO - Enviando reporte a Mabe EC - Titanes Mabe...
2026-04-21 15:00:32,399 - INFO - âœ… Email enviado correctamente a Mabe EC (Titanes Mabe)
2026-04-21 15:00:32,400 - INFO - Enviando reporte a Mabe PE - Titanes Mabe...
2026-04-21 15:00:35,014 - INFO - âœ… Email enviado correctamente a Mabe PE (Titanes Mabe)
2026-04-21 15:00:35,017 - INFO - Enviando reporte a Newell CO - La venta de oro...
2026-04-21 15:00:37,497 - INFO - âœ… Email enviado correctamente a Newell CO (La venta de oro)
2026-04-21 15:00:37,497 - INFO - Enviando reporte a Opella CO - Valientes de corazÃ³n...
2026-04-21 15:00:40,095 - INFO - âœ… Email enviado correctamente a Opella CO (Valientes de corazÃ³n)
2026-04-21 15:00:40,096 - INFO - Enviando reporte a Papeles Nacionales - Jugada Maestra...
2026-04-21 15:00:42,822 - INFO - âœ… Email enviado correctamente a Papeles Nacionales (Jugada Maestra)
2026-04-21 15:00:42,824 - INFO - Enviando reporte a Reckitt CO - Don Rebueno...
2026-04-21 15:00:45,598 - INFO - âœ… Email enviado correctamente a Reckitt CO (Don Rebueno)
2026-04-21 15:00:45,599 - INFO - Enviando reporte a Softys CO - Heroes Ã‰lite...
2026-04-21 15:00:47,930 - INFO - âœ… Email enviado correctamente a Softys CO (Heroes Ã‰lite)
2026-04-21 15:00:47,931 - INFO - Enviando reporte a Splenda CO - Copa mundial Splendida...
2026-04-21 15:00:52,002 - INFO - âœ… Email enviado correctamente a Splenda CO (Copa mundial Splendida)
2026-04-21 15:00:52,005 - INFO - Enviando reporte a Super Ricas CO - Suma y gana...
2026-04-21 15:00:55,212 - INFO - âœ… Email enviado correctamente a Super Ricas CO (Suma y gana)
2026-04-21 15:00:55,213 - INFO - Enviando reporte a Team Foods CO - La fuerza aliada...
2026-04-21 15:01:00,746 - INFO - âœ… Email enviado correctamente a Team Foods CO (La fuerza aliada)
2026-04-21 15:01:00,749 - INFO - Enviando reporte a Valvoline CO - Valvoline CO...
2026-04-21 15:01:05,366 - INFO - âœ… Email enviado correctamente a Valvoline CO (Valvoline CO)
2026-04-21 15:01:05,367 - INFO - Enviando reporte a Vanti CO - Full Servicio...
2026-04-21 15:01:09,093 - INFO - âœ… Email enviado correctamente a Vanti CO (Full Servicio)
2026-04-21 15:01:09,096 - INFO - Enviando reporte a Vanti CO - Vanti amigos GNV...
2026-04-21 15:01:12,704 - INFO - âœ… Email enviado correctamente a Vanti CO (Vanti amigos GNV)
2026-04-21 15:01:12,706 - INFO - Enviando reporte a Wavin Pavco CO - Wavin Pavco Recargados...
2026-04-21 15:01:15,166 - INFO - âœ… Email enviado correctamente a Wavin Pavco CO (Wavin Pavco Recargados)
2026-04-21 15:01:15,168 - INFO - Enviando reporte a Bavaria CO - Invencibles...
2026-04-21 15:01:17,475 - INFO - âœ… Email enviado correctamente a Bavaria CO (Invencibles)
2026-04-21 15:01:17,475 - INFO - Enviando reporte a Bavaria CO - Visionarios...
2026-04-21 15:01:19,861 - INFO - âœ… Email enviado correctamente a Bavaria CO (Visionarios)
2026-04-21 15:01:19,863 - INFO - Enviando reporte a Casa Luker CO - Guerreros de la casa...
2026-04-21 15:01:23,453 - INFO - âœ… Email enviado correctamente a Casa Luker CO (Guerreros de la casa)
